# 3ds Max Wavefront OBJ Exporter v0.99 - (c)2007 guruware
# File Created: 24.10.2024 14:43:23

mtllib dragon_alaiz.mtl

#
# object Object002
#

v  -0.6654 -1.2662 0.1085
v  -0.6829 -1.4591 0.2673
v  -0.7346 -1.3952 0.3334
v  -0.7044 -1.1981 0.1843
v  -0.7541 -1.5856 0.4762
v  -0.6940 -1.6489 0.4081
v  -0.8069 -1.5313 0.5292
v  -0.7808 -1.3399 0.3839
v  -0.7542 -1.1492 0.2295
v  -0.8286 -1.8577 0.7583
v  -0.8211 -1.7095 0.6571
v  -0.7593 -1.7611 0.5895
v  -0.7581 -1.9071 0.6734
v  -0.6942 -1.8179 0.5055
v  -0.6881 -1.9573 0.5724
v  -0.3649 -1.7036 0.3494
v  -0.3544 -1.8625 0.4401
v  -0.5807 -1.8724 0.4294
v  -0.5875 -1.7200 0.3301
v  -0.3592 -2.0044 0.4487
v  -0.5704 -1.9984 0.4912
v  -0.3646 -1.5131 0.2206
v  -0.5717 -1.5247 0.2102
v  -0.5485 -1.3180 0.0720
v  -0.3511 -1.2936 0.1083
v  0.5931 -1.5755 0.0023
v  0.4553 -1.5891 0.0820
v  0.4173 -1.4058 -0.0232
v  0.5394 -1.4083 -0.1049
v  0.2246 -1.4209 0.0714
v  0.2468 -1.6187 0.1782
v  0.2036 -1.2144 -0.0425
v  0.3793 -1.2077 -0.1413
v  0.4896 -1.2154 -0.2228
v  -0.0684 -1.2404 0.0749
v  -0.0634 -1.4494 0.1976
v  -0.0509 -1.6488 0.3231
v  -0.0467 -0.3619 -0.4550
v  -0.2312 -0.4212 -0.4603
v  -0.2205 -0.3993 -0.5324
v  -0.0580 -0.3705 -0.5339
v  0.1018 -0.3436 -0.5711
v  0.1491 -0.4289 -0.4968
v  -0.0426 -0.4502 -0.4170
v  0.1352 -0.3563 -0.5207
v  -0.2572 -0.4366 -0.3501
v  0.8320 -0.2601 -1.0170
v  0.8538 -0.2987 -0.9681
v  0.7794 -0.2964 -0.9369
v  0.7546 -0.2407 -0.9877
v  0.8040 -0.3778 -0.9008
v  0.8748 -0.3695 -0.9349
v  0.7351 -0.3858 -0.8649
v  0.7071 -0.2962 -0.9020
v  0.6819 -0.2129 -0.9496
v  0.2960 -0.3277 -0.6953
v  0.3471 -0.3317 -0.6371
v  0.2619 -0.3399 -0.5792
v  0.2135 -0.3357 -0.6266
v  0.2834 -0.4124 -0.5603
v  0.3717 -0.4070 -0.6190
v  0.1637 -0.3471 -0.6600
v  0.2230 -0.3450 -0.7109
v  0.0663 -0.3513 -0.6129
v  0.2521 -0.3405 -0.7540
v  0.2945 -0.3350 -0.7669
v  -0.3843 -0.5248 -0.6716
v  -0.3139 -0.4834 -0.5942
v  -0.3614 -0.4924 -0.5336
v  -0.4609 -0.5287 -0.6293
v  -0.4225 -0.4978 -0.4467
v  -0.5688 -0.5487 -0.5593
v  -0.3554 -0.5044 -0.6991
v  -0.3023 -0.4627 -0.6324
v  -0.2190 -0.4025 -0.5827
v  -0.0751 -0.3779 -0.5832
v  -0.1257 -0.8196 0.4869
v  -0.2289 -0.7713 0.5971
v  -0.2088 -0.9798 0.7014
v  -0.0977 -1.0255 0.5958
v  -0.3245 -0.9183 0.7933
v  -0.3598 -0.7318 0.6657
v  -0.2915 -1.1090 0.9114
v  -0.1926 -1.1877 0.8017
v  -0.0662 -1.2279 0.7024
v  0.3277 -1.5596 0.7092
v  0.2851 -1.4297 0.6182
v  0.1308 -1.4260 0.7010
v  0.1738 -1.5526 0.7942
v  0.0895 -1.2475 0.6041
v  0.2421 -1.2483 0.5228
v  -0.0329 -1.4087 0.7955
v  -0.0012 -1.5467 0.8789
v  -0.2266 -1.3888 1.1222
v  -0.1321 -1.4927 0.9947
v  -0.1746 -1.3722 0.8947
v  -0.2627 -1.2796 1.0156
v  -0.6379 -1.1016 0.8477
v  -0.4670 -1.0776 0.9191
v  -0.5024 -0.8983 0.7864
v  -0.6597 -0.9399 0.6945
v  -0.5368 -0.7287 0.6495
v  -0.6774 -0.7943 0.5420
v  -1.1331 -2.7245 1.7598
v  -1.0482 -2.7759 1.7242
v  -1.1142 -2.9020 1.9531
v  -1.1846 -2.8548 1.9702
v  -1.0319 -2.9376 1.9442
v  -0.9522 -2.8150 1.7027
v  -1.1249 -3.0918 2.1568
v  -1.2012 -3.0517 2.1622
v  -1.2546 -2.9971 2.1728
v  -0.3552 -2.0949 0.4706
v  -0.5586 -2.0892 0.5345
v  -0.5402 -2.1592 0.5779
v  -0.3425 -2.1556 0.5066
v  -0.6675 -2.1378 0.6630
v  -0.6783 -2.0565 0.6223
v  -0.3061 -2.2353 0.6222
v  -0.4955 -2.2717 0.6889
v  -0.5180 -2.2249 0.6262
v  -0.3245 -2.2054 0.5548
v  -0.6368 -2.2790 0.7592
v  -0.6525 -2.2171 0.7078
v  -0.7597 -2.0906 0.7683
v  -0.7572 -2.0090 0.7290
v  -0.8350 -1.9593 0.8226
v  -0.8398 -2.0367 0.8695
v  -0.7633 -2.1741 0.8067
v  -0.8473 -2.1138 0.9148
v  -0.7670 -2.2449 0.8505
v  -0.8598 -2.1833 0.9657
v  -0.0374 -1.8369 0.3854
v  0.2778 -1.8025 0.2678
v  0.2693 -1.9799 0.2356
v  -0.0516 -2.0056 0.3454
v  -0.0589 -2.1105 0.3491
v  0.2532 -2.1003 0.2271
v  0.2514 -2.1740 0.2747
v  -0.0525 -2.1704 0.3947
v  -0.0390 -2.1964 0.4586
v  0.2609 -2.2033 0.3493
v  0.2730 -2.2042 0.4262
v  -0.0263 -2.2036 0.5298
v  0.4979 -1.7525 0.1634
v  0.6479 -1.7143 0.0759
v  0.6677 -1.8612 0.0732
v  0.5082 -1.9164 0.1557
v  2.3261 -1.6559 -0.3192
v  2.3901 -1.7104 -0.2752
v  2.3346 -1.8033 -0.3843
v  2.2708 -1.7496 -0.4117
v  2.3609 -1.8522 -0.3493
v  2.4173 -1.7600 -0.2415
v  2.2279 -1.9210 -0.3782
v  2.2042 -1.8758 -0.4072
v  2.1921 -1.8153 -0.4209
v  2.3407 -1.9360 -0.2559
v  2.2740 -1.9703 -0.2961
v  2.2525 -1.9524 -0.3402
v  2.3729 -1.8954 -0.3093
v  2.4190 -1.8142 -0.2079
v  2.3811 -1.8789 -0.1730
v  2.1642 -1.5930 -0.2486
v  2.1827 -1.6336 -0.3307
v  2.0255 -1.6004 -0.3359
v  2.1130 -1.5801 -0.1752
v  2.0319 -1.5424 -0.2914
v  1.9986 -1.5242 -0.2239
v  2.2140 -1.6007 -0.1310
v  2.2963 -1.6034 -0.2161
v  -0.2031 -1.4459 1.1898
v  -0.1034 -1.5590 1.0673
v  -0.1949 -1.4917 1.2413
v  -0.0811 -1.5894 1.1267
v  0.0528 -1.6416 1.0199
v  0.0157 -1.6304 0.9458
v  1.3695 -1.5616 -0.4258
v  1.4532 -1.7158 -0.3076
v  1.3267 -1.7284 -0.2502
v  1.2601 -1.5704 -0.3723
v  1.3615 -1.9062 -0.2185
v  1.5167 -1.8792 -0.2641
v  1.2076 -1.7370 -0.1926
v  1.2287 -1.9157 -0.1555
v  1.1523 -1.5759 -0.3160
v  1.5541 -1.9933 -0.2535
v  1.3892 -2.0269 -0.2051
v  1.4227 -2.0964 -0.1604
v  1.5887 -2.0622 -0.2200
v  1.2779 -2.1191 -0.1084
v  1.2481 -2.0467 -0.1563
v  1.2224 -1.7005 0.5454
v  1.1666 -1.6557 0.4736
v  1.0088 -1.6373 0.5883
v  1.0623 -1.6806 0.6800
v  0.9512 -1.6398 0.4960
v  1.0996 -1.6555 0.3902
v  0.8364 -1.6285 0.5908
v  0.8774 -1.6353 0.6873
v  0.9131 -1.6909 0.7784
v  1.2254 -1.8632 0.5447
v  1.2364 -1.7837 0.5625
v  1.0829 -1.7879 0.7154
v  1.0627 -1.8892 0.6836
v  0.9335 -1.8003 0.8227
v  0.9212 -1.9119 0.7975
v  0.8944 -1.9898 0.7453
v  0.8615 -2.0560 0.6866
v  0.9960 -2.0264 0.5726
v  1.0349 -1.9627 0.6347
v  1.1649 -1.9964 0.4454
v  1.1989 -1.9292 0.5017
v  -0.2014 -1.5561 1.2979
v  -0.0768 -1.6363 1.1788
v  -0.0854 -1.6953 1.2198
v  -0.2172 -1.6312 1.3454
v  0.0744 -1.7305 1.1159
v  0.0719 -1.6770 1.0779
v  0.0535 -1.8546 1.1351
v  0.0660 -1.7905 1.1352
v  -0.0993 -1.7581 1.2488
v  -0.1082 -1.8301 1.2631
v  -0.2344 -1.7135 1.3845
v  -0.2407 -1.8011 1.4142
v  -1.0189 -2.4752 1.3653
v  -0.9171 -2.5297 1.2923
v  -0.9936 -2.6626 1.4882
v  -1.0866 -2.5997 1.5459
v  -0.8786 -2.7002 1.4552
v  -0.7897 -2.5541 1.2471
v  -0.6669 -2.5541 1.2230
v  -0.7691 -2.7148 1.4413
v  -0.5832 -2.7428 1.3943
v  -0.4806 -2.5674 1.1690
v  -0.6796 -2.9114 1.6372
v  -0.8570 -2.8469 1.6939
v  -0.1587 -2.6109 1.0506
v  -0.2364 -2.8150 1.2688
v  0.1249 -2.9487 1.0621
v  0.1741 -2.7083 0.8619
v  0.0658 -3.1924 1.2780
v  -0.3187 -3.0220 1.4975
v  0.4769 -2.7789 0.7324
v  0.4491 -3.0538 0.9036
v  0.7057 -3.1281 0.7947
v  0.7084 -2.8381 0.6290
v  0.6813 -3.4247 0.9755
v  0.4079 -3.3304 1.0980
v  2.6331 -3.4143 0.2564
v  2.8164 -3.8237 0.4172
v  2.8270 -3.8277 0.3455
v  2.5461 -2.9762 0.0978
v  2.5032 -2.9739 0.1541
v  2.5843 -3.4241 0.2844
v  2.4500 -2.9696 0.1857
v  2.7853 -3.8272 0.4734
v  1.3901 -2.7854 0.6610
v  1.1513 -2.7693 0.7954
v  1.2399 -3.0589 0.9204
v  1.4992 -3.1209 0.7566
v  0.9919 -3.0302 1.0332
v  0.9361 -2.7661 0.8987
v  1.0317 -3.3110 1.1798
v  1.3061 -3.3609 1.0655
v  1.5990 -3.4493 0.9088
v  -0.3286 -2.3764 1.6575
v  -0.3620 -2.5370 1.7975
v  -0.1659 -2.6378 1.6646
v  -0.1538 -2.4579 1.5156
v  -0.1952 -2.8123 1.8416
v  -0.4117 -2.6957 1.9704
v  0.0339 -2.9060 1.7252
v  0.0473 -2.7100 1.5564
v  0.0367 -2.5166 1.4007
v  1.4668 -3.6333 0.6814
v  1.4333 -3.2882 0.4919
v  1.6572 -3.3316 0.4015
v  1.7203 -3.6888 0.5948
v  1.6233 -2.9288 0.3111
v  1.4093 -2.9177 0.3603
v  1.8553 -2.9568 0.2135
v  1.9125 -3.3824 0.2925
v  2.0000 -3.7690 0.4699
v  -0.7254 -2.1469 1.9813
v  -0.7628 -2.2357 2.1182
v  -0.5088 -2.3447 2.0219
v  -0.4632 -2.2160 1.8928
v  -0.5709 -2.4853 2.1826
v  -0.8106 -2.3472 2.2869
v  2.2953 -1.8270 -0.0250
v  2.2480 -1.9170 -0.0126
v  2.2865 -1.9356 -0.0767
v  2.3566 -1.8438 -0.0966
v  2.2392 -2.0352 -0.0457
v  2.2096 -2.0090 0.0083
v  2.2956 -1.9596 -0.1333
v  2.2494 -2.0602 -0.0936
v  1.6263 -2.1107 -0.1668
v  1.4563 -2.1382 -0.0993
v  1.4840 -2.1542 -0.0358
v  1.6613 -2.1246 -0.0983
v  1.3079 -2.1517 -0.0393
v  1.3329 -2.1595 0.0302
v  -0.2381 -1.9898 1.3908
v  -0.1104 -1.9968 1.2297
v  -0.1147 -1.9153 1.2423
v  -0.2300 -1.9038 1.4202
v  0.0358 -1.9195 1.1045
v  0.0412 -1.9895 1.1050
v  -0.2660 -2.0978 1.4348
v  -0.2966 -2.2218 1.5281
v  -0.1435 -2.2801 1.3745
v  -0.1225 -2.1291 1.2808
v  0.0234 -2.3202 1.2501
v  0.0262 -2.1483 1.1492
v  -0.6575 -2.3505 0.8900
v  -0.7997 -2.3342 0.9858
v  -0.7773 -2.2900 0.9016
v  -0.6350 -2.3124 0.8073
v  -0.8799 -2.2374 1.0286
v  -0.9109 -2.2941 1.1119
v  -0.8472 -2.4150 1.1227
v  -0.7101 -2.4277 1.0526
v  -0.9562 -2.3720 1.2241
v  -0.3131 -2.2958 0.8233
v  -0.5094 -2.3369 0.8545
v  -0.4876 -2.2997 0.7544
v  -0.2967 -2.2535 0.7040
v  -0.5737 -2.4181 1.0240
v  -0.3818 -2.4117 0.9785
v  -0.0169 -2.2100 0.6069
v  0.2795 -2.2213 0.4850
v  0.2652 -2.3058 0.5546
v  -0.0271 -2.2752 0.7140
v  -0.0838 -2.4259 0.8588
v  0.2233 -2.4828 0.6820
v  0.7330 -2.3728 0.3898
v  0.5297 -2.3343 0.4650
v  0.5328 -2.2566 0.3963
v  0.7245 -2.3110 0.3147
v  0.5222 -2.2319 0.3391
v  0.7074 -2.2938 0.2550
v  0.5035 -2.5284 0.5737
v  0.7160 -2.5767 0.4801
v  2.2497 -2.2416 0.0526
v  2.2881 -2.2603 0.0056
v  2.2432 -2.1144 -0.0237
v  2.2080 -2.0893 0.0237
v  2.2583 -2.1322 -0.0741
v  2.3047 -2.2693 -0.0469
v  2.3897 -2.5647 0.0729
v  2.3431 -2.5513 0.1179
v  2.3990 -2.5777 0.0144
v  0.8458 -2.1520 0.6620
v  0.9934 -2.1231 0.5671
v  1.0161 -2.2657 0.6019
v  0.8667 -2.2899 0.7103
v  1.2018 -2.2337 0.4856
v  1.1690 -2.0908 0.4506
v  1.2823 -2.4779 0.5622
v  1.0693 -2.4955 0.6776
v  0.8880 -2.5118 0.7769
v  -0.1062 -2.0504 1.2444
v  -0.2495 -2.0370 1.3912
v  0.0383 -2.0498 1.1144
v  -0.4230 -2.0929 1.7741
v  -0.3907 -1.9909 1.6801
v  -0.6483 -1.9563 1.7759
v  -0.6853 -2.0463 1.8692
v  -2.3932 -3.2896 3.5890
v  -2.4177 -3.2590 3.5656
v  -2.3817 -3.2443 3.5926
v  -2.3644 -3.2872 3.6152
v  -2.4153 -3.2041 3.5917
v  -2.4383 -3.2231 3.5691
v  -2.3756 -3.1919 3.6420
v  -2.3455 -3.2385 3.6422
v  -2.3241 -3.2858 3.6648
v  -2.5080 -3.2671 3.7030
v  -2.4907 -3.2477 3.7444
v  -2.5125 -3.2043 3.7102
v  -2.5298 -3.2491 3.6607
v  -2.4606 -3.1756 3.7787
v  -2.4449 -3.2235 3.8181
v  -2.4504 -3.1443 3.7234
v  -2.5050 -3.1681 3.6587
v  -2.5250 -3.2247 3.6094
v  -2.4634 -3.3348 3.7148
v  -2.4335 -3.3300 3.7628
v  -2.4652 -3.2904 3.7646
v  -2.4949 -3.3055 3.7041
v  -2.4180 -3.2732 3.8380
v  -2.3845 -3.3218 3.8346
v  -2.3088 -3.3318 3.6993
v  -2.3566 -3.3313 3.6411
v  -2.3705 -3.3637 3.6816
v  -2.3140 -3.3714 3.7461
v  -2.4281 -3.3462 3.6296
v  -2.4059 -3.3190 3.5962
v  -2.2955 -3.2420 3.7068
v  -2.2763 -3.2886 3.7315
v  -2.3231 -3.1938 3.7120
v  -2.2556 -3.1978 3.7676
v  -2.2341 -3.2514 3.7627
v  -2.2083 -3.3022 3.7733
v  -2.3502 -3.1468 3.7421
v  -2.4133 -3.1450 3.6677
v  -2.2758 -3.1505 3.8022
v  -2.3783 -3.1161 3.7966
v  -2.2881 -3.1095 3.8550
v  -2.3797 -3.1957 3.9136
v  -2.3908 -3.1417 3.8641
v  -2.2934 -3.1159 3.9319
v  -2.2805 -3.1729 3.9870
v  -2.3149 -3.3126 3.9161
v  -2.3490 -3.2564 3.9276
v  -2.2549 -3.2421 4.0001
v  -2.2269 -3.3047 3.9815
v  -2.3474 -3.3609 3.8007
v  -2.2807 -3.3563 3.8765
v  -2.2530 -3.3697 3.8176
v  -2.1879 -3.3739 3.8747
v  -2.2019 -3.3490 3.9347
v  -2.1886 -3.3592 3.8073
v  -2.2552 -3.3312 3.7675
v  -2.1662 -3.2671 3.7693
v  -2.1477 -3.3299 3.7779
v  -2.1835 -3.2079 3.7808
v  -2.1162 -3.2237 3.7742
v  -2.1060 -3.2875 3.7642
v  -2.0906 -3.3471 3.7835
v  -2.1934 -3.1555 3.8166
v  -2.1939 -3.1205 3.8732
v  -2.1105 -3.1408 3.8707
v  -2.1172 -3.1662 3.8092
v  -2.1674 -3.1723 4.0016
v  -2.1837 -3.1240 3.9451
v  -2.0941 -3.1499 3.9348
v  -2.0747 -3.1912 3.9852
v  -2.1301 -3.3034 3.9973
v  -2.1480 -3.2412 4.0162
v  -2.0568 -3.2513 4.0156
v  -2.0459 -3.3167 4.0000
v  -2.1197 -3.3767 3.8958
v  -2.1200 -3.3514 3.9546
v  -2.0541 -3.3891 3.8962
v  -2.0454 -3.3649 3.9562
v  -2.0732 -3.3885 3.8321
v  -2.1321 -3.3748 3.8290
v  -2.0166 -2.7885 3.7743
v  -2.0964 -2.7426 3.7879
v  -2.0590 -2.6876 3.8021
v  -1.9756 -2.7356 3.7894
v  -2.1690 -2.7037 3.8060
v  -2.1291 -2.6410 3.8218
v  -2.0823 -2.6305 3.8616
v  -2.0264 -2.6525 3.8504
v  -1.9398 -2.6965 3.8352
v  -1.9893 -2.9076 3.7334
v  -1.9228 -2.9577 3.7188
v  -1.9492 -3.0100 3.7772
v  -2.0678 -2.8513 3.7507
v  -2.0053 -2.9494 3.8061
v  -2.0839 -2.8924 3.8217
v  -1.9326 -2.8477 3.7625
v  -1.8592 -2.9076 3.7423
v  -1.9163 -3.0101 3.9216
v  -1.9885 -2.9587 3.9398
v  -2.0129 -2.9741 3.8708
v  -1.9489 -3.0300 3.8510
v  -2.0745 -2.9104 3.9557
v  -2.0911 -2.9167 3.8859
v  -1.8808 -2.9839 3.9765
v  -1.9521 -2.9215 3.9843
v  -1.9124 -2.8752 4.0057
v  -1.8354 -2.9420 4.0064
v  -1.9947 -2.8221 4.0257
v  -2.0393 -2.8774 4.0103
v  -1.7843 -2.8862 3.9998
v  -1.8724 -2.8223 3.9974
v  -1.8415 -2.7743 3.9587
v  -1.7487 -2.8381 3.9505
v  -1.9272 -2.7133 3.9739
v  -1.9526 -2.7616 4.0238
v  -1.8306 -2.7461 3.8921
v  -1.7376 -2.8112 3.8774
v  -1.7800 -2.8444 3.8168
v  -1.9229 -2.6898 3.9053
v  -1.8534 -2.7609 3.8233
v  -1.8926 -2.8025 3.7859
v  -1.8187 -2.8781 3.7809
v  -2.0588 -3.1764 3.7997
v  -2.0593 -3.2406 3.7685
v  -2.0499 -3.1508 3.8644
v  -2.0080 -3.1845 3.7972
v  -1.9987 -3.1562 3.8626
v  -2.0066 -3.2508 3.7649
v  -2.0320 -3.1618 3.9303
v  -1.9786 -3.1640 3.9323
v  -2.0105 -3.2002 3.9861
v  -1.9555 -3.2096 3.9867
v  -1.9832 -3.3344 4.0010
v  -1.9925 -3.2644 4.0197
v  -1.9366 -3.2768 4.0225
v  -1.9273 -3.3507 3.9975
v  -1.9968 -3.4062 3.8907
v  -1.9849 -3.3811 3.9519
v  -1.9286 -3.3997 3.9425
v  -1.9407 -3.4273 3.8763
v  -2.0175 -3.4051 3.8255
v  -2.0344 -3.3643 3.7781
v  -1.9830 -3.3790 3.7523
v  -1.9633 -3.4241 3.8040
v  -1.9967 -3.3155 3.7457
v  -2.0503 -3.3065 3.7588
v  -1.9464 -3.1574 3.8732
v  -1.9612 -3.1812 3.8025
v  -1.9162 -3.1712 3.8097
v  -1.8967 -3.1569 3.8842
v  -1.9123 -3.2146 3.7395
v  -1.9521 -3.2473 3.7597
v  -1.9191 -3.0441 3.7458
v  -1.9177 -3.0702 3.8290
v  -1.9046 -3.0963 3.8128
v  -1.9050 -3.0782 3.7017
v  -1.8509 -3.0976 3.8913
v  -1.8727 -3.0583 3.9060
v  -1.8301 -3.2122 3.9830
v  -1.7792 -3.1795 3.9805
v  -1.8253 -3.1411 3.9494
v  -1.8669 -3.1649 3.9483
v  -1.8092 -3.0989 3.9521
v  -1.7359 -3.1098 3.9820
v  -1.8533 -3.1391 3.8822
v  -1.8927 -3.2166 3.9887
v  -1.9208 -3.1693 3.9403
v  -1.8327 -3.0465 3.9668
v  -1.7770 -3.0154 3.9967
v  -1.8656 -3.3642 3.9961
v  -1.8735 -3.2850 4.0231
v  -1.8079 -3.2813 4.0135
v  -1.7988 -3.3692 3.9917
v  -1.8820 -3.4566 3.8521
v  -1.8674 -3.4199 3.9284
v  -1.8032 -3.4406 3.9169
v  -1.8265 -3.4946 3.8312
v  -1.9223 -3.1478 3.7160
v  -1.8933 -3.1341 3.8070
v  -1.5994 -3.0145 3.9254
v  -1.6690 -2.9153 3.9395
v  -1.7158 -2.9656 3.9845
v  -1.6584 -3.0622 3.9618
v  -1.4848 -3.0915 3.8542
v  -1.3937 -3.2125 3.8440
v  -1.3762 -3.1772 3.7662
v  -1.4848 -3.0760 3.7792
v  -1.6209 -2.9859 3.7668
v  -1.5671 -2.9664 3.8562
v  -1.5298 -3.1379 3.9090
v  -1.4571 -3.2619 3.8988
v  -1.6486 -2.8735 3.8627
v  -1.7139 -2.9202 3.7996
v  -1.7049 -2.9827 3.7078
v  -1.7586 -2.9405 3.7503
v  -1.8107 -2.9586 3.7103
v  -1.7705 -2.9929 3.6487
v  -1.8787 -2.9941 3.6998
v  -1.8572 -3.0168 3.6543
v  -1.7642 -3.0058 3.5788
v  -1.8344 -3.0355 3.5931
v  -1.8089 -3.0478 3.5206
v  -1.7437 -3.0108 3.5139
v  -1.8667 -3.1183 3.5300
v  -1.8852 -3.1019 3.6121
v  -1.7780 -3.0539 3.4426
v  -1.7402 -3.0545 3.3669
v  -1.7254 -3.0038 3.4397
v  -1.6907 -3.0077 3.3704
v  -1.7907 -3.1171 3.3587
v  -1.8355 -3.1213 3.4429
v  -1.5885 -2.9650 3.3626
v  -1.6193 -2.9693 3.4233
v  -1.6186 -2.9264 3.4197
v  -1.6038 -2.9081 3.3735
v  -1.6501 -2.9621 3.4735
v  -1.6484 -2.9094 3.4563
v  -1.6325 -2.8396 3.4201
v  -1.6612 -2.9952 3.4327
v  -1.6879 -2.9926 3.4948
v  -1.6251 -3.0003 3.3675
v  -1.5356 -2.8128 3.2079
v  -1.5037 -2.7543 3.2334
v  -1.4489 -2.7405 3.1196
v  -1.4834 -2.7895 3.0864
v  -1.3962 -2.7238 3.1732
v  -1.4498 -2.7265 3.2687
v  -1.3155 -2.7299 3.0629
v  -1.3691 -2.7243 2.9889
v  -1.4271 -2.7556 2.9435
v  -1.4949 -2.7072 3.3538
v  -1.5554 -2.7511 3.3315
v  -1.6003 -2.7301 3.4181
v  -1.5235 -2.6770 3.4357
v  -1.5851 -2.8245 3.3148
v  -1.4542 -2.6679 3.4612
v  -1.4294 -2.7077 3.3919
v  -1.3747 -2.7419 3.4464
v  -1.3961 -2.6937 3.5016
v  -1.3404 -2.7751 3.3881
v  -1.3904 -2.7312 3.3194
v  -1.5257 -3.0063 3.6632
v  -1.5744 -3.0258 3.6975
v  -1.4660 -3.0655 3.7165
v  -1.4360 -3.0420 3.6730
v  -1.3669 -3.1489 3.6967
v  -1.3537 -3.1088 3.6416
v  -1.6500 -3.0076 3.6643
v  -1.5960 -3.0062 3.6291
v  -1.6436 -2.9806 3.5881
v  -1.6980 -3.0024 3.6105
v  -1.5655 -2.9557 3.6283
v  -1.4920 -2.9801 3.6589
v  -1.5540 -2.9796 3.6353
v  -1.4805 -2.9484 3.6573
v  -1.7057 -2.9963 3.5535
v  -1.6716 -2.9626 3.5316
v  -1.6886 -2.9041 3.5180
v  -1.6571 -2.9108 3.5929
v  -1.6789 -2.8069 3.6175
v  -1.6665 -2.8181 3.5124
v  -1.5740 -2.9093 3.6395
v  -1.5766 -2.8414 3.6782
v  -1.4767 -2.9061 3.6687
v  -1.4732 -2.8468 3.7074
v  -1.6128 -2.6636 3.5954
v  -1.6177 -2.7019 3.5078
v  -1.5367 -2.5593 3.5896
v  -1.5319 -2.6225 3.5162
v  -1.6045 -2.6377 3.7627
v  -1.5900 -2.5580 3.7495
v  -1.6066 -2.6094 3.6752
v  -1.6388 -2.7052 3.7076
v  -1.5475 -2.5151 3.6654
v  -1.5547 -2.5022 3.7213
v  -1.4000 -2.5643 3.6149
v  -1.3542 -2.5964 3.6707
v  -1.3502 -2.6633 3.6108
v  -1.3997 -2.6289 3.5551
v  -1.3443 -2.6428 3.7108
v  -1.3397 -2.7062 3.6810
v  -1.3589 -2.7421 3.5615
v  -1.3468 -2.7938 3.6278
v  -1.4615 -2.6104 3.5308
v  -1.4606 -2.5354 3.5901
v  -1.3797 -2.6351 3.7713
v  -1.3781 -2.7396 3.7433
v  -1.4483 -2.6391 3.8076
v  -1.4616 -2.7522 3.7655
v  -1.3827 -2.8338 3.6922
v  -1.4319 -2.4953 3.7586
v  -1.4094 -2.5104 3.6931
v  -1.4728 -2.4675 3.6631
v  -1.4975 -2.4525 3.7617
v  -1.5610 -2.7469 3.7414
v  -1.5397 -2.6408 3.8016
v  -1.5224 -2.5333 3.8227
v  -1.4364 -2.5451 3.7978
v  -1.3832 -2.5584 3.7427
v  -0.5962 -1.3443 1.1092
v  -0.4107 -1.3349 1.1567
v  -0.4362 -1.2338 1.0408
v  -0.6153 -1.2424 0.9894
v  -0.3939 -1.3866 1.2303
v  -0.5838 -1.4006 1.1853
v  -0.5783 -1.4450 1.2447
v  -0.3876 -1.4272 1.2880
v  -0.7341 -1.3592 1.0676
v  -0.7105 -1.4214 1.1505
v  -0.8155 -1.4297 1.1358
v  -0.8445 -1.3624 1.0452
v  -0.7961 -1.4844 1.2137
v  -0.6951 -1.4710 1.2158
v  -0.5797 -1.5057 1.3173
v  -0.3907 -1.4862 1.3597
v  -0.5846 -1.5765 1.3932
v  -0.3986 -1.5602 1.4269
v  -0.7923 -1.5389 1.2982
v  -0.6906 -1.5338 1.2903
v  -0.6922 -1.6035 1.3649
v  -0.7909 -1.6119 1.3627
v  -0.5888 -1.6474 1.4688
v  -0.4047 -1.6479 1.4899
v  -0.5904 -1.7139 1.5404
v  -0.4005 -1.7350 1.5458
v  -0.6958 -1.6714 1.4330
v  -0.7915 -1.6837 1.4151
v  -0.7028 -1.7361 1.4949
v  -0.7992 -1.7451 1.4680
v  -0.5934 -1.8392 1.6646
v  -0.6155 -1.8916 1.7127
v  -0.3711 -1.9341 1.6292
v  -0.3674 -1.9053 1.6112
v  -0.3809 -1.8298 1.5887
v  -0.5888 -1.7775 1.6054
v  -0.7146 -1.7958 1.5511
v  -0.8134 -1.8021 1.5188
v  -0.7429 -1.8586 1.6065
v  -0.8496 -1.8633 1.5731
v  -0.7906 -1.1206 0.7986
v  -0.7643 -1.2558 0.9440
v  -0.8786 -1.2636 0.9295
v  -0.9392 -1.1368 0.7906
v  -0.9214 -0.9735 0.6302
v  -0.8039 -0.9639 0.6508
v  -0.8168 -0.8137 0.5221
v  -0.9230 -0.8330 0.5066
v  -1.0124 -1.1636 0.7050
v  -0.9856 -1.0134 0.5702
v  -0.9429 -1.0755 0.5108
v  -0.9781 -1.2423 0.6485
v  -0.9682 -0.8734 0.4488
v  -0.9270 -0.9185 0.3888
v  -0.9432 -1.2848 0.9460
v  -0.9338 -1.3640 1.0331
v  -0.9978 -1.2556 0.8943
v  -1.0152 -1.3609 0.9992
v  -1.0115 -1.3833 0.7736
v  -1.0366 -1.2967 0.8240
v  -1.0765 -1.4088 0.9350
v  -1.0668 -1.4976 0.8782
v  -0.9271 -1.4974 1.2265
v  -0.9316 -1.4264 1.1377
v  -1.0307 -1.4596 1.1045
v  -1.0399 -1.5505 1.1947
v  -0.9008 -1.4109 0.6108
v  -0.9290 -1.5764 0.7565
v  -0.9745 -1.4809 0.7649
v  -0.9325 -1.3251 0.6325
v  -1.0387 -1.5965 0.8603
v  -1.0041 -1.7310 0.8768
v  -0.8803 -1.6511 0.7149
v  -0.9082 -1.7988 0.8221
v  -0.8566 -1.4762 0.5756
v  -1.1066 -1.6092 1.1288
v  -1.1008 -1.5136 1.0415
v  -1.1000 -1.5869 0.9730
v  -1.1109 -1.6716 1.0470
v  -1.0768 -1.6473 0.9342
v  -1.0805 -1.7230 0.9720
v  -0.9263 -1.9067 0.8910
v  -0.9255 -1.9854 0.9521
v  -1.0210 -1.9380 1.0133
v  -1.0165 -1.8541 0.9498
v  -1.0487 -1.6202 1.2619
v  -0.9282 -1.5636 1.3005
v  -0.9336 -1.6245 1.3655
v  -1.0582 -1.6782 1.3182
v  -1.0934 -1.8741 1.0796
v  -1.0855 -1.7995 1.0214
v  -1.1175 -1.7414 1.1033
v  -1.1248 -1.8028 1.1552
v  -1.1116 -1.7406 1.2387
v  -1.1064 -1.6820 1.1883
v  -1.0664 -1.7368 1.3734
v  -0.9402 -1.6843 1.4234
v  -0.9464 -1.7442 1.4737
v  -1.0704 -1.7951 1.4280
v  -1.1201 -1.7976 1.2949
v  -1.1307 -1.8623 1.2151
v  -1.1311 -1.9158 1.2780
v  -1.1236 -1.8538 1.3540
v  -1.0153 -2.0096 1.0844
v  -1.0988 -1.9428 1.1449
v  -1.0224 -2.0737 1.1766
v  -1.0986 -1.9906 1.2129
v  -0.9355 -2.1278 1.0729
v  -0.9260 -2.0596 1.0114
v  -1.1153 -2.0137 1.3916
v  -1.1097 -1.9643 1.4742
v  -1.1196 -1.9082 1.4131
v  -1.1255 -1.9614 1.3396
v  -1.0669 -1.8512 1.4813
v  -1.0620 -1.9111 1.5362
v  -0.9504 -1.8057 1.5178
v  -0.9625 -1.8685 1.5603
v  -1.1041 -2.0086 1.2764
v  -1.0846 -2.0550 1.2973
v  -0.9237 -1.9366 1.6366
v  -0.7986 -1.9323 1.6673
v  -0.8592 -2.0073 1.7475
v  -1.0406 -2.0306 1.6954
v  -0.9859 -2.2419 1.2260
v  -0.9561 -2.1844 1.1428
v  -1.0237 -2.1376 1.2474
v  -1.0420 -2.1916 1.3316
v  -0.9929 -1.9309 1.6057
v  -1.0629 -1.9793 1.5984
v  -1.0845 -2.1554 1.4373
v  -1.0769 -2.1007 1.3551
v  -1.1091 -2.0659 1.4563
v  -1.1135 -2.1250 1.5361
v  -1.1081 -2.0896 1.6256
v  -1.1036 -2.0249 1.5431
v  -1.0536 -2.1214 1.8022
v  -0.8996 -2.0862 1.8499
v  -0.9297 -2.1717 1.9651
v  -1.0707 -2.2045 1.9157
v  -1.0743 -2.4071 1.4552
v  -1.0235 -2.3143 1.3271
v  -1.0674 -2.2600 1.4297
v  -1.1023 -2.3471 1.5525
v  -1.1279 -2.3105 1.6514
v  -1.1031 -2.2250 1.5336
v  -1.1281 -2.1967 1.6328
v  -1.1452 -2.2817 1.7478
v  -1.1317 -2.2467 1.8381
v  -1.1182 -2.1630 1.7245
v  -1.0893 -2.2928 2.0384
v  -0.9612 -2.2632 2.0880
v  -1.1184 -2.4017 2.1867
v  -1.0015 -2.3751 2.2415
v  -1.1762 -2.6505 1.8196
v  -1.1281 -2.5219 1.6262
v  -1.1368 -2.4555 1.7140
v  -1.1775 -2.5817 1.8931
v  -1.1748 -2.5373 1.9650
v  -1.1473 -2.4145 1.7992
v  -1.1622 -2.3801 1.8820
v  -1.1806 -2.4978 2.0369
v  -1.1700 -2.4503 2.1130
v  -1.1470 -2.3385 1.9644
v  -1.2851 -2.9305 2.1954
v  -1.2231 -2.7864 2.0106
v  -1.2267 -2.7210 2.0702
v  -1.2898 -2.8674 2.2409
v  -1.9050 -3.2699 3.6807
v  -1.9364 -3.3806 3.7069
v  -1.9433 -3.3073 3.7193
v  -1.8731 -3.3669 3.6205
v  -1.7839 -3.3030 3.3904
v  -1.8185 -3.3256 3.4878
v  -1.8577 -3.2236 3.4673
v  -1.8141 -3.2076 3.3721
v  -1.8901 -3.2240 3.5598
v  -1.9166 -3.4533 3.7614
v  -1.8741 -3.4804 3.7307
v  -1.9137 -3.1897 3.6374
v  -1.7820 -3.5211 3.5069
v  -1.7793 -3.4654 3.4990
v  -1.8444 -3.5370 3.3996
v  -1.8643 -3.5861 3.4318
v  -1.8838 -3.6467 3.4664
v  -1.7942 -3.5998 3.5115
v  -1.7778 -3.5640 3.6056
v  -1.8027 -3.4794 3.6119
v  -1.8728 -3.7138 3.4749
v  -1.7959 -3.6755 3.5293
v  -1.8505 -3.7987 3.4850
v  -1.7853 -3.7395 3.5550
v  -1.7642 -3.6940 3.6107
v  -1.7691 -3.6384 3.6065
v  -1.9786 -3.7496 3.0080
v  -1.8563 -3.8505 3.0301
v  -1.8832 -3.8690 3.0816
v  -2.0066 -3.7687 3.0686
v  -1.7175 -3.9300 3.0768
v  -1.7374 -3.9422 3.1249
v  -1.7586 -3.9464 3.1793
v  -1.9060 -3.8748 3.1428
v  -2.0286 -3.7796 3.1381
v  -1.7482 -3.5703 2.7078
v  -1.6965 -3.5239 2.6651
v  -1.6392 -3.6496 2.7248
v  -1.6696 -3.6894 2.7791
v  -1.6043 -3.5980 2.6699
v  -1.6449 -3.4757 2.6216
v  -1.5417 -3.6844 2.7361
v  -1.5601 -3.7401 2.7992
v  -1.5747 -3.7821 2.8571
v  -1.5829 -3.4138 2.5758
v  -1.5557 -3.5298 2.6131
v  -1.4978 -3.4879 2.5727
v  -1.4936 -3.3384 2.5086
v  -1.4806 -3.5634 2.6266
v  -1.5100 -3.6159 2.6687
v  -1.7964 -3.3588 2.6927
v  -1.7218 -3.3063 2.6472
v  -1.7216 -3.4069 2.6410
v  -1.7847 -3.4558 2.6916
v  -1.6576 -3.3562 2.6008
v  -1.6513 -3.2559 2.6101
v  -1.7420 -3.2001 2.7535
v  -1.6788 -3.1655 2.7076
v  -1.7111 -3.2275 2.6694
v  -1.7815 -3.2705 2.7118
v  -1.6458 -3.1862 2.6397
v  -1.6349 -3.1496 2.6779
v  -1.5821 -3.2014 2.5722
v  -1.5887 -3.2980 2.5600
v  -1.4953 -3.2141 2.4978
v  -1.4906 -3.1304 2.5173
v  -1.3812 -3.0134 2.3990
v  -1.3760 -3.0830 2.3723
v  -1.3573 -3.1570 2.3628
v  -1.7468 -3.3278 2.9654
v  -1.6640 -3.2835 2.9127
v  -1.7507 -3.2388 2.8695
v  -1.8371 -3.2879 2.9297
v  -1.6612 -3.1954 2.8132
v  -1.5668 -3.2483 2.8524
v  -1.8229 -3.2538 2.8144
v  -1.8982 -3.3151 2.8842
v  -1.2781 -2.8268 2.3109
v  -1.2214 -2.6763 2.1392
v  -1.2086 -2.6398 2.2147
v  -1.2606 -2.7931 2.3916
v  -1.1487 -2.6086 2.6711
v  -1.0681 -2.4854 2.4667
v  -1.1566 -2.5564 2.3713
v  -1.2370 -2.7161 2.5876
v  -0.8708 -2.4897 2.5072
v  -0.9959 -2.6750 2.7505
v  -1.2459 -2.7533 2.4695
v  -1.1934 -2.6005 2.2921
v  -1.2563 -2.6934 2.8371
v  -1.1873 -2.7094 2.9348
v  -1.3329 -2.7427 2.7871
v  -1.4802 -3.0871 2.5787
v  -1.3722 -2.9734 2.4658
v  -1.3469 -2.9434 2.5435
v  -1.4530 -3.0956 2.6983
v  -1.5776 -3.1381 2.6184
v  -1.5745 -3.1274 2.6891
v  -1.5099 -3.1847 2.7928
v  -1.6016 -3.1564 2.7512
v  -1.4074 -3.0900 2.8542
v  -1.4493 -3.1722 2.8723
v  -1.4561 -3.1447 2.9662
v  -1.4372 -3.0623 2.9719
v  -1.5048 -3.2368 2.9157
v  -1.4725 -3.2166 2.9755
v  -1.4329 -2.9847 2.9803
v  -1.4022 -2.9993 2.8579
v  -1.4020 -2.9098 2.8496
v  -1.4493 -2.9066 2.9734
v  -1.3668 -2.9146 2.7516
v  -1.3828 -2.9836 2.7242
v  -1.3833 -2.8197 2.8069
v  -1.3242 -2.8393 2.6828
v  -1.4579 -2.8261 2.9468
v  -1.3257 -2.8878 2.6044
v  -2.1446 -2.8049 3.7690
v  -2.2150 -2.7684 3.8009
v  -2.1559 -2.8440 3.8369
v  -2.2018 -2.8122 3.8445
v  -2.0976 -2.6443 3.9881
v  -2.0126 -2.6713 3.9847
v  -2.0099 -2.6478 3.9178
v  -2.0912 -2.6196 3.9189
v  -2.1285 -2.7498 4.0443
v  -2.1875 -2.7773 4.0239
v  -2.1243 -2.8348 4.0254
v  -2.0737 -2.7790 4.0413
v  -2.1602 -2.8640 3.9625
v  -2.2329 -2.8081 3.9608
v  -2.1640 -2.8615 3.8952
v  -2.2195 -2.8084 3.8938
v  -2.1162 -2.6990 4.0278
v  -2.0355 -2.7198 4.0314
v  -2.2362 -2.6706 3.9283
v  -2.2652 -2.7257 3.9493
v  -2.1996 -2.7041 4.0046
v  -2.1853 -2.6466 3.9633
v  -2.2629 -2.7457 3.8688
v  -2.2356 -2.6658 3.8606
v  -2.1671 -2.6283 3.8920
v  -2.4981 -3.3060 3.5934
v  -2.4614 -3.2829 3.5598
v  -2.4879 -3.2129 3.5624
v  -2.4607 -3.1683 3.6112
v  -2.5040 -3.3101 3.6480
v  -2.4533 -3.3537 3.6753
v  -2.4018 -3.3636 3.7312
v  -1.5725 -3.3022 2.9748
v  -1.6333 -3.3509 3.0336
v  -1.5736 -3.2620 3.1008
v  -1.5126 -3.2395 3.0291
v  -1.7425 -3.1090 3.2832
v  -1.7722 -3.1942 3.2866
v  -1.7063 -3.1847 3.2218
v  -1.6885 -3.0999 3.2158
v  -1.6912 -3.2832 3.2367
v  -1.7436 -3.2891 3.3071
v  -1.5638 -3.0832 3.1001
v  -1.4916 -3.0696 3.0483
v  -1.5117 -3.1464 3.0345
v  -1.5749 -3.1628 3.0978
v  -1.6286 -3.0920 3.1546
v  -1.6435 -3.1741 3.1568
v  -1.6362 -3.2739 3.1686
v  -1.5308 -2.8834 3.1867
v  -1.5736 -2.8970 3.2899
v  -1.5577 -2.9577 3.2786
v  -1.5145 -2.9644 3.1761
v  -1.5348 -3.0217 3.1277
v  -1.4835 -2.9288 3.0747
v  -1.4747 -3.0003 3.0666
v  -1.6221 -3.0102 3.2592
v  -1.5736 -2.9964 3.2293
v  -1.5899 -3.0343 3.1856
v  -1.6456 -3.0410 3.2413
v  -1.5034 -2.8537 3.0721
v  -1.5837 -2.9993 3.2984
v  -1.6492 -3.0053 3.3085
v  -1.6961 -3.0488 3.3006
v  -1.6981 -3.9158 3.0375
v  -1.6201 -4.0032 3.0550
v  -1.6411 -4.0202 3.0942
v  -1.5979 -3.9862 3.0226
v  -1.6767 -3.8969 3.0063
v  -1.5234 -4.0671 3.0391
v  -1.5458 -4.0819 3.0790
v  -1.5642 -4.0971 3.1249
v  -1.7610 -3.4037 3.3451
v  -1.7742 -3.4261 3.4335
v  -1.8257 -3.5032 3.3399
v  -1.8161 -3.4736 3.2632
v  -1.7362 -3.3924 3.2577
v  -1.7048 -3.3893 3.1763
v  -1.7915 -3.4235 3.0936
v  -1.7968 -3.4595 3.1755
v  -1.6741 -3.3781 3.1010
v  -1.7840 -3.3727 3.0256
v  -1.9078 -3.3786 3.0617
v  -1.9270 -3.4178 3.1307
v  -2.0157 -3.4442 3.0733
v  -1.9835 -3.4037 3.0119
v  -2.0555 -3.4816 3.1425
v  -1.9499 -3.4541 3.2058
v  -1.8849 -3.3338 2.9960
v  -1.9478 -3.3636 2.9500
v  -1.9203 -3.7069 2.9183
v  -1.8890 -3.6840 2.8799
v  -1.7760 -3.7860 2.9198
v  -1.8029 -3.8081 2.9533
v  -1.7454 -3.7603 2.8819
v  -1.8502 -3.6541 2.8357
v  -1.6544 -3.8761 2.9776
v  -1.6138 -3.8623 2.9494
v  -1.9525 -3.4745 2.8288
v  -2.0001 -3.5134 2.8844
v  -1.9914 -3.4286 2.9118
v  -1.9415 -3.3849 2.8498
v  -2.0267 -3.4644 2.9671
v  -2.0318 -3.5431 2.9334
v  -1.9496 -3.7282 2.9594
v  -1.8296 -3.8301 2.9881
v  -2.0571 -3.5010 3.0226
v  -2.0921 -3.5403 3.0873
v  -2.0583 -3.5716 2.9841
v  -2.0883 -3.6023 3.0452
v  -1.8802 -3.4188 2.7583
v  -1.8566 -3.5116 2.7558
v  -1.9204 -3.5621 2.8209
v  -1.8013 -3.6144 2.7733
v  -1.9935 -3.6201 2.9170
v  -1.9637 -3.5961 2.8716
v  -1.8669 -3.3261 2.7764
v  -2.0227 -3.6440 2.9618
v  -2.0548 -3.6698 3.0148
v  -0.6031 -2.9902 2.4195
v  -0.4985 -2.8485 2.1925
v  -0.6468 -2.6340 2.4063
v  -0.7291 -2.7783 2.6377
v  -0.2657 -2.9808 2.0572
v  -0.3528 -3.1341 2.2766
v  -0.0701 -3.2755 2.1355
v  -0.0129 -3.0998 1.9273
v  -0.6972 -3.1088 2.6147
v  -0.4361 -3.2671 2.4614
v  -0.4987 -3.3688 2.5977
v  -0.7690 -3.2022 2.7503
v  -0.1406 -3.5151 2.4688
v  -0.1129 -3.4150 2.3243
v  1.0565 -3.5892 1.3786
v  1.3464 -3.6466 1.2834
v  1.0892 -3.8225 1.6074
v  1.3833 -3.8887 1.5306
v  1.6687 -3.7360 1.1588
v  1.7213 -3.9810 1.4306
v  2.9789 -4.1912 0.6443
v  2.9626 -4.1766 0.7063
v  3.1080 -4.4718 0.9507
v  3.1548 -4.4922 0.8895
v  3.1340 -4.5328 0.8205
v  2.9619 -4.2076 0.5826
v  1.5180 -4.1841 1.1694
v  1.4923 -3.9314 0.9144
v  1.7772 -3.9960 0.8339
v  1.8300 -4.2653 1.0904
v  2.0837 -4.1051 0.7030
v  2.1671 -4.3892 0.9667
v  0.5876 -3.8817 1.4641
v  0.2947 -3.7836 1.5839
v  0.3510 -3.5750 1.3374
v  0.6353 -3.6771 1.2110
v  -0.0025 -3.4174 1.5184
v  -0.0676 -3.6202 1.7523
v  -0.8293 -3.1824 2.0999
v  -1.0274 -3.1132 2.1493
v  -0.9394 -2.9671 1.9384
v  -0.7560 -3.0433 1.8827
v  -0.4716 -3.3826 1.9497
v  -0.4014 -3.2110 1.7283
v  -0.1450 -3.9193 2.1069
v  -0.5578 -3.6659 2.2965
v  -0.5214 -3.5439 2.1455
v  -0.1144 -3.7940 1.9523
v  -0.8936 -3.3419 2.2868
v  -0.9398 -3.4678 2.4299
v  -1.2178 -3.2696 2.3425
v  -1.3057 -3.2233 2.3506
v  -1.2865 -3.4425 2.5111
v  -1.3966 -3.3928 2.4839
v  -1.1456 -3.3926 2.4957
v  -1.1029 -3.2754 2.3415
v  -0.2863 -4.3417 2.6522
v  -0.7074 -4.0877 2.7868
v  -0.6854 -4.0408 2.7483
v  -0.2594 -4.2929 2.6152
v  -1.0871 -3.9060 2.8684
v  -1.0825 -3.8749 2.8222
v  -1.0935 -3.8812 2.7545
v  -0.6837 -4.0245 2.6891
v  -0.2387 -4.2456 2.5753
v  0.3555 -4.7560 2.4456
v  0.0762 -4.5719 2.5337
v  0.1029 -4.5209 2.4813
v  0.3903 -4.6940 2.3857
v  0.1119 -4.4888 2.4428
v  0.3994 -4.6558 2.3462
v  2.1368 -5.4329 1.7406
v  1.7067 -5.2342 1.9034
v  1.7230 -5.1765 1.8580
v  2.1509 -5.3716 1.7094
v  2.0821 -5.5557 1.8181
v  1.6419 -5.3635 1.9623
v  1.3406 -5.1202 2.0182
v  1.2699 -5.2375 2.0679
v  1.3692 -5.0585 1.9847
v  1.8252 -4.4786 1.9893
v  1.4813 -4.3509 2.0812
v  1.5199 -4.3889 2.1806
v  1.8533 -4.5115 2.0812
v  1.2923 -4.2207 2.2965
v  1.2265 -4.1970 2.1689
v  1.3053 -4.3339 2.3896
v  1.5310 -4.4596 2.2581
v  1.8527 -4.5753 2.1551
v  -0.7924 -3.2667 2.8172
v  -0.5237 -3.4291 2.6764
v  -0.5105 -3.4550 2.7556
v  -0.7903 -3.2822 2.8965
v  -0.1525 -3.6202 2.6112
v  -0.1498 -3.5703 2.5477
v  -0.2400 -3.9183 2.9417
v  -0.2113 -3.8637 2.9017
v  -0.5237 -3.6310 3.0550
v  -0.7902 -3.4862 3.1835
v  -0.5571 -3.6836 3.0651
v  -0.7686 -3.4295 3.1775
v  -0.8172 -3.5610 3.1738
v  -0.5752 -3.7508 3.1025
v  -0.2762 -3.9989 2.9760
v  -0.4520 -3.4369 2.8793
v  -0.7370 -3.3199 3.0807
v  -0.4410 -3.4861 2.9906
v  -0.7623 -3.2939 2.9896
v  -0.1049 -3.6968 2.8635
v  -0.0958 -3.6098 2.7527
v  -0.4851 -3.5699 3.0337
v  -0.7489 -3.3728 3.1409
v  -0.1747 -3.8026 2.8668
v  -0.8238 -2.9157 2.8271
v  -0.8691 -3.0159 2.9588
v  -1.0133 -2.8065 2.9609
v  -1.0240 -2.9172 3.1236
v  -0.8985 -3.0663 3.0450
v  -0.8832 -3.1005 2.9664
v  -0.9284 -3.1152 3.1139
v  -1.0309 -2.9761 3.2224
v  -1.0213 -3.0419 3.2813
v  -0.9434 -3.1827 3.1689
v  -0.9321 -3.2267 3.2274
v  -1.0394 -3.1160 3.3156
v  -1.0400 -3.1976 3.3532
v  -0.9255 -3.2904 3.2820
v  -1.3433 -2.7462 3.2422
v  -1.2998 -2.7979 3.3221
v  -1.2417 -2.8186 3.2556
v  -1.2751 -2.7625 3.1570
v  -1.1689 -2.7774 3.0633
v  -1.1692 -2.8599 3.1891
v  -1.3331 -3.0461 3.6089
v  -1.4109 -3.0052 3.6473
v  -1.3934 -2.9535 3.6399
v  -1.2994 -2.9555 3.5804
v  -1.1441 -2.9237 3.2819
v  -1.2182 -2.8935 3.3384
v  -1.1224 -2.9853 3.3444
v  -1.1924 -2.9561 3.4073
v  -1.2418 -2.9403 3.4827
v  -1.2453 -3.0235 3.5337
v  -1.1986 -3.0694 3.4698
v  -1.1865 -3.0088 3.4426
v  -1.2267 -2.9865 3.4973
v  -1.3015 -2.8445 3.4792
v  -1.2639 -2.8665 3.4140
v  -1.3276 -2.8668 3.6019
v  -1.3451 -2.8077 3.5201
v  -1.3869 -2.8982 3.6561
v  -1.1195 -3.0458 3.3884
v  -1.1453 -3.1291 3.3990
v  3.5872 -5.2626 1.6810
v  3.6682 -5.3358 1.6025
v  3.6266 -5.2635 1.5159
v  3.5342 -5.1635 1.5675
v  3.7124 -5.3447 1.4588
v  3.7439 -5.3981 1.5204
v  3.6515 -5.3051 1.4153
v  3.5844 -5.2273 1.4300
v  3.4556 -5.0922 1.4442
v  3.6551 -5.3344 1.3646
v  3.5608 -5.2490 1.3645
v  3.5486 -5.2869 1.3051
v  3.6358 -5.3605 1.3029
v  3.4766 -5.1955 1.2904
v  3.4853 -5.1364 1.3550
v  3.7367 -5.3868 1.3923
v  3.7784 -5.4438 1.4446
v  3.7669 -5.4867 1.3691
v  3.7166 -5.4203 1.3253
v  3.7353 -5.5752 1.5596
v  3.7803 -5.5145 1.4960
v  3.7515 -5.4642 1.5759
v  3.7246 -5.5244 1.6123
v  3.7148 -5.6400 1.4788
v  3.7638 -5.5674 1.4185
v  3.6748 -5.4707 1.2649
v  3.6044 -5.4085 1.2503
v  3.7087 -5.5323 1.2966
v  3.5978 -5.5522 1.2499
v  3.5840 -5.4971 1.2357
v  3.5518 -5.4365 1.2331
v  3.6481 -5.6686 1.3769
v  3.7005 -5.6020 1.3368
v  3.5928 -5.6121 1.2721
v  3.5689 -5.6534 1.3103
v  3.4595 -5.6484 1.3059
v  3.4421 -5.5906 1.2505
v  3.3152 -5.6557 1.3032
v  3.2916 -5.5862 1.2206
v  3.4503 -5.5356 1.2185
v  3.3001 -5.5093 1.1837
v  -0.2767 -4.2378 2.3711
v  0.0753 -4.4570 2.2571
v  0.1028 -4.4662 2.3636
v  -0.2508 -4.2354 2.4775
v  0.3660 -4.5980 2.1862
v  0.3911 -4.6200 2.2795
v  -0.1861 -4.0137 2.2508
v  -0.6169 -3.7610 2.4422
v  -0.5883 -3.7242 2.3877
v  -0.1685 -3.9832 2.1962
v  -0.9659 -3.5185 2.5172
v  -1.0070 -3.5560 2.5590
v  -1.1501 -3.4472 2.5567
v  -1.2079 -3.4826 2.5778
v  -1.1214 -3.8818 2.6527
v  -0.7081 -4.0291 2.5866
v  -1.1191 -3.8191 2.5803
v  -0.7171 -3.9963 2.4995
v  -1.3125 -3.7714 2.6901
v  -1.3120 -3.8216 2.7600
v  -1.4121 -3.7804 2.7551
v  -1.2888 -3.7048 2.6498
v  -1.3964 -3.7130 2.7017
v  -1.3585 -3.6329 2.6590
v  -0.7062 -3.9370 2.4662
v  -0.6863 -3.8749 2.4570
v  -1.0941 -3.7504 2.5605
v  -1.0804 -3.6899 2.5553
v  -0.2344 -4.1028 2.3175
v  -0.2673 -4.1763 2.3180
v  -1.2638 -3.6218 2.6290
v  -1.2457 -3.5470 2.6119
v  -1.3404 -3.5329 2.6059
v  -1.0503 -3.6212 2.5584
v  -1.4257 -3.5062 2.5747
v  -1.4338 -3.5874 2.6439
v  -1.2554 -3.6715 2.6282
v  -1.4594 -3.6682 2.6982
v  -1.4825 -3.7371 2.7581
v  -0.6536 -3.8158 2.4592
v  -0.2048 -4.0514 2.3015
v  -1.5981 -3.8153 2.9041
v  -1.7074 -3.7262 2.8348
v  -1.5737 -3.9660 2.9942
v  -1.5455 -3.9514 2.9709
v  -1.4977 -4.0484 3.0018
v  -1.4683 -4.0238 2.9743
v  -1.4890 -3.7966 2.8207
v  -1.4891 -3.8369 2.8832
v  -1.4050 -3.8168 2.8303
v  -1.3859 -3.8691 2.8977
v  -1.3004 -3.8308 2.8365
v  -1.2895 -3.8627 2.8831
v  -1.5168 -3.9140 2.9386
v  -1.5048 -3.8780 2.9170
v  -1.4097 -3.9201 2.9187
v  -1.4250 -3.9607 2.9343
v  -1.5100 -3.9502 2.9540
v  -1.4397 -3.9981 2.9529
v  -1.2643 -3.9034 2.9044
v  -1.2907 -3.9312 2.9161
v  -1.0920 -3.9650 2.9047
v  -1.1054 -4.0172 2.9404
v  -1.3659 -4.0963 2.9780
v  -1.3984 -4.1328 3.0131
v  -1.1896 -4.2234 2.9987
v  -1.2272 -4.2703 3.0350
v  -1.4270 -4.1587 3.0631
v  -1.2615 -4.3074 3.0911
v  -1.3174 -4.0118 2.9418
v  -1.3380 -4.0542 2.9584
v  -1.1375 -4.1220 2.9884
v  -1.1605 -4.1740 2.9885
v  -1.1185 -4.0675 2.9728
v  -1.3051 -3.9693 2.9288
v  -0.8940 -4.4686 3.0405
v  -0.5700 -4.7967 3.0555
v  -0.6317 -4.8585 3.0701
v  -0.9466 -4.5302 3.0470
v  -0.9951 -4.5783 3.1003
v  -0.6878 -4.9067 3.1329
v  -0.3337 -4.4259 2.7247
v  -0.7359 -4.1595 2.8372
v  -0.3903 -4.5259 2.8227
v  -0.7689 -4.2390 2.8930
v  -0.4492 -4.6243 2.9283
v  -0.8060 -4.3139 2.9504
v  -0.8376 -4.3748 3.0034
v  -0.5002 -4.7056 3.0137
v  -0.5321 -4.7521 3.0542
v  -0.8615 -4.4199 3.0361
v  -0.0672 -5.4278 3.1550
v  -0.1507 -5.4984 3.1957
v  -0.3542 -5.1976 3.1441
v  -0.2869 -5.1386 3.1032
v  -0.4101 -5.2413 3.2233
v  -0.2115 -5.5445 3.2923
v  0.0120 -4.6747 2.6353
v  0.2719 -4.8810 2.5630
v  -0.0639 -4.8017 2.7740
v  0.1779 -5.0364 2.7292
v  0.1124 -5.1874 2.9320
v  -0.1299 -4.9290 2.9318
v  -0.1906 -5.0371 3.0542
v  0.0484 -5.3185 3.0856
v  -0.0055 -5.3819 3.1458
v  -0.2365 -5.0938 3.1012
v  0.7347 -6.2397 3.2047
v  1.0764 -6.4983 3.1858
v  0.9824 -6.5924 3.1841
v  0.6360 -6.3251 3.2149
v  1.4018 -6.9081 3.1493
v  1.4937 -6.8024 3.1615
v  1.2969 -7.0013 3.1990
v  0.8802 -6.6794 3.2360
v  0.5407 -6.3987 3.2849
v  1.0981 -6.4334 3.1416
v  1.1107 -6.3490 3.0114
v  0.7746 -6.1724 3.1831
v  0.7899 -6.0993 3.0579
v  1.5352 -6.6084 2.9869
v  1.5055 -6.7317 3.1041
v  0.2547 -5.1942 3.5171
v  0.2831 -5.1628 3.3990
v  -0.0527 -4.8162 3.4445
v  -0.0775 -4.8571 3.5416
v  -0.4255 -4.4326 3.4800
v  -0.4180 -4.4551 3.5688
v  -0.4325 -4.4966 3.6623
v  -0.0999 -4.8915 3.6455
v  0.2297 -5.2126 3.6502
v  -0.6656 -4.0948 3.5003
v  -0.6745 -4.1206 3.5681
v  -0.8508 -3.8556 3.5640
v  -0.8366 -3.8364 3.5091
v  -0.8783 -3.8767 3.6190
v  -0.6960 -4.1548 3.6382
v  -0.5903 -3.8611 3.1686
v  -0.3050 -4.1283 3.0518
v  -0.8181 -3.6606 3.2217
v  -0.8322 -3.7434 3.2886
v  -0.6132 -3.9729 3.2397
v  -0.3276 -4.2542 3.1590
v  -0.3916 -4.3823 3.3543
v  -0.6642 -4.0701 3.3833
v  -0.6715 -4.0868 3.4415
v  -0.4091 -4.4067 3.4202
v  -0.8577 -3.8168 3.4054
v  -0.8428 -3.8251 3.4584
v  -0.6387 -4.0354 3.3147
v  -0.8503 -3.7924 3.3468
v  -0.3606 -4.3352 3.2629
v  -1.0808 -3.5492 3.5462
v  -1.1562 -3.4558 3.5813
v  -1.1468 -3.5091 3.6179
v  -1.0721 -3.5790 3.5791
v  -1.2069 -3.4803 3.6736
v  -1.2511 -3.3869 3.6270
v  -1.1830 -3.5858 3.6792
v  -1.1195 -3.5937 3.6372
v  -1.0645 -3.6205 3.6074
v  -1.0343 -3.4545 3.3717
v  -0.9459 -3.4729 3.2755
v  -0.9248 -3.3768 3.3056
v  -1.0198 -3.3101 3.3896
v  -0.9959 -3.6104 3.2967
v  -0.9527 -3.5685 3.2489
v  -0.9702 -3.6619 3.5256
v  -0.9735 -3.6812 3.5682
v  -0.9982 -3.7009 3.6073
v  -1.1114 -3.2360 3.4482
v  -1.2120 -3.1674 3.4893
v  -1.1830 -3.2769 3.5370
v  -1.0914 -3.3410 3.4716
v  -1.0895 -3.4017 3.4732
v  -1.1292 -3.3924 3.5092
v  -1.0819 -3.5049 3.4663
v  -1.0776 -3.5028 3.4110
v  -1.2139 -3.3224 3.5878
v  -1.2855 -3.2349 3.6448
v  -1.2794 -3.1820 3.5917
v  -1.3128 -3.2804 3.7027
v  -1.0811 -3.5206 3.5111
v  -1.1539 -3.4151 3.5430
v  -1.2739 -3.1021 3.5496
v  -0.9936 -3.6380 3.4332
v  -0.9817 -3.6495 3.4815
v  -1.0072 -3.6325 3.3681
v  -1.0190 -3.9226 3.6771
v  -0.9298 -3.9065 3.6648
v  -1.0511 -3.7154 3.6447
v  -1.1226 -3.7181 3.6678
v  -0.8279 -4.2763 3.7030
v  -0.7530 -4.2065 3.7003
v  -0.5111 -4.5774 3.7046
v  -0.5982 -4.6621 3.7059
v  -1.0150 -4.1738 3.7208
v  -0.9042 -4.3899 3.7577
v  -0.8740 -4.3388 3.7169
v  -1.0313 -4.0507 3.6910
v  -0.6461 -4.7171 3.7454
v  -0.6895 -4.7645 3.7906
v  -0.1730 -4.9630 3.7097
v  -0.2713 -5.0536 3.6972
v  0.0525 -5.3715 3.7472
v  0.1594 -5.2773 3.7587
v  -0.3297 -5.1012 3.7447
v  -0.4001 -5.1417 3.8019
v  -0.1097 -5.4477 3.8430
v  -0.0178 -5.4165 3.7783
v  0.9487 -6.3313 3.7254
v  0.8756 -6.4356 3.7551
v  1.1827 -6.6574 3.7991
v  1.2711 -6.5564 3.7668
v  1.0127 -6.7472 3.8564
v  0.7323 -6.5299 3.8109
v  1.3195 -6.9923 3.8985
v  1.5213 -6.9127 3.8554
v  1.6280 -6.8245 3.8245
v  1.1796 -7.0647 3.4238
v  0.7839 -6.7474 3.4372
v  0.8173 -6.7345 3.3285
v  1.2338 -7.0431 3.3190
v  0.4882 -6.4436 3.3702
v  0.4559 -6.4604 3.4640
v  -0.7396 -4.9389 3.3012
v  -0.7158 -4.9255 3.2195
v  -0.4444 -5.2628 3.2990
v  -0.4806 -5.2822 3.3706
v  -0.2485 -5.5636 3.3684
v  -0.2840 -5.5772 3.4357
v  -1.2875 -4.3347 3.1551
v  -1.4499 -4.1786 3.1159
v  -1.4649 -4.1939 3.1711
v  -1.3007 -4.3498 3.2207
v  -1.0287 -4.6094 3.1739
v  -1.0448 -4.6220 3.2529
v  -1.3055 -4.3603 3.2739
v  -1.4725 -4.2098 3.2239
v  -1.2974 -4.3543 3.3314
v  -1.4674 -4.2262 3.2760
v  -1.5946 -4.1608 3.2414
v  -1.5798 -4.1191 3.1781
v  -1.6621 -4.0408 3.1436
v  -1.6890 -4.0606 3.1949
v  -1.0525 -4.6266 3.3182
v  -1.0665 -4.6314 3.3771
v  -0.7571 -4.9450 3.3758
v  -0.7935 -4.9627 3.4443
v  -1.4483 -4.2482 3.3281
v  -1.5104 -4.2423 3.3338
v  -1.3139 -4.3659 3.3883
v  -1.3680 -4.4035 3.4497
v  -1.1653 -3.8209 3.6581
v  -1.1408 -3.9409 3.6904
v  -1.2140 -3.9193 3.7187
v  -1.2522 -3.7822 3.6760
v  -1.1298 -4.1307 3.7828
v  -1.0820 -4.1244 3.7390
v  -1.3493 -3.7493 3.7301
v  -1.3096 -3.7665 3.7054
v  -1.2974 -3.6904 3.7178
v  -1.3199 -3.6612 3.7313
v  -1.2566 -3.6845 3.7076
v  -1.2763 -3.6198 3.7330
v  -1.1942 -3.6996 3.6884
v  -1.2331 -3.5938 3.7121
v  2.8817 -7.6520 3.3508
v  2.8116 -7.7639 3.3557
v  2.7323 -7.7258 3.2975
v  2.8204 -7.5982 3.2847
v  2.9110 -7.6896 3.4059
v  2.8714 -7.7721 3.4317
v  2.8014 -7.8191 3.4595
v  2.7300 -7.8239 3.4285
v  2.6337 -7.7972 3.3865
v  2.8127 -7.6263 3.7302
v  2.7373 -7.7398 3.7118
v  2.8203 -7.7497 3.6778
v  2.8873 -7.5927 3.6199
v  2.8457 -7.5254 3.6367
v  2.8803 -7.6808 3.6560
v  2.7251 -7.5576 3.7858
v  2.7805 -7.4373 3.6696
v  2.6192 -7.6923 3.7526
v  2.5661 -7.7970 3.5769
v  2.6926 -7.8292 3.5833
v  2.7005 -7.7949 3.6484
v  2.5728 -7.7612 3.6700
v  2.8081 -7.8177 3.5704
v  2.8180 -7.7920 3.6232
v  2.9196 -7.7333 3.5444
v  2.9122 -7.7103 3.5951
v  2.9150 -7.5923 3.5061
v  2.9043 -7.5850 3.5628
v  2.8021 -7.8249 3.5146
v  2.6975 -7.8374 3.5074
v  2.5848 -7.8056 3.4848
v  2.9058 -7.7580 3.4981
v  2.9257 -7.6395 3.4538
v  2.8384 -7.4733 3.3428
v  2.8917 -7.5494 3.3997
v  2.8632 -7.4901 3.4710
v  2.8126 -7.3981 3.4366
v  2.8466 -7.4875 3.5467
v  2.7843 -7.3987 3.5418
v  -1.4594 -4.1178 4.0419
v  -1.3626 -4.4260 4.1943
v  -1.2937 -4.4046 4.1811
v  -1.3921 -4.0937 4.0286
v  -1.1701 -4.7735 4.3721
v  -1.2430 -4.7972 4.4038
v  -1.1137 -4.7571 4.3192
v  -1.2343 -4.3842 4.1475
v  -1.3344 -4.0732 3.9930
v  -1.5380 -4.1215 4.0288
v  -1.4469 -4.4274 4.1807
v  -1.5393 -4.4496 4.1442
v  -1.6261 -4.1471 3.9923
v  -1.4436 -4.8345 4.3739
v  -1.3391 -4.8070 4.4030
v  -1.5465 -3.7250 3.7952
v  -1.5171 -3.8855 3.9067
v  -1.4537 -3.8679 3.8915
v  -1.4883 -3.7123 3.7813
v  -1.4015 -3.8593 3.8573
v  -1.4353 -3.7094 3.7611
v  -1.6001 -3.7366 3.7949
v  -1.5851 -3.8947 3.8965
v  -1.6680 -3.9257 3.8685
v  -1.6822 -3.7511 3.7681
v  -1.3199 -3.5550 3.7632
v  -1.3614 -3.6217 3.7584
v  -1.4196 -3.5918 3.7845
v  -1.3901 -3.4860 3.8110
v  -1.3906 -3.7256 3.7468
v  -1.7474 -3.7092 3.6763
v  -1.6749 -3.6324 3.7670
v  -1.7855 -3.5869 3.7233
v  -1.7566 -3.6369 3.7117
v  -1.6976 -3.5528 3.8114
v  -1.8225 -3.5277 3.7229
v  -1.7690 -3.5299 3.8249
v  -1.3600 -3.3281 3.7767
v  -1.4100 -3.3743 3.8664
v  -1.2999 -3.4186 3.7481
v  -1.2648 -3.5014 3.7300
v  -1.7348 -3.4587 3.9160
v  -1.6747 -3.4735 3.9147
v  -1.6369 -3.3599 3.9720
v  -1.7262 -3.3636 3.9877
v  -1.4928 -3.5890 3.7857
v  -1.4882 -3.5041 3.8471
v  -1.5702 -3.5184 3.8355
v  -1.5610 -3.6027 3.7839
v  -1.6775 -3.2221 3.9814
v  -1.5991 -3.1805 3.9493
v  -1.5404 -3.3043 3.9437
v  -1.7452 -3.2581 3.9977
v  -1.6349 -3.4904 3.8996
v  -1.5833 -3.4543 3.9248
v  -1.6268 -3.5351 3.8156
v  -1.4997 -3.4155 3.9120
v  -1.6145 -3.6176 3.7780
v  -1.7718 -3.7970 3.6097
v  -1.7587 -3.8800 3.6907
v  -1.8199 -3.8857 3.5371
v  -1.8157 -3.9907 3.6050
v  -1.7704 -4.0864 3.2928
v  -1.7290 -4.0737 3.2443
v  -1.6539 -4.1751 3.2875
v  -1.7110 -4.1961 3.3333
v  -1.7976 -3.9283 3.3060
v  -1.7795 -3.9348 3.2351
v  -1.7998 -4.1067 3.3432
v  -1.8286 -4.0407 3.3809
v  -1.7718 -4.1989 3.3924
v  -1.8335 -4.1598 3.4522
v  -1.8254 -3.9655 3.4535
v  -1.8493 -3.8710 3.3931
v  -1.8536 -4.0866 3.5272
v  -1.5654 -4.4510 3.4636
v  -1.6502 -4.3030 3.3733
v  -1.5763 -4.2716 3.3416
v  -1.4794 -4.4062 3.4575
v  -1.7864 -4.1396 3.6992
v  -1.7417 -4.0241 3.7919
v  -1.7081 -4.2412 3.9218
v  -1.7376 -4.3524 3.8232
v  -1.7950 -4.2921 3.5294
v  -1.8074 -4.2293 3.6158
v  -1.7484 -4.4309 3.7316
v  -1.7182 -4.4726 3.6368
v  -1.6541 -4.4770 3.5361
v  -1.7287 -4.3110 3.4435
v  -1.6546 -4.6473 3.9741
v  -1.6213 -4.5406 4.0713
v  -1.5259 -4.9236 4.2957
v  -1.5655 -5.0240 4.1965
v  -1.3340 -5.0692 3.8668
v  -1.4347 -5.1083 3.9203
v  -1.5436 -4.7411 3.7043
v  -1.4483 -4.6992 3.6490
v  -1.6070 -4.7447 3.8018
v  -1.5093 -5.1147 4.0148
v  -1.6456 -4.7154 3.8858
v  -1.5453 -5.0844 4.1053
v  -1.4748 -5.4815 4.5279
v  -1.4318 -5.3972 4.6310
v  -1.3983 -5.8912 4.8362
v  -1.3640 -5.8178 4.9556
v  -1.2622 -5.7337 5.0226
v  -1.3399 -5.3177 4.6938
v  -1.1583 -5.9554 4.3343
v  -1.2713 -5.9656 4.4173
v  -1.3385 -5.5582 4.1849
v  -1.2278 -5.5292 4.1243
v  -1.4246 -5.5578 4.2923
v  -1.3489 -5.9471 4.5516
v  -1.3845 -5.9254 4.6987
v  -1.4583 -5.5292 4.4139
v  -0.7873 -7.4537 5.7143
v  -0.6744 -7.3932 5.8134
v  -0.7766 -7.0819 5.5848
v  -0.8656 -7.1301 5.5009
v  -0.6713 -7.0395 5.6346
v  -0.5357 -7.3399 5.8571
v  -0.7973 -6.7646 5.4789
v  -0.8967 -6.8044 5.4325
v  -0.9725 -6.8527 5.3468
v  -0.9059 -7.2610 5.2689
v  -0.9245 -7.1998 5.3985
v  -1.0093 -6.9258 5.2430
v  -0.9966 -6.9892 5.1171
v  -0.8208 -7.5827 5.4451
v  -0.8438 -7.5218 5.5876
v  -0.5721 -7.6159 5.2406
v  -0.7266 -7.6302 5.3038
v  -0.8242 -7.2943 5.1227
v  -0.6732 -7.2545 5.0570
v  -0.9181 -7.0026 4.9744
v  -0.7896 -6.9569 4.8885
v  1.5496 -1.6715 0.1917
v  1.3104 -1.6680 0.2887
v  1.3743 -1.6723 0.3677
v  1.6059 -1.6845 0.2630
v  1.4286 -1.7119 0.4336
v  1.6559 -1.7141 0.3274
v  1.4356 -1.8543 0.4324
v  1.4483 -1.7829 0.4557
v  1.6780 -1.8562 0.3575
v  1.6842 -1.7755 0.3659
v  1.4036 -1.9136 0.3845
v  1.3714 -1.9867 0.3336
v  1.6087 -1.9959 0.2731
v  1.6353 -1.9177 0.2983
v  2.5423 -4.7028 1.6918
v  2.1933 -4.5474 1.8237
v  2.1949 -4.6053 1.8805
v  2.5587 -4.7585 1.7492
v  2.5161 -4.6086 1.6078
v  2.1761 -4.4607 1.7309
v  1.8193 -4.4304 1.9177
v  1.8070 -4.3472 1.8183
v  2.2352 -2.0755 -0.1648
v  2.2756 -1.9955 -0.2034
v  2.1711 -2.0750 -0.2400
v  2.2232 -2.0142 -0.2751
v  2.1049 -1.8096 -0.4007
v  2.1507 -1.7154 -0.3954
v  1.9923 -1.7553 -0.3842
v  2.0160 -1.6623 -0.3699
v  2.2088 -2.2727 -0.1537
v  2.1777 -2.1348 -0.1975
v  2.2318 -2.1365 -0.1426
v  2.2704 -2.2737 -0.1116
v  3.4642 -5.3909 1.2110
v  3.5079 -5.3319 1.2478
v  3.3099 -5.2974 1.2033
v  3.4195 -5.2404 1.2145
v  3.3259 -5.0045 1.1984
v  3.4155 -5.1161 1.2592
v  3.3494 -5.1700 1.1773
v  3.2676 -5.0577 1.1322
v  3.2288 -5.1965 1.1859
v  3.1545 -5.0663 1.1465
v  3.3075 -5.4113 1.1777
v  3.4516 -5.4637 1.2010
v  3.5355 -5.6971 1.4254
v  3.6160 -5.6684 1.5631
v  3.5162 -5.7173 1.6600
v  3.4095 -5.6790 1.4679
v  2.5159 -7.6362 3.7949
v  2.6406 -7.4884 3.8236
v  2.5519 -7.4108 3.8469
v  2.4011 -7.5726 3.8460
v  2.7168 -7.3554 3.7025
v  2.6450 -7.2794 3.7258
v  2.4394 -7.7233 3.6859
v  2.4248 -7.7390 3.5505
v  2.3145 -7.7277 3.7150
v  2.2365 -7.7350 3.5215
v  2.6723 -7.4740 3.1915
v  2.7379 -7.3417 3.2486
v  2.7795 -7.4077 3.2998
v  2.7487 -7.5393 3.2469
v  2.7676 -7.3173 3.4023
v  2.7163 -7.2206 3.3615
v  2.7282 -7.3186 3.5375
v  2.6656 -7.2456 3.5433
v  3.6122 -5.3901 1.7734
v  3.6855 -5.4289 1.6749
v  3.6716 -5.5295 1.6953
v  3.5888 -5.5507 1.8283
v  3.6518 -5.6108 1.6531
v  3.5915 -5.6668 1.7609
v  1.4894 -5.6327 2.1269
v  1.1186 -5.4747 2.2172
v  1.9496 -5.8162 2.0493
v  1.7908 -6.1183 2.3768
v  1.3200 -5.9363 2.3979
v  0.9586 -5.7427 2.4681
v  1.1821 -6.1888 2.7227
v  0.8431 -5.9628 2.7798
v  1.6461 -6.3871 2.7229
v  0.8317 -1.2611 0.0451
v  1.0141 -1.3102 -0.1158
v  0.9306 -1.0783 -0.2246
v  0.7533 -1.0436 -0.0651
v  1.1243 -1.1248 -0.3722
v  1.2322 -1.3448 -0.2438
v  1.0327 -0.8853 -0.4780
v  0.8464 -0.8476 -0.3348
v  0.6863 -0.8162 -0.1665
v  1.0826 -1.4329 -0.4469
v  1.0048 -1.2652 -0.5684
v  1.1102 -1.2559 -0.6284
v  1.1903 -1.4272 -0.5061
v  1.2974 -1.4154 -0.5586
v  1.2143 -1.2390 -0.6802
v  1.7235 -1.2043 -0.5452
v  1.7026 -1.2373 -0.5720
v  1.5770 -1.0473 -0.6641
v  1.5961 -1.0139 -0.6409
v  1.8363 -1.3731 -0.4477
v  1.8168 -1.4056 -0.4721
v  1.7789 -1.4377 -0.4930
v  1.6665 -1.2706 -0.5945
v  1.5492 -1.0823 -0.6878
v  1.9137 -1.5510 -0.4059
v  1.8827 -1.5969 -0.4211
v  1.9264 -1.5046 -0.3828
v  1.9305 -1.4592 -0.3430
v  1.8820 -1.4590 -0.2936
v  1.8175 -1.3520 -0.4114
v  1.7675 -1.3482 -0.3821
v  1.7044 -1.1799 -0.5039
v  1.6084 -0.9743 -0.6001
v  1.5734 -0.9444 -0.5509
v  1.6588 -1.1677 -0.4780
v  1.4371 -1.6027 0.0432
v  1.2031 -1.5978 0.1419
v  1.2624 -1.6459 0.2252
v  1.5008 -1.6458 0.1306
v  1.0547 -1.6219 0.3339
v  1.0000 -1.5648 0.2636
v  1.1115 -1.4894 0.0152
v  0.9168 -1.4442 0.1574
v  1.3429 -1.5028 -0.0921
v  3.0803 -4.8463 1.0031
v  3.1766 -4.8440 0.9937
v  3.0032 -4.5913 0.7487
v  3.0833 -4.5701 0.7680
v  3.2425 -4.8039 1.0379
v  2.0490 -4.0901 1.3271
v  1.9660 -3.8484 1.0403
v  2.2574 -3.9594 0.9352
v  2.3487 -4.2355 1.1964
v  2.1451 -3.6359 0.6891
v  1.8641 -3.5577 0.7716
v  2.1236 -4.3007 1.5611
v  1.7716 -4.1894 1.6542
v  2.4474 -4.4456 1.4369
v  2.9397 -4.2311 0.5324
v  2.8086 -3.8526 0.2859
v  2.8963 -4.2686 0.4795
v  2.7687 -3.8905 0.2226
v  2.3683 -2.5854 -0.0551
v  2.5269 -2.9906 0.0110
v  2.4624 -3.0094 -0.0627
v  2.3044 -2.5893 -0.0951
v  2.6921 -3.4234 0.1052
v  2.6202 -3.4560 0.0428
v  2.7145 -3.3964 0.1944
v  1.8307 -2.8917 0.3659
v  1.6026 -2.8398 0.4988
v  1.7286 -3.2127 0.5927
v  1.9791 -3.2847 0.4821
v  1.4244 -4.9461 1.8063
v  1.7551 -5.0810 1.6690
v  1.7315 -5.1349 1.7541
v  1.3976 -4.9957 1.8989
v  2.1460 -5.3277 1.6077
v  2.1455 -5.2747 1.5047
v  2.3801 -1.7007 -0.1348
v  2.3860 -1.7654 -0.1116
v  2.3058 -1.7457 -0.0327
v  2.2895 -1.6793 -0.0510
v  2.3577 -1.6491 -0.1714
v  2.2671 -1.6306 -0.0856
v  2.0938 -2.0262 -0.3064
v  2.1642 -1.9937 -0.3265
v  2.1190 -1.9488 -0.3627
v  2.0349 -1.9709 -0.3563
v  2.0111 -1.8855 -0.3840
v  2.0975 -1.8867 -0.3886
v  1.6371 -2.2164 0.2763
v  1.4121 -2.2212 0.3751
v  1.4970 -2.4890 0.4348
v  1.7247 -2.5052 0.3269
v  1.3760 -2.0773 0.3439
v  1.6056 -2.0703 0.2668
v  1.3879 -2.5669 0.2438
v  1.5766 -2.5623 0.1980
v  1.3546 -2.3210 0.1092
v  1.5242 -2.3036 0.0650
v  1.7162 -2.2879 0.0015
v  1.7886 -2.5647 0.1233
v  1.4996 -2.1913 0.0005
v  1.3437 -2.2062 0.0600
v  1.6832 -2.1650 -0.0572
v  2.5388 -7.7374 3.3471
v  2.6526 -7.6662 3.2568
v  2.5640 -7.6037 3.2272
v  2.4425 -7.6753 3.3103
v  2.4631 -7.7452 3.4519
v  2.3352 -7.7101 3.4069
v  1.0793 -6.1079 3.5652
v  1.3845 -6.3434 3.5884
v  1.3818 -6.3144 3.4844
v  1.0837 -6.0652 3.4533
v  1.7523 -6.5667 3.5356
v  1.7576 -6.5864 3.6506
v  1.7587 -6.5259 3.4444
v  1.3847 -6.2675 3.3919
v  1.0729 -6.0301 3.3426
v  1.3539 -6.4169 3.7288
v  1.0390 -6.1896 3.7051
v  1.7211 -6.6764 3.7913
v  1.7444 -4.7257 2.2085
v  1.6958 -4.7942 2.2146
v  2.0968 -4.8955 2.1319
v  2.1356 -4.8343 2.1131
v  2.0236 -5.0188 2.1902
v  1.6170 -4.9197 2.2561
v  2.4382 -5.1947 2.0759
v  2.5169 -5.0596 2.0156
v  2.5543 -4.9948 1.9919
v  2.0756 -5.8162 2.4499
v  2.2884 -5.4567 2.2597
v  1.8611 -5.2782 2.3194
v  1.6623 -5.6032 2.5094
v  1.4618 -5.1638 2.3682
v  1.2900 -5.4487 2.5619
v  3.3409 -4.9417 1.2597
v  3.4271 -5.0447 1.3294
v  3.3728 -4.9907 1.3993
v  3.2899 -4.8916 1.3229
v  3.2118 -4.7123 1.1654
v  3.2666 -4.7482 1.1030
v  2.2417 -4.6417 1.2168
v  1.8728 -4.5235 1.3233
v  1.9016 -4.7220 1.5018
v  2.2868 -4.8458 1.3956
v  1.5744 -4.5632 1.6167
v  1.5482 -4.4015 1.4182
v  1.5603 -4.7375 1.7306
v  1.5756 -4.6680 1.7019
v  1.9164 -4.8098 1.6033
v  1.9026 -4.8719 1.6480
v  2.3041 -4.9463 1.4795
v  2.2961 -5.0059 1.5148
v  3.2140 -6.1642 2.0419
v  3.1751 -6.1979 1.9945
v  3.3662 -5.8763 1.8413
v  3.1786 -6.1019 2.0833
v  3.4438 -5.8673 1.9094
v  3.3880 -5.7944 1.9712
v  2.9843 -6.4762 2.3316
v  3.0371 -6.5627 2.2913
v  3.0197 -6.6772 2.1822
v  3.5511 -5.7318 1.8334
v  3.5041 -5.6435 1.8983
v  3.4868 -5.7714 1.7466
v  2.6061 -4.9139 1.9862
v  2.1961 -4.7621 2.1058
v  2.2362 -4.6886 2.0549
v  2.6335 -4.8353 1.9365
v  1.8041 -4.6521 2.1884
v  2.2168 -4.6530 1.9595
v  2.6061 -4.7861 1.8434
v  1.4932 -4.8600 1.7461
v  1.8162 -4.9961 1.6308
v  1.7817 -5.0381 1.6314
v  1.4580 -4.9023 1.7621
v  2.1654 -5.2085 1.4596
v  2.2038 -5.1463 1.4747
v  1.8644 -4.9418 1.6566
v  2.2570 -5.0824 1.5172
v  1.5300 -4.8040 1.7418
v  2.8451 -6.8037 2.7364
v  2.7509 -7.1573 3.0209
v  2.8751 -6.9097 2.6697
v  2.7050 -7.0495 3.0883
v  2.6534 -7.2090 2.9519
v  2.7886 -6.9671 2.5937
v  2.6556 -7.3716 3.1059
v  2.7054 -7.1601 3.2649
v  2.7291 -7.2785 3.1813
v  1.1556 -5.6946 2.8225
v  1.4901 -5.9092 2.7773
v  1.0806 -5.8679 3.0775
v  1.3934 -6.1154 3.0720
v  1.8723 -6.1776 2.7298
v  1.7959 -6.3609 3.1120
v  1.3819 -6.2049 3.2770
v  1.7869 -6.4356 3.3480
v  1.0677 -5.9656 3.2374
v  2.2131 -7.7597 3.7466
v  2.2514 -7.6267 3.8714
v  1.9724 -7.6382 3.8931
v  1.9756 -7.8134 3.8507
v  1.8848 -7.8979 3.7093
v  2.1065 -7.7759 3.5900
v  0.9667 -7.1207 3.6285
v  0.5952 -6.8044 3.6472
v  0.7251 -6.7611 3.5189
v  1.1170 -7.0779 3.5017
v  0.3888 -6.4841 3.5381
v  0.2655 -6.5360 3.6496
v  -0.6114 -6.6860 5.3696
v  -0.4893 -6.9695 5.5299
v  -0.4788 -6.9659 5.3868
v  -0.5890 -6.6591 5.2266
v  -0.2912 -7.2769 5.5875
v  -0.3159 -7.2658 5.7325
v  -0.2556 -7.2718 5.4648
v  -0.4567 -6.9460 5.2568
v  -0.5774 -6.6311 5.0915
v  -0.5654 -6.9929 5.6237
v  -0.4075 -7.2867 5.8369
v  -0.6898 -6.7153 5.4684
v  1.9848 -1.6372 0.0169
v  1.7834 -1.6700 0.0958
v  1.8350 -1.6877 0.1529
v  2.0344 -1.6635 0.0606
v  1.8777 -1.7112 0.2066
v  2.0697 -1.6955 0.1015
v  1.8778 -1.9204 0.2468
v  1.8445 -1.9941 0.2291
v  2.0364 -1.9874 0.1622
v  2.0679 -1.9071 0.1563
v  2.0975 -1.8225 0.1447
v  1.9183 -1.8416 0.2742
v  2.6284 -3.7926 0.5208
v  2.4129 -3.7257 0.5918
v  2.5425 -4.0735 0.8237
v  2.7843 -4.1387 0.7589
v  2.6475 -4.3711 1.0677
v  2.9224 -4.4130 1.0189
v  3.2151 -4.9958 1.5375
v  2.9272 -4.8863 1.6333
v  2.9917 -4.9241 1.7373
v  3.3045 -5.0285 1.6586
v  3.0357 -4.9901 1.8473
v  3.3576 -5.1222 1.7810
v  2.0580 -2.2637 -0.1164
v  2.0085 -2.1378 -0.1846
v  2.1077 -2.1349 -0.2103
v  2.1471 -2.2678 -0.1528
v  2.0830 -2.0871 -0.2445
v  1.9833 -2.0942 -0.2226
v  3.0191 -5.4099 1.3081
v  3.0355 -5.3218 1.3104
v  3.1999 -5.3767 1.2145
v  3.1886 -5.4762 1.2125
v  3.1898 -5.2742 1.2188
v  3.0304 -5.2230 1.2914
v  2.7689 -4.5807 0.7723
v  2.6505 -4.2673 0.5078
v  2.8045 -4.2840 0.4755
v  2.9203 -4.5956 0.7511
v  2.6657 -3.9073 0.2248
v  2.5224 -3.8825 0.2832
v  2.3400 -7.4661 3.8767
v  2.4713 -7.3333 3.8544
v  2.3308 -7.2076 3.8408
v  2.2062 -7.3480 3.8515
v  2.5666 -7.2067 3.7380
v  2.4137 -7.0872 3.7283
v  3.5328 -5.3416 1.8303
v  3.3666 -5.2537 1.8695
v  3.3455 -5.3748 1.9468
v  3.4942 -5.4866 1.8759
v  3.5124 -5.2031 1.7322
v  2.7667 -6.3284 2.3278
v  2.4416 -6.1138 2.3379
v  2.2985 -6.4019 2.7623
v  2.6098 -6.6322 2.7449
v  2.2229 -6.5838 3.1714
v  2.4931 -6.8610 3.1261
v  1.3533 -0.9578 -0.5690
v  1.2042 -0.9271 -0.5469
v  1.3085 -1.1547 -0.4350
v  1.4656 -1.1599 -0.4392
v  1.4339 -1.3447 -0.2890
v  1.5933 -1.3353 -0.3030
v  1.9297 -1.5411 -0.1594
v  2.0365 -1.5832 -0.1009
v  1.9119 -1.6074 -0.0271
v  1.8186 -1.5616 -0.0918
v  2.1190 -1.6194 -0.0608
v  2.1657 -1.6495 -0.0205
v  2.1929 -1.6869 0.0143
v  1.7241 -1.6394 0.0434
v  1.6485 -1.5877 -0.0309
v  2.2147 -1.7444 0.0357
v  2.0937 -1.7498 0.1266
v  2.2137 -1.8197 0.0474
v  2.1794 -1.9064 0.0615
v  2.1473 -1.9927 0.0778
v  1.9107 -1.7595 0.2513
v  2.1469 -2.0655 0.0886
v  2.0376 -2.0507 0.1708
v  2.0903 -2.1887 0.2131
v  2.1964 -2.2123 0.1201
v  1.8427 -2.0579 0.2282
v  1.8909 -2.1930 0.2728
v  2.3946 -2.9628 0.2007
v  2.5486 -3.4159 0.2970
v  2.4509 -3.3883 0.3322
v  2.2895 -2.9484 0.2249
v  2.7402 -3.8197 0.4960
v  2.9106 -4.1639 0.7353
v  3.0531 -4.4489 0.9837
v  2.2464 -3.3371 0.4056
v  2.0862 -2.9214 0.2889
v  3.2221 -4.8670 1.3529
v  3.2985 -4.9653 1.4347
v  3.1585 -4.9204 1.4803
v  3.0910 -4.8253 1.3946
v  3.3594 -5.0517 1.4882
v  3.4538 -5.1009 1.6070
v  2.8903 -4.8217 1.5771
v  2.8365 -4.7377 1.4853
v  1.6229 -1.5006 -0.4942
v  1.7239 -1.6642 -0.3987
v  1.5948 -1.6920 -0.3584
v  1.5001 -1.5321 -0.4640
v  1.6762 -1.8466 -0.3049
v  1.8104 -1.8201 -0.3556
v  1.8551 -1.9413 -0.3750
v  1.7170 -1.9672 -0.3178
v  1.7559 -2.0385 -0.2890
v  1.8955 -2.0163 -0.3426
v  1.9043 -1.7858 -0.3768
v  1.9429 -1.9082 -0.3902
v  1.9758 -1.9913 -0.3553
v  1.8188 -1.6329 -0.4156
v  1.7159 -1.4712 -0.5070
v  1.9422 -2.0635 -0.2837
v  1.7976 -2.0857 -0.2338
v  1.8351 -2.1074 -0.1685
v  1.8597 -2.1490 -0.1284
v  1.9049 -2.2719 -0.0620
v  2.0307 -2.0426 -0.2964
v  2.9294 -5.0277 1.1954
v  2.9902 -5.1405 1.2677
v  2.6764 -5.0700 1.3395
v  2.6429 -4.9602 1.2757
v  2.6946 -5.1313 1.3705
v  2.6850 -5.2181 1.4114
v  2.6473 -5.2957 1.3816
v  3.1409 -5.1857 1.2137
v  3.0780 -5.0489 1.1717
v  2.2523 -3.0115 -0.0002
v  2.3761 -3.4628 0.0967
v  2.1629 -3.4312 0.1801
v  2.0712 -2.9895 0.0942
v  2.2874 -3.8322 0.3686
v  2.3990 -4.1916 0.6002
v  2.5050 -4.4917 0.8638
v  2.5134 -3.4738 0.0434
v  2.3703 -3.0178 -0.0521
v  3.0112 -5.5446 1.3609
v  3.0749 -5.6367 1.4862
v  2.6539 -5.4831 1.5363
v  2.6181 -5.4226 1.4206
v  3.1378 -5.7183 1.6089
v  2.6661 -5.5995 1.6144
v  2.6617 -5.6528 1.6430
v  3.0623 -5.8661 1.7557
v  2.5982 -5.7555 1.7234
v  3.1422 -5.7615 1.6648
v  3.3798 -5.7214 1.6357
v  3.3837 -5.7710 1.7126
v  3.2890 -5.8797 1.8246
v  3.2978 -5.6619 1.4825
v  3.1974 -5.6364 1.3139
v  2.3582 -7.1081 2.9154
v  2.3374 -7.2695 3.0584
v  1.9834 -6.9920 3.1265
v  2.0128 -6.8426 2.9914
v  2.3380 -7.3551 3.1327
v  1.9614 -7.0967 3.1705
v  1.8655 -7.2164 3.1505
v  2.2577 -7.4505 3.1770
v  2.1381 -7.5388 3.2292
v  1.7479 -7.3169 3.1825
v  2.5425 -7.4500 3.1631
v  2.4608 -7.5535 3.2046
v  2.3406 -7.6317 3.2758
v  2.5446 -7.3687 3.0741
v  2.5595 -7.1945 2.9272
v  1.6505 -7.3771 3.2902
v  2.0249 -7.5962 3.3240
v  1.9194 -7.6348 3.4138
v  1.5603 -7.4185 3.3812
v  1.4895 -7.4242 3.4607
v  1.8269 -7.6532 3.4919
v  1.6358 -7.6654 3.6638
v  1.3322 -7.4346 3.6294
v  2.1112 -7.7205 3.4555
v  2.0065 -7.7597 3.5224
v  1.7847 -7.7858 3.6684
v  2.2241 -7.6790 3.3698
v  -0.4443 -7.9551 5.4487
v  -0.5758 -7.9478 5.5150
v  -0.4555 -8.2121 5.6775
v  -0.3456 -8.2327 5.6090
v  -0.5220 -8.1628 5.7836
v  -0.6744 -7.9085 5.6311
v  -0.5225 -8.1046 5.8910
v  -0.6962 -7.8508 5.7657
v  -0.6455 -7.7855 5.8929
v  -0.4762 -8.0493 5.9896
v  -0.3672 -7.9976 6.0560
v  -0.5187 -7.7248 5.9736
v  -0.3783 -7.6743 5.9982
v  -0.2480 -7.9497 6.0836
v  -0.2652 -7.6266 5.9675
v  -0.1520 -7.8987 6.0628
v  -0.0840 -7.8775 5.9827
v  -0.1803 -7.6008 5.8811
v  -0.1330 -7.6100 5.7595
v  -0.0484 -7.8990 5.8775
v  -0.0400 -7.9391 5.7759
v  -0.1268 -7.6376 5.6420
v  1.8295 -7.4908 3.8835
v  2.0784 -7.4172 3.8556
v  1.8330 -7.1932 3.8522
v  1.6161 -7.2524 3.9316
v  1.9504 -7.1194 3.8248
v  2.0537 -6.9818 3.7931
v  2.1173 -6.8658 3.6897
v  2.2085 -7.5279 3.8839
v  1.9379 -7.5854 3.8847
v  2.1160 -6.8469 3.5677
v  2.4242 -7.0617 3.5874
v  2.4331 -7.0288 3.4657
v  2.1189 -6.8165 3.4633
v  2.1553 -6.7285 3.3564
v  2.4525 -6.9683 3.3439
v  2.6118 -7.0923 3.3116
v  2.6274 -6.9944 3.1010
v  2.6066 -7.1403 3.4282
v  2.5870 -7.1764 3.5701
v  3.1629 -5.6329 2.0232
v  3.2846 -5.4690 1.9957
v  2.9494 -5.2685 2.0141
v  2.8422 -5.4281 2.0272
v  3.0023 -5.1840 1.9911
v  3.0356 -5.0843 1.9345
v  3.4314 -5.5829 1.9284
v  3.3155 -5.7381 1.9967
v  3.1239 -6.0544 2.0949
v  2.9716 -5.9546 2.0970
v  2.9293 -6.4264 2.3375
v  2.7766 -6.7365 2.7512
v  2.6557 -5.7398 2.1166
v  2.6758 -6.9311 2.5896
v  2.4613 -6.8624 2.5804
v  2.6243 -6.5616 2.1731
v  2.8597 -6.6315 2.1735
v  3.0938 -6.2022 1.9750
v  2.8625 -6.1749 1.9161
v  2.2399 -6.3682 2.2609
v  2.4387 -6.0233 1.9576
v  2.0925 -6.6467 2.6502
v  1.5847 -1.1561 -0.4476
v  1.4792 -0.9518 -0.5545
v  1.7002 -1.3409 -0.3433
v  1.5324 -1.3461 -0.6149
v  1.6127 -1.3072 -0.6118
v  1.5049 -1.1232 -0.7138
v  1.4335 -1.1690 -0.7320
v  1.3282 -1.2112 -0.7213
v  1.4190 -1.3880 -0.5998
v  1.5513 -1.4808 -0.1414
v  1.7124 -1.4661 -0.1831
v  1.8160 -1.4660 -0.2435
v  3.1507 -4.6864 1.1977
v  3.0257 -4.6372 1.2452
v  2.7573 -4.5781 1.3114
v  2.8605 -4.8339 1.0200
v  2.5918 -4.7469 1.1120
v  3.0088 -4.8447 1.0055
v  2.1559 -2.5744 -0.0329
v  1.9905 -2.5705 0.0343
v  2.2458 -2.5824 -0.0756
v  2.2793 -2.5352 0.1546
v  2.1719 -2.5161 0.2133
v  1.9684 -2.5101 0.2614
v  3.1772 -5.5555 1.2380
v  3.0061 -5.4686 1.3200
v  2.6237 -5.3555 1.3812
v  -1.9463 -3.8415 3.2720
v  -1.9209 -3.8568 3.2081
v  -2.0407 -3.8081 3.2554
v  -2.0485 -3.7865 3.2049
v  -2.1113 -3.5155 3.2271
v  -1.9856 -3.4832 3.2896
v  -2.0225 -3.5125 3.3753
v  -2.1565 -3.5571 3.3156
v  -2.1819 -3.6822 3.2017
v  -2.2071 -3.6215 3.2529
v  -2.1522 -3.5789 3.1671
v  -2.1371 -3.6392 3.1216
v  -2.1645 -3.6159 3.3932
v  -2.0324 -3.5812 3.4371
v  -2.1314 -3.6637 3.4433
v  -2.0354 -3.6557 3.4822
v  -2.2167 -3.6778 3.3376
v  -2.1917 -3.7311 3.2799
v  -2.1448 -3.7799 3.3602
v  -2.1584 -3.7225 3.4154
v  -2.0232 -3.8158 3.4475
v  -2.0336 -3.7337 3.4912
v  -2.1036 -3.7969 3.2974
v  -1.9876 -3.8425 3.3549
v  -2.1351 -3.7561 3.2324
v  -2.1215 -3.7272 3.1605
v  -2.0894 -3.6968 3.0860
v  -1.2778 -3.9044 3.7499
v  -1.3301 -3.8902 3.7853
v  -1.2440 -4.1285 3.9008
v  -1.1897 -4.1199 3.8289
v  -1.2927 -4.0773 3.9480
v  -1.3664 -3.8715 3.8209
v  -1.0874 -4.7743 4.2542
v  -1.0623 -4.8073 4.1933
v  -1.1509 -4.4396 4.0586
v  -1.1945 -4.3931 4.0950
v  -0.9887 -4.4577 3.8631
v  -0.9415 -4.4336 3.8074
v  -0.7509 -4.8137 3.8595
v  -0.8233 -4.8471 3.9350
v  -1.0470 -4.4488 3.9213
v  -1.0882 -4.4594 3.9845
v  -0.9640 -4.8365 4.0656
v  -0.8980 -4.8458 4.0006
v  -1.0889 -4.5444 4.0538
v  -1.0134 -4.8477 4.1362
v  0.6009 -7.1376 4.2764
v  0.9600 -7.0808 4.0370
v  0.7072 -6.8178 4.0230
v  0.3871 -6.8656 4.2424
v  0.4547 -6.6073 3.9636
v  0.1654 -6.6514 4.1742
v  -0.1643 -7.2509 5.2815
v  -0.3652 -6.9219 5.0725
v  -0.4285 -6.9281 5.1753
v  -0.2237 -7.2607 5.3929
v  -0.5620 -6.6153 5.0084
v  -0.5150 -6.6261 4.9100
v  -0.0392 -6.6792 4.3627
v  0.1564 -6.9048 4.4443
v  -0.0239 -6.9209 4.6576
v  -0.2066 -6.6846 4.5455
v  0.1655 -7.2107 4.7718
v  0.3514 -7.1825 4.5145
v  -0.0160 -7.2304 5.0536
v  -0.2144 -6.9237 4.8830
v  -0.3826 -6.6598 4.7402
v  1.2080 -7.3493 4.0860
v  0.7728 -7.4543 4.2969
v  0.9101 -7.7154 4.3347
v  1.3780 -7.5974 4.0757
v  0.0492 -7.9640 5.5697
v  -0.0376 -7.6336 5.4484
v  -0.1001 -7.6412 5.5729
v  -0.0132 -7.9576 5.7090
v  0.4627 -7.8611 4.9465
v  0.3204 -7.5610 4.8606
v  0.1145 -7.6079 5.1772
v  0.2268 -7.9302 5.2797
v  0.5114 -7.5137 4.5718
v  0.6532 -7.7918 4.6407
v  1.4624 -7.7288 4.0585
v  1.4524 -7.7056 4.0599
v  0.9689 -7.8433 4.3456
v  0.9744 -7.8850 4.3569
v  0.5663 -8.0420 5.0111
v  0.7338 -7.9537 4.6836
v  0.7683 -8.0593 4.7048
v  0.6091 -8.1756 5.0372
v  0.9784 -8.0144 4.3647
v  1.4547 -7.8484 4.0506
v  1.3722 -7.8741 3.9742
v  0.8768 -8.0301 4.2992
v  0.5581 -8.3065 5.0100
v  0.7257 -8.1721 4.6740
v  0.6085 -8.1823 4.6183
v  0.4289 -8.3139 4.9523
v  1.3171 -7.8293 3.9730
v  1.2015 -7.7409 3.9582
v  0.8051 -8.0058 4.2576
v  0.6870 -7.9167 4.1957
v  0.2415 -8.0893 4.8355
v  0.4041 -8.0236 4.4994
v  0.5178 -8.1453 4.5625
v  0.3426 -8.2356 4.9038
v  -0.2456 -7.9359 5.3158
v  -0.3587 -7.9630 5.4051
v  -0.4912 -7.6146 5.1942
v  -0.4001 -7.5940 5.1106
v  -0.1243 -8.2156 5.4738
v  -0.2484 -8.2382 5.5769
v  0.4788 -7.7161 4.1160
v  0.9390 -7.5444 3.8784
v  0.6364 -7.2465 3.8519
v  0.2743 -7.3922 4.1103
v  0.2166 -7.8063 4.4125
v  0.0713 -7.8460 4.7335
v  -0.0735 -7.4906 4.6586
v  0.0586 -7.4643 4.3808
v  -0.2451 -7.5447 4.9154
v  -0.0808 -7.8843 5.0699
v  0.0747 -8.1376 5.2113
v  -0.7209 -6.9392 4.8197
v  -0.6025 -7.2452 5.0021
v  -0.5353 -7.2338 4.9153
v  -0.6576 -6.9262 4.7312
v  0.0319 -7.0716 4.0752
v  0.3239 -6.9332 3.8457
v  0.0300 -6.6724 3.7988
v  -0.1917 -6.7872 4.0198
v  -0.1479 -7.1346 4.3052
v  -0.2822 -7.1696 4.5209
v  -0.4475 -6.8719 4.3989
v  -0.3356 -6.8415 4.2193
v  -0.5607 -6.9020 4.5801
v  -0.4185 -7.2045 4.7405
v  -0.4094 -6.3831 3.9279
v  -0.2479 -6.2854 3.7626
v  -0.1359 -6.4482 3.7921
v  -0.3233 -6.5573 3.9736
v  -0.0811 -6.1855 3.6392
v  0.0547 -6.3345 3.6520
v  -0.4458 -6.6184 4.1470
v  -0.5396 -6.6539 4.3075
v  -0.6036 -6.4968 4.2316
v  -0.5189 -6.4521 4.0845
v  -1.2659 -5.0573 3.8239
v  -1.1549 -5.5104 4.0821
v  -1.1927 -5.0711 3.7932
v  -1.0930 -5.5125 4.0226
v  -1.0040 -5.9131 4.2189
v  -1.0736 -5.9272 4.2897
v  -1.2805 -4.7202 3.6028
v  -1.1345 -4.8609 3.6071
v  -1.0938 -5.1225 3.7609
v  -1.1315 -4.7076 3.5012
v  -0.9204 -5.0439 3.5784
v  -0.9764 -5.1155 3.6608
v  -0.9965 -5.2417 3.7585
v  -1.1032 -4.6471 3.4298
v  -0.8550 -4.9953 3.5091
v  -1.3741 -4.6787 3.6179
v  0.7246 -0.2769 -1.0390
v  0.8045 -0.2957 -1.0607
v  0.6507 -0.2622 -1.0150
v  0.9383 -0.2969 -1.0006
v  0.9194 -0.2791 -1.0498
v  0.9955 -0.3009 -1.0742
v  0.9569 -0.3591 -0.9708
v  1.0165 -0.2909 -1.0279
v  1.0404 -0.3487 -1.0015
v  1.0723 -0.2887 -1.0430
v  1.0405 -0.3093 -1.0849
v  1.0759 -0.3140 -1.0954
v  1.1139 -0.2809 -1.0709
v  1.1880 -0.3079 -1.0212
v  1.1165 -0.3418 -1.0219
v  0.9995 0.0372 -0.8639
v  1.1470 -0.0134 -0.8692
v  1.1497 0.0571 -0.8897
v  0.8341 0.0933 -0.7815
v  1.0133 0.1061 -0.8616
v  0.8562 0.1468 -0.7713
v  0.8380 0.0244 -0.7493
v  1.0088 -0.0360 -0.8211
v  1.1580 -0.0873 -0.8283
v  0.6717 0.1182 -0.6387
v  0.6909 0.1665 -0.6296
v  0.5293 0.1723 -0.4753
v  0.6769 0.0510 -0.6141
v  0.5380 0.1203 -0.4646
v  0.5389 0.0543 -0.4529
v  0.3075 0.0891 -0.2109
v  0.3922 0.1081 -0.3408
v  0.3910 0.1620 -0.3307
v  0.2964 0.1366 -0.2031
v  0.4009 0.0390 -0.3342
v  0.3153 0.0253 -0.2134
v  0.8991 -0.3238 -1.0899
v  0.9838 -0.3533 -1.1114
v  1.0796 -0.3505 -1.1242
v  1.0348 -0.3621 -1.1225
v  1.2348 -0.2765 -1.1422
v  1.1958 -0.2611 -1.0879
v  1.1438 -0.3179 -1.1138
v  1.1706 -0.3386 -1.1751
v  1.1808 -0.1877 -1.0458
v  1.2501 -0.1878 -1.0997
v  1.2595 -0.1087 -1.0456
v  1.2389 -0.2711 -0.9830
v  1.2166 -0.1476 -0.9881
v  1.2732 -0.2284 -0.9451
v  1.2975 -0.0629 -0.9854
v  1.2552 -0.1050 -0.9405
v  1.2660 -0.0675 -0.8960
v  1.3183 -0.0053 -0.9238
v  1.2812 -0.1329 -0.8460
v  1.2975 -0.1772 -0.8962
v  1.2469 0.0262 -0.8879
v  1.2324 -0.0400 -0.8730
v  1.2372 -0.1121 -0.8314
v  -0.6870 0.0070 0.2190
v  -0.7080 -0.0159 0.1704
v  -0.6335 -0.0374 0.1906
v  -0.6122 0.0283 0.1666
v  -0.5228 -0.0598 0.1963
v  -0.5049 0.0084 0.1435
v  -0.5112 0.0607 0.1435
v  -0.7948 -0.0609 0.1771
v  -0.7395 -0.1191 0.1880
v  -0.8934 -0.1418 0.2086
v  -0.8140 -0.2729 0.2113
v  -0.6807 -0.1707 0.2152
v  -0.8544 -0.2089 0.1773
v  -0.9484 -0.2769 0.1652
v  -0.9234 -0.3527 0.2173
v  -0.9700 -0.2068 0.2116
v  -1.0311 -0.2648 0.2166
v  -1.0135 -0.3251 0.1850
v  -0.9969 -0.3880 0.2222
v  -0.9114 -1.1421 0.4801
v  -0.8911 -0.9663 0.3532
v  -0.8858 -1.0108 0.2752
v  -0.8824 -1.2152 0.4523
v  -0.8269 -1.2772 0.4267
v  -0.8097 -1.0891 0.2636
v  1.1388 -2.0545 -0.1304
v  1.1666 -2.1359 -0.0923
v  1.0694 -2.1557 -0.1036
v  1.1213 -1.9211 -0.1135
v  1.0424 -2.0544 -0.1259
v  1.0269 -1.9194 -0.0879
v  1.2000 -2.1659 -0.0124
v  1.2290 -2.1617 0.0720
v  1.1432 -2.1819 0.0989
v  1.1111 -2.1961 -0.0054
v  0.3757 -1.6800 0.8108
v  0.3584 -1.6252 0.7730
v  0.1979 -1.6259 0.8569
v  0.2092 -1.6819 0.9000
v  1.1287 -4.6010 1.7995
v  1.3044 -4.6885 1.7933
v  1.2665 -4.7624 1.8049
v  1.0813 -4.7011 1.8032
v  1.3331 -4.6074 1.7848
v  1.1571 -4.5089 1.7956
v  1.3341 -4.5385 1.7460
v  1.3198 -4.4569 1.6488
v  1.1406 -4.4564 1.7410
v  1.1237 -4.3862 1.6538
v  0.2193 -3.8218 2.4399
v  0.5608 -3.9656 2.3092
v  0.5559 -3.9135 2.2409
v  0.2170 -3.7707 2.3711
v  0.2185 -3.7091 2.2937
v  0.5512 -3.8500 2.1657
v  0.2220 -2.0071 0.9845
v  0.2251 -1.9441 0.9823
v  0.4081 -1.9702 0.8904
v  0.4036 -2.0326 0.9001
v  0.4274 -1.9145 0.9170
v  0.2441 -1.8872 1.0110
v  0.1011 -6.0886 3.5256
v  0.2492 -6.2400 3.5085
v  0.1730 -6.2750 3.5659
v  0.0296 -6.1236 3.5754
v  -0.9807 -6.6166 5.3298
v  -1.0485 -6.6575 5.2433
v  -0.8862 -6.5738 5.3849
v  -0.9588 -6.4225 5.3367
v  -1.0678 -6.4742 5.2828
v  -1.1392 -6.5165 5.1834
v  -0.7702 -6.5137 5.3778
v  -0.8282 -6.3523 5.3261
v  -0.6904 -6.4787 5.2653
v  -0.7314 -6.3021 5.2095
v  -0.6429 -6.4134 4.9860
v  -0.6605 -6.4424 5.1211
v  -0.6849 -6.2616 5.0572
v  -0.6828 -6.2462 4.9134
v  -0.6307 -6.4091 4.9054
v  -0.6794 -6.2571 4.8326
v  -0.5866 -6.4241 4.8168
v  -0.6361 -6.2741 4.7508
v  0.7772 -5.6624 3.3193
v  0.8934 -5.8218 3.3233
v  0.8952 -5.7711 3.2327
v  0.7880 -5.6267 3.2397
v  0.9062 -5.6906 3.1078
v  0.7920 -5.5693 3.1348
v  1.1971 -4.5857 2.4061
v  1.1495 -4.6745 2.4329
v  1.3831 -4.7289 2.3248
v  1.4314 -4.6487 2.3041
v  1.3092 -4.8522 2.3688
v  1.0867 -4.7923 2.4849
v  1.2715 -4.4654 2.4357
v  1.4954 -4.5520 2.3012
v  -0.6941 -5.5564 4.2662
v  -0.5888 -5.5553 4.1722
v  -0.7338 -5.2298 4.0942
v  -0.8233 -5.2226 4.1694
v  -0.6342 -5.2239 4.0088
v  -0.4626 -5.5422 4.0660
v  -0.2863 -5.5027 3.9353
v  -0.5121 -5.1883 3.9008
v  0.9022 -5.2221 2.7575
v  0.8252 -5.4298 2.9485
v  0.9603 -5.5363 2.8954
v  1.0585 -5.3201 2.6679
v  0.9956 -4.9930 2.5965
v  1.1856 -5.0719 2.4831
v  0.1972 -1.0438 0.4205
v  0.0496 -1.0456 0.4978
v  0.0088 -0.8427 0.3863
v  0.1468 -0.8418 0.3089
v  0.9941 -1.7450 -0.0916
v  1.0950 -1.7440 -0.1388
v  1.0324 -1.5797 -0.2485
v  0.9179 -1.5839 -0.1876
v  0.6988 -1.2544 -0.3775
v  0.7581 -1.4335 -0.2581
v  0.6888 -1.4270 -0.2135
v  0.6323 -1.2421 -0.3310
v  0.7805 -1.2629 -0.4298
v  0.8446 -1.4356 -0.3079
v  0.8299 -1.5843 -0.1421
v  0.7564 -1.5815 -0.1019
v  0.8541 -1.8785 -0.0275
v  0.8328 -1.7204 -0.0166
v  0.9089 -1.7351 -0.0518
v  0.9367 -1.9029 -0.0632
v  0.7520 -1.7090 0.0200
v  0.6846 -1.5768 -0.0580
v  0.7754 -1.8562 0.0190
v  0.8892 -1.2663 -0.4969
v  0.9612 -1.4337 -0.3736
v  0.5679 -1.2281 -0.2829
v  0.6224 -1.4174 -0.1657
v  0.6014 -0.1898 -0.8937
v  0.5742 -0.2508 -0.9771
v  0.5100 -0.2655 -0.9396
v  0.5028 -0.2476 -0.8620
v  0.4536 -0.3180 -0.7230
v  0.4065 -0.3247 -0.6833
v  0.3589 -0.2946 -0.7330
v  0.4038 -0.2755 -0.7700
v  0.4333 -0.4050 -0.6641
v  0.4823 -0.4039 -0.7010
v  0.4420 -0.2935 -0.8933
v  0.4666 -0.2899 -0.9270
v  0.3703 -0.3120 -0.8276
v  0.4078 -0.3000 -0.8605
v  0.4494 -0.2611 -0.8074
v  0.3337 -0.3257 -0.7940
v  0.4789 -0.8064 0.0607
v  0.5406 -1.0217 0.1614
v  0.6300 -1.0274 0.0614
v  0.5717 -0.8035 -0.0346
v  0.7050 -1.2379 0.1711
v  0.6113 -1.2291 0.2699
v  0.3224 -0.8224 0.1898
v  0.3926 -1.0163 0.3151
v  0.4662 -1.0164 0.2452
v  0.3981 -0.8130 0.1318
v  0.5288 -1.2245 0.3499
v  0.4457 -1.2277 0.4130
v  0.3065 -1.0299 0.3667
v  0.3555 -1.2384 0.4653
v  0.2436 -0.8348 0.2442
v  0.4967 -1.4167 0.5030
v  0.5869 -1.4139 0.4426
v  0.6428 -1.5539 0.5253
v  0.5473 -1.5529 0.5886
v  0.7461 -1.5491 0.4593
v  0.6800 -1.4153 0.3694
v  0.4022 -1.4233 0.5583
v  0.4471 -1.5572 0.6453
v  0.9105 -1.6059 0.4390
v  0.8574 -1.5493 0.3719
v  0.7931 -1.6182 0.5210
v  0.6835 -1.6360 0.5790
v  0.5827 -1.6307 0.6432
v  0.6126 -1.6731 0.6949
v  0.7242 -1.6389 0.6556
v  0.7834 -1.4203 0.2771
v  1.1314 -4.2635 1.4771
v  1.3114 -4.3178 1.4594
v  1.3094 -4.1204 1.2234
v  1.1496 -4.0860 1.2490
v  0.5034 -1.6774 0.7471
v  0.4820 -1.6234 0.7085
v  1.3055 -3.8811 0.9751
v  1.1636 -3.8529 1.0084
v  1.1732 -3.5666 0.7844
v  1.2980 -3.5939 0.7430
v  1.0121 -4.0439 1.2893
v  1.0392 -3.8165 1.0503
v  0.9259 -3.7741 1.0985
v  0.8917 -3.9915 1.3435
v  0.9577 -3.5017 0.8746
v  1.0630 -3.5341 0.8307
v  0.5356 -3.7245 2.0328
v  0.2214 -3.5954 2.1549
v  0.5110 -3.5597 1.8502
v  0.2367 -3.4301 1.9796
v  0.8456 -3.4762 0.9081
v  0.8060 -3.7399 1.1368
v  0.7632 -3.9512 1.3860
v  0.5014 -3.3514 1.6495
v  0.2589 -3.2344 1.7789
v  0.2708 -3.0240 1.5788
v  0.4882 -3.1248 1.4519
v  0.6782 -3.6435 1.7712
v  0.6558 -3.4275 1.5661
v  0.7695 -3.4797 1.5090
v  0.7940 -3.7025 1.7192
v  0.7489 -3.2276 1.3121
v  0.6351 -3.1870 1.3694
v  0.8646 -3.2663 1.2573
v  0.8844 -3.5315 1.4522
v  0.9133 -3.7585 1.6698
v  1.1748 -3.2359 0.6008
v  1.2818 -3.2612 0.5489
v  1.1728 -2.8926 0.4478
v  1.2678 -2.9099 0.3948
v  0.9692 -3.1877 0.6949
v  1.0750 -3.2077 0.6562
v  0.9636 -2.8758 0.5278
v  1.0727 -2.8800 0.4960
v  0.8604 -3.1695 0.7289
v  0.8563 -2.8663 0.5661
v  0.2766 -2.7978 1.4290
v  0.4711 -2.8873 1.2988
v  0.4402 -2.6538 1.1572
v  0.2495 -2.5864 1.2754
v  0.6851 -2.7226 1.0228
v  0.5797 -2.6925 1.0838
v  0.6103 -2.9382 1.2172
v  0.7214 -2.9701 1.1605
v  1.1908 -4.8796 1.9004
v  1.2269 -4.8245 1.8360
v  1.0336 -4.7959 1.8494
v  0.9974 -4.8715 1.9395
v  0.7924 -2.7487 0.9680
v  0.8344 -3.0002 1.1070
v  1.1246 -5.0086 2.0833
v  1.1643 -4.9272 2.0075
v  0.9495 -4.9836 2.1523
v  0.9761 -4.9244 2.0578
v  0.6635 -4.7948 2.0389
v  0.8066 -4.8687 1.9617
v  0.8086 -4.9004 2.0980
v  0.6809 -4.8206 2.1570
v  0.8141 -4.9192 2.2071
v  0.6885 -4.8489 2.2428
v  0.2565 -1.8217 1.0225
v  0.4362 -1.8423 0.9330
v  0.4301 -1.7678 0.9211
v  0.2582 -1.7549 1.0111
v  0.5657 -4.7301 2.2151
v  0.5432 -4.7031 2.1165
v  0.5659 -4.7746 2.2811
v  0.8417 -2.0233 -0.0872
v  0.7531 -2.0069 -0.0391
v  0.7400 -2.1727 -0.0579
v  0.8444 -2.1782 -0.1034
v  0.6442 -2.0109 0.0316
v  0.6277 -2.1637 0.0302
v  0.4054 -1.7175 0.8706
v  0.2424 -1.7028 0.9685
v  0.9414 -2.0416 -0.1164
v  0.9606 -2.1707 -0.1122
v  0.4795 -2.1588 0.1598
v  0.4968 -2.2178 0.2445
v  0.6579 -2.2815 0.1264
v  0.7849 -2.3210 0.0400
v  0.9019 -2.3075 0.0012
v  0.8436 -2.3181 0.1894
v  0.9543 -2.2938 0.1472
v  0.4846 -2.0532 0.1253
v  0.9728 -2.3609 0.2922
v  1.0733 -2.3384 0.2514
v  1.0690 -2.5765 0.3442
v  0.9650 -2.5849 0.3835
v  1.1693 -2.5690 0.3082
v  1.1676 -2.3214 0.2083
v  1.0137 -2.2528 -0.0056
v  1.0527 -2.2331 0.1223
v  0.8696 -2.3780 0.3334
v  0.8597 -2.5890 0.4249
v  1.2492 -2.3203 0.1612
v  1.2434 -2.2063 0.1120
v  1.1606 -2.2183 0.1477
v  1.0680 -2.2503 0.1833
v  0.9678 -2.2939 0.2144
v  1.2601 -2.5720 0.2677
v  0.8605 -2.3230 0.2528
v  0.2160 -2.0718 0.9908
v  0.2124 -2.1807 1.0275
v  0.3974 -2.2148 0.9318
v  0.4012 -2.0975 0.9082
v  0.4057 -2.4213 1.0149
v  0.2247 -2.3674 1.1308
v  -0.0602 -5.8905 3.2916
v  0.0466 -5.9878 3.3311
v  0.0016 -5.9946 3.4245
v  -0.1017 -5.8987 3.3936
v  0.1385 -6.0841 3.4521
v  0.1799 -6.0745 3.3668
v  -0.0284 -5.9880 3.4987
v  -0.1233 -5.8894 3.4724
v  0.1457 -5.7235 3.1727
v  0.0291 -5.8267 3.1827
v  -0.0506 -5.6990 3.1779
v  0.0603 -5.6053 3.1683
v  -0.1349 -5.7605 3.2800
v  0.3303 -6.2012 3.3471
v  0.4116 -6.1458 3.2573
v  0.2575 -6.0269 3.2648
v  0.3559 -5.9415 3.2245
v  0.5112 -6.0623 3.2325
v  0.1332 -5.9292 3.2293
v  0.2398 -5.8321 3.1995
v  0.2893 -6.2237 3.4325
v  -0.1698 -5.7708 3.3803
v  -0.1871 -5.7658 3.4604
v  0.8122 -6.0419 3.6850
v  0.6610 -5.9112 3.7051
v  0.8914 -5.9087 3.5919
v  0.7627 -5.7525 3.6226
v  0.5472 -6.0651 3.7095
v  0.7111 -6.1908 3.6932
v  0.9034 -5.8528 3.4506
v  0.8050 -5.6698 3.4707
v  0.4654 -4.4111 2.7372
v  0.1002 -4.2345 2.8301
v  0.0679 -4.3762 2.9314
v  0.4205 -4.5698 2.8446
v  0.0393 -4.5289 3.0661
v  0.3750 -4.7569 2.9847
v  0.1328 -4.1525 2.7767
v  0.1666 -4.0912 2.7353
v  0.4996 -4.3287 2.6845
v  0.5249 -4.2724 2.6292
v  0.8921 -4.4477 2.5546
v  0.8452 -4.5247 2.5661
v  0.9853 -4.6025 2.5173
v  1.0425 -4.5177 2.5211
v  0.9327 -4.7098 2.5699
v  0.8004 -4.6220 2.6181
v  0.6677 -4.5344 2.6636
v  0.6080 -4.7077 2.7662
v  0.7310 -4.8040 2.7189
v  0.5434 -4.9162 2.9028
v  0.6587 -5.0184 2.8601
v  0.7078 -4.4449 2.6139
v  0.7419 -4.3793 2.5755
v  1.1742 -4.1131 1.9789
v  1.4553 -4.2299 1.9014
v  1.4241 -4.0851 1.7410
v  1.1296 -4.0034 1.8096
v  0.8565 -4.8992 2.6744
v  0.7762 -5.1199 2.8191
v  0.7484 -3.9272 2.1012
v  0.7184 -3.8075 1.9606
v  0.8323 -3.8740 1.9102
v  0.8730 -3.9817 2.0642
v  1.4706 -4.3025 2.0045
v  1.1972 -4.1699 2.0821
v  0.9965 -4.0391 2.0273
v  1.0231 -4.0838 2.1271
v  0.8964 -4.0249 2.1565
v  0.9269 -4.0362 2.2420
v  1.0579 -4.0976 2.2159
v  0.9530 -3.9328 1.8656
v  0.5322 -4.1548 1.8674
v  0.2258 -4.0786 1.9594
v  0.2519 -3.9571 1.7962
v  0.5523 -4.0431 1.6927
v  0.7806 -4.0129 2.2589
v  0.7647 -3.9775 2.1848
v  0.9660 -4.3352 1.6820
v  0.9847 -4.2132 1.5152
v  0.8602 -4.1585 1.5695
v  0.8403 -4.2762 1.7378
v  0.2101 -4.1427 2.0456
v  0.5256 -4.2185 1.9532
v  0.5163 -4.2717 1.9992
v  0.1948 -4.1781 2.0884
v  0.7071 -4.2936 1.8660
v  0.6978 -4.3501 1.8954
v  0.7127 -4.2241 1.7916
v  0.8350 -4.3528 1.8010
v  0.8311 -4.4085 1.8219
v  0.7307 -4.1129 1.6169
v  0.6306 -4.9513 2.3612
v  0.7430 -5.0300 2.3340
v  0.6387 -5.1829 2.4700
v  0.5342 -5.0945 2.4960
v  0.7464 -5.2774 2.4111
v  0.8607 -5.1098 2.2696
v  0.6261 -5.4772 2.6251
v  0.5267 -5.3686 2.6693
v  0.4293 -5.2707 2.6899
v  0.9731 -4.4077 1.7509
v  0.9828 -4.4585 1.7804
v  0.5169 -4.8746 2.3877
v  0.4269 -5.0092 2.5189
v  0.3259 -5.1778 2.7034
v  1.0261 -5.1634 2.1810
v  1.0904 -5.0672 2.1200
v  0.9185 -5.0302 2.2018
v  0.7961 -4.9554 2.2666
v  0.6761 -4.8824 2.2941
v  0.8947 -5.3598 2.3294
v  0.7616 -5.5819 2.5693
v  0.5836 -4.1742 2.6051
v  0.2144 -4.0136 2.7032
v  0.2759 -3.9098 2.6937
v  0.6391 -4.0539 2.5753
v  0.5535 -4.8123 2.3201
v  1.1312 -4.1134 2.3609
v  0.9926 -4.0515 2.3912
v  0.9986 -4.1882 2.4979
v  1.1378 -4.2504 2.4594
v  0.2660 -3.8393 2.5750
v  0.6305 -3.9555 2.4576
v  0.8624 -4.1250 2.5352
v  0.8519 -4.0037 2.4138
v  0.9574 -4.3272 2.5517
v  0.8040 -4.2687 2.5589
v  0.0724 -4.4008 2.1624
v  0.1145 -4.3071 2.1322
v  0.3950 -4.4530 2.0011
v  0.3535 -4.5531 2.0670
v  1.1039 -4.3921 2.5153
v  0.8351 -4.7858 1.8409
v  0.6815 -4.7163 1.9201
v  0.7385 -4.5962 1.8593
v  0.8941 -4.6601 1.7885
v  0.1633 -4.2321 2.1216
v  0.4627 -4.3553 2.0007
v  0.5970 -4.5328 1.9355
v  0.6578 -4.4340 1.9192
v  0.7944 -4.4917 1.8374
v  0.5415 -4.6446 1.9945
v  0.2185 -5.6624 3.1702
v  0.3129 -5.7639 3.1922
v  0.3613 -5.6963 3.0941
v  0.2698 -5.5951 3.0886
v  0.4745 -5.7941 3.1074
v  0.4252 -5.8705 3.2103
v  0.9503 -4.5469 1.7822
v  0.1869 -5.4841 3.0957
v  0.1284 -5.5542 3.1596
v  0.6052 -5.9129 3.1007
v  0.6645 -5.7742 2.8546
v  0.5349 -5.6600 2.8820
v  0.4331 -5.5522 2.8997
v  0.3477 -5.4449 2.9165
v  0.5753 -5.9842 3.2258
v  0.2955 -5.0683 3.2459
v  -0.0263 -4.7424 3.3064
v  -0.0378 -4.7851 3.3783
v  0.2959 -5.1263 3.3276
v  0.0019 -4.6554 3.1942
v  0.3206 -4.9396 3.1156
v  0.2547 -5.3427 2.9254
v  0.7075 -5.3244 2.9883
v  0.5924 -5.2220 3.0169
v  0.5705 -5.3593 3.1780
v  0.6809 -5.4612 3.1576
v  0.4621 -5.2560 3.1998
v  0.4685 -5.3154 3.2914
v  0.5769 -5.4130 3.2725
v  0.4690 -5.3414 3.3714
v  0.5800 -5.4346 3.3528
v  0.4834 -5.1162 3.0504
v  -0.1034 -6.2677 4.0796
v  0.1375 -6.2283 3.9031
v  0.0284 -6.0552 3.9006
v  -0.1962 -6.0942 4.0677
v  0.2458 -6.0058 3.7942
v  0.3624 -6.1776 3.7785
v  0.1485 -5.8357 3.8178
v  -0.0622 -5.8861 3.9172
v  -0.2787 -5.9281 4.0684
v  0.6790 -5.5153 3.2520
v  0.6755 -5.5398 3.3316
v  -0.1498 -5.7179 3.9383
v  -0.3571 -5.7617 4.0748
v  0.0572 -5.6623 3.8544
v  0.4772 -6.1360 3.7327
v  0.6417 -6.2819 3.7176
v  0.5146 -6.3542 3.7708
v  0.2712 -6.4132 3.9222
v  0.0112 -6.4512 4.1203
v  -0.3211 -5.5971 3.4937
v  -0.5149 -5.3008 3.4346
v  -0.5690 -5.3319 3.5061
v  -0.3924 -5.6421 3.5651
v  -0.5348 -6.1296 3.8817
v  -0.3828 -6.0343 3.7320
v  -0.3206 -6.1493 3.7505
v  -0.4731 -6.2438 3.9053
v  -0.1627 -6.0531 3.6364
v  -0.2267 -5.9375 3.6200
v  -0.1496 -5.8931 3.5425
v  -0.2098 -5.7721 3.5303
v  -0.2852 -5.8177 3.6076
v  -0.6682 -5.3916 3.5962
v  -0.7718 -5.4539 3.6978
v  -0.5286 -5.7288 3.6783
v  -0.6641 -5.8136 3.8146
v  -0.4380 -5.9149 3.7232
v  -0.5879 -6.0097 3.8689
v  -0.0717 -6.0010 3.5653
v  -1.0102 -6.6131 4.7047
v  -0.8937 -6.5687 4.6144
v  -0.8028 -6.7101 4.7167
v  -0.8921 -6.7385 4.8024
v  -0.7244 -6.6962 4.6065
v  -0.7892 -6.5415 4.4991
v  -1.1335 -6.3702 4.4841
v  -1.0059 -6.3182 4.4318
v  -0.9653 -6.4527 4.5066
v  -1.0970 -6.5083 4.5813
v  -0.8399 -6.3977 4.4310
v  -0.8886 -6.2653 4.3782
v  -0.6944 -6.5230 4.3693
v  -0.6378 -6.6814 4.4624
v  -0.8780 -5.5464 4.4676
v  -0.9720 -5.2022 4.3359
v  -0.9923 -5.1806 4.4083
v  -0.9107 -5.5361 4.5390
v  -0.9971 -5.1686 4.4893
v  -0.9168 -5.5388 4.6260
v  -1.0308 -6.1674 4.3874
v  -0.9343 -6.1289 4.3304
v  -1.1430 -6.2113 4.4252
v  -0.7367 -5.9360 4.6270
v  -0.7986 -5.7690 4.5601
v  -0.8369 -5.7614 4.6303
v  -0.7788 -5.9262 4.6982
v  -0.8450 -5.7642 4.7174
v  -0.7775 -5.9185 4.7839
v  -0.7984 -5.5537 4.3698
v  -0.9080 -5.2147 4.2526
v  -0.9870 -5.6164 4.9305
v  -1.1153 -5.2392 4.6730
v  -1.2250 -5.2726 4.7075
v  -1.1182 -5.6617 5.0243
v  -1.0354 -5.1923 4.5939
v  -0.9244 -5.5678 4.7787
v  -0.7316 -6.0956 4.7632
v  -0.6848 -6.1082 4.6888
v  -0.7128 -6.0757 4.8498
v  -1.3543 -6.2777 5.0782
v  -1.3297 -6.3045 4.9201
v  -1.2506 -6.4274 4.9996
v  -1.2555 -6.4015 5.1363
v  -1.2272 -6.4543 4.8672
v  -1.2839 -6.3217 4.7739
v  -1.1446 -6.5896 4.9571
v  -1.1535 -6.5519 5.0738
v  -1.3541 -6.1581 4.8433
v  -1.3043 -6.1729 4.6936
v  -1.3878 -6.1292 4.9986
v  -1.0055 -6.7787 4.8970
v  -1.0687 -6.7653 5.0281
v  -1.1020 -6.6200 4.8244
v  -1.1829 -6.4918 4.7213
v  -1.2314 -6.3588 4.6174
v  -1.0690 -6.7112 5.1428
v  -0.4922 -6.1209 4.3807
v  -0.6038 -6.1185 4.5480
v  -0.5469 -6.2897 4.5986
v  -0.4235 -6.2965 4.4181
v  -0.5426 -5.9456 4.3570
v  -0.6538 -5.9438 4.5023
v  -1.2484 -6.2065 4.5380
v  -0.7150 -5.7754 4.4490
v  -0.6041 -5.7767 4.3249
v  -0.2808 -6.2881 4.2506
v  -0.1787 -6.4748 4.2977
v  -0.3318 -6.4784 4.4711
v  -0.4281 -5.9441 4.2150
v  -0.3600 -6.1126 4.2270
v  -0.4809 -6.4570 4.6556
v  -0.9150 -5.9098 4.1224
v  -0.8495 -6.1241 4.2113
v  -0.7598 -6.1096 4.0920
v  -0.8244 -5.9012 4.0162
v  -0.7079 -6.2339 4.1360
v  -0.7930 -6.2497 4.2639
v  -0.4952 -5.7760 4.2049
v  -0.7384 -6.3766 4.3148
v  -0.6491 -6.3536 4.1861
v  -0.7505 -5.8692 3.9219
v  -0.8497 -5.5020 3.7879
v  -0.9226 -5.5287 3.8702
v  -0.6309 -6.1938 4.0147
v  -0.6819 -6.0717 3.9869
v  -1.0098 -5.5254 3.9503
v  -0.5707 -6.3099 4.0518
v  0.6687 -1.7459 0.8404
v  0.6818 -1.8317 0.8768
v  0.7977 -1.8161 0.8642
v  0.7810 -1.7203 0.8180
v  0.7922 -1.9202 0.8487
v  0.6788 -1.9233 0.8715
v  0.5703 -1.8432 0.8924
v  0.5669 -1.9244 0.8866
v  0.5589 -1.7647 0.8672
v  0.6443 -1.6934 0.7742
v  0.7554 -1.6636 0.7405
v  0.5328 -1.7175 0.8082
v  0.5475 -1.9832 0.8514
v  0.5267 -2.0423 0.8189
v  0.6390 -2.0514 0.7860
v  0.6621 -1.9925 0.8380
v  0.6511 -2.2682 0.8208
v  0.5342 -2.2468 0.8609
v  0.5493 -2.4523 0.9507
v  0.6624 -2.4767 0.9023
v  0.7496 -2.0624 0.7576
v  0.7343 -2.1535 0.7251
v  0.6342 -2.1400 0.7721
v  0.7539 -2.2864 0.7779
v  0.7731 -1.9974 0.8076
v  0.5293 -2.1217 0.8305
v  0.7632 -2.5014 0.8475
v  0.3556 -5.9750 3.7519
v  0.4297 -5.9137 3.7376
v  0.2615 -5.8035 3.7899
v  0.3409 -5.7472 3.7908
v  0.6102 -5.4209 3.5097
v  0.7116 -5.5321 3.4913
v  0.5701 -5.4792 3.6796
v  0.6654 -5.6113 3.6547
v  0.2460 -5.5759 3.8263
v  0.3638 -5.4603 3.8232
v  0.4724 -5.6107 3.8057
v  0.4519 -5.3615 3.6862
v  0.1657 -5.6289 3.8200
v  0.5628 -5.7647 3.7603
v  0.4865 -5.3277 3.5201
v  -1.1848 -6.3412 5.2791
v  -1.0413 -6.2615 5.3416
v  -1.1256 -6.0972 5.3205
v  -1.2953 -6.1973 5.2548
v  -1.3416 -6.0472 5.1531
v  -1.1958 -5.9542 5.2179
v  -1.0281 -5.8805 5.1850
v  -0.9493 -6.0214 5.2654
v  -0.8144 -5.9664 5.1313
v  -0.8993 -5.8358 5.0552
v  -0.7485 -6.1199 5.1863
v  -0.8799 -6.1814 5.3113
v  -0.7159 -6.0906 5.0022
v  -0.7845 -5.9391 4.9417
v  -0.8496 -5.7916 4.8800
v  0.1532 -8.2780 5.2886
v  0.2035 -8.3060 5.3311
v  -0.0266 -8.4347 5.6461
v  -0.0552 -8.3516 5.5653
v  -0.2688 -8.4547 5.7403
v  -0.2946 -8.3721 5.6894
v  -0.1911 -8.3758 5.6657
v  -0.1674 -8.4602 5.7143
v  -0.4179 -8.3828 5.9080
v  -0.4517 -8.2939 5.8593
v  -0.3987 -8.3477 5.7564
v  -0.3673 -8.4314 5.8068
v  -0.4273 -8.3318 6.0127
v  -0.4613 -8.2397 5.9629
v  -0.4178 -8.1823 6.0607
v  -0.3849 -8.2766 6.1128
v  -0.2784 -8.2241 6.1823
v  -0.3072 -8.1292 6.1243
v  -0.1871 -8.0778 6.1543
v  -0.1540 -8.1761 6.2049
v  0.0272 -8.0989 6.0948
v  -0.0186 -8.0042 6.0459
v  -0.0881 -8.0251 6.1285
v  -0.0497 -8.1247 6.1755
v  0.0635 -8.1210 5.9923
v  0.0228 -8.0287 5.9443
v  0.0349 -8.0793 5.8487
v  0.0755 -8.1689 5.8996
v  0.1524 -8.1282 5.6555
v  0.3385 -8.1045 5.3614
v  0.4052 -8.2349 5.4043
v  0.2035 -8.2633 5.7378
v  0.1214 -8.2078 5.8421
v  0.0750 -8.1109 5.7893
v  0.3010 -8.3225 5.3633
v  0.1319 -8.3972 5.6608
v  -0.2091 -8.6682 5.8930
v  -0.2459 -8.5625 5.8101
v  -0.1459 -8.5592 5.7848
v  -0.1192 -8.6606 5.8620
v  -0.0428 -8.5423 5.7768
v  -0.0270 -8.6272 5.8572
v  -0.2775 -8.6600 5.9581
v  -0.3289 -8.5446 5.8803
v  -0.3740 -8.5105 5.9782
v  -0.3175 -8.6428 6.0457
v  -0.3134 -8.6159 6.1474
v  -0.3755 -8.4701 6.0847
v  -0.3263 -8.4258 6.1816
v  -0.2633 -8.5852 6.2392
v  -0.1761 -8.5612 6.2960
v  -0.2283 -8.3871 6.2449
v  -0.0730 -8.5345 6.3099
v  -0.1138 -8.3508 6.2579
v  0.0907 -8.4568 6.1988
v  0.0741 -8.2653 6.1616
v  -0.0107 -8.3021 6.2301
v  0.0223 -8.4944 6.2688
v  -0.1581 -8.7675 5.9594
v  -0.2237 -8.7653 6.0105
v  -0.1636 -8.8308 6.0742
v  -0.0976 -8.8375 6.0398
v  -0.2115 -8.8057 6.1093
v  -0.2619 -8.7524 6.0850
v  -0.1945 -8.8112 6.1761
v  -0.2609 -8.7350 6.1743
v  -0.1758 -8.7811 6.2395
v  -0.2152 -8.7132 6.2558
v  0.1201 -8.4377 6.0497
v  0.1190 -8.2954 5.9795
v  0.1084 -8.2691 6.0664
v  0.1236 -8.4368 6.1240
v  -0.1095 -8.7970 6.2646
v  -0.1343 -8.6972 6.3073
v  -0.0208 -8.7839 6.2660
v  -0.0355 -8.6771 6.3222
v  -0.0427 -8.8534 6.1597
v  -0.1212 -8.8493 6.1729
v  0.0551 -8.7587 6.0251
v  0.0768 -8.7709 6.1204
v  0.0276 -8.8236 6.1390
v  -0.0231 -8.8160 6.0277
v  0.0589 -8.7569 6.2385
v  0.1114 -8.7166 6.1926
v  0.0522 -8.6416 6.2805
v  0.1103 -8.6034 6.2159
v  0.0787 -8.4896 5.9329
v  0.0419 -8.5529 5.8806
v  0.0644 -8.4759 5.8028
v  0.1252 -8.3821 5.8591
v  0.0008 -8.7093 5.9369
v  -0.0745 -8.7560 5.9362
v  0.1018 -8.4535 5.9880
v  0.1267 -8.6422 6.0973
v  0.1042 -8.6872 6.0684
v  0.1073 -8.5856 6.0324
v  0.1302 -8.5589 6.0858
v  0.0771 -8.6222 5.9817
v  0.0449 -8.6382 5.9338
v  0.1033 -8.7250 6.1116
v  0.1274 -8.6697 6.1415
v  0.1336 -8.5705 6.1484
v  -0.7524 -0.9835 0.0662
v  -0.8108 -0.9478 0.0928
v  -0.8113 -0.8384 -0.0493
v  -0.7547 -0.8504 -0.0767
v  -0.8665 -0.8506 -0.0399
v  -0.8912 -0.9331 0.0908
v  -0.6945 -1.0196 0.0313
v  -0.6895 -0.8730 -0.1071
v  -0.6087 -0.9088 -0.1377
v  -0.6340 -1.0726 -0.0216
v  -0.7539 -0.7049 -0.2615
v  -0.6794 -0.6968 -0.3063
v  -0.6834 -0.7708 -0.2124
v  -0.7548 -0.7651 -0.1791
v  -0.5935 -0.7929 -0.2388
v  -0.5820 -0.7057 -0.3351
v  -0.7557 -0.6550 -0.3523
v  -0.6771 -0.6373 -0.4106
v  -0.7671 -0.6313 -0.4453
v  -0.6850 -0.6059 -0.5112
v  -0.5717 -0.6249 -0.4362
v  -0.3353 -1.0803 0.0090
v  -0.5226 -1.1295 -0.0668
v  -0.4934 -0.9615 -0.1750
v  -0.3200 -0.9016 -0.0855
v  -0.4686 -0.8298 -0.2526
v  -0.3033 -0.7671 -0.1501
v  -0.4487 -0.7193 -0.3160
v  -0.2871 -0.6569 -0.2126
v  -0.4352 -0.6060 -0.3811
v  -0.2709 -0.5440 -0.2774
v  -0.0770 -1.0428 -0.0507
v  0.1743 -1.0139 -0.1618
v  -0.0824 -0.8746 -0.1629
v  0.1494 -0.8416 -0.2692
v  -0.0771 -0.7520 -0.2431
v  0.1422 -0.7196 -0.3458
v  -0.0662 -0.6512 -0.3078
v  0.1450 -0.6208 -0.4032
v  -0.0533 -0.5468 -0.3690
v  0.1495 -0.5192 -0.4556
v  0.3400 -1.0031 -0.2533
v  0.4464 -1.0064 -0.3294
v  0.3095 -0.8220 -0.3482
v  0.4165 -0.8177 -0.4149
v  0.2968 -0.6972 -0.4171
v  0.4012 -0.6895 -0.4779
v  0.2940 -0.5992 -0.4702
v  0.3935 -0.5915 -0.5288
v  0.2915 -0.5002 -0.5212
v  0.3849 -0.4941 -0.5799
v  0.7656 -0.4812 -0.8254
v  0.8325 -0.4684 -0.8627
v  0.8602 -0.5675 -0.8298
v  0.7941 -0.5838 -0.7913
v  0.9015 -0.4538 -0.8985
v  0.9286 -0.5493 -0.8661
v  0.8569 -0.8282 -0.7271
v  0.9275 -0.8086 -0.7722
v  1.0105 -1.0286 -0.7203
v  0.9223 -1.0431 -0.6654
v  1.0010 -0.7862 -0.8121
v  1.0999 -1.0078 -0.7667
v  0.8852 -0.6675 -0.8028
v  0.8201 -0.6868 -0.7625
v  0.9534 -0.6464 -0.8400
v  0.8235 -1.0472 -0.5982
v  0.7723 -0.8383 -0.6710
v  0.7283 -1.0447 -0.5329
v  0.6880 -0.8405 -0.6128
v  1.2013 -0.7441 -0.8778
v  1.3106 -0.9509 -0.8260
v  1.2049 -0.9828 -0.8062
v  1.0966 -0.7658 -0.8500
v  1.3834 -0.6807 -0.8586
v  1.4583 -0.8710 -0.7849
v  1.3978 -0.9113 -0.8146
v  1.3031 -0.7159 -0.8832
v  1.0432 -0.6283 -0.8770
v  1.1429 -0.6108 -0.9073
v  1.0147 -0.5326 -0.9030
v  1.1084 -0.5166 -0.9339
v  0.9846 -0.4384 -0.9356
v  1.0729 -0.4238 -0.9672
v  1.5194 -0.8021 -0.7295
v  1.4950 -0.8350 -0.7571
v  1.4312 -0.6459 -0.8284
v  1.4637 -0.6144 -0.7990
v  1.2433 -0.5901 -0.9218
v  1.3280 -0.5602 -0.9071
v  1.2016 -0.5002 -0.9521
v  1.2821 -0.4740 -0.9435
v  1.1599 -0.4114 -0.9879
v  1.2356 -0.3868 -0.9804
v  1.3814 -0.5254 -0.8792
v  1.4182 -0.4903 -0.8478
v  1.3349 -0.4385 -0.9159
v  1.3705 -0.3995 -0.8827
v  1.2858 -0.3507 -0.9506
v  1.3193 -0.3092 -0.9144
v  1.5326 -0.7680 -0.6826
v  1.4776 -0.7595 -0.6548
v  1.4768 -0.5854 -0.7464
v  1.4183 -0.5813 -0.7148
v  1.4335 -0.4570 -0.7903
v  1.3773 -0.4479 -0.7502
v  1.3874 -0.3582 -0.8274
v  1.3429 -0.3377 -0.7787
v  1.3363 -0.2616 -0.8625
v  1.3070 -0.2272 -0.8108
v  0.9744 -0.6582 -0.5541
v  1.1386 -0.7035 -0.6272
v  1.1041 -0.5043 -0.6716
v  0.9417 -0.4595 -0.6011
v  1.2821 -0.7428 -0.6558
v  1.2410 -0.5492 -0.7035
v  1.3980 -0.7569 -0.6597
v  1.3446 -0.5727 -0.7132
v  1.3111 -0.4359 -0.7420
v  1.2172 -0.4089 -0.7294
v  1.2853 -0.3237 -0.7654
v  1.1987 -0.2968 -0.7545
v  1.2585 -0.2104 -0.7941
v  1.1778 -0.1846 -0.7869
v  0.6060 -0.4201 -0.3133
v  0.6369 -0.6043 -0.2512
v  0.7932 -0.6268 -0.4156
v  0.7641 -0.4334 -0.4687
v  1.0808 -0.3600 -0.7014
v  0.9182 -0.3115 -0.6320
v  1.0595 -0.2441 -0.7312
v  0.8916 -0.1925 -0.6669
v  1.0331 -0.1309 -0.7730
v  0.8607 -0.0749 -0.7095
v  0.7433 -0.2885 -0.5053
v  0.5838 -0.2826 -0.3582
v  0.7186 -0.1712 -0.5436
v  0.5606 -0.1698 -0.4002
v  0.6931 -0.0519 -0.5829
v  0.5425 -0.0510 -0.4353
v  0.5217 -0.5986 -0.1205
v  0.4274 -0.6062 -0.0256
v  0.4823 -0.4238 -0.1907
v  0.3805 -0.4392 -0.1024
v  0.4560 -0.2911 -0.2385
v  0.3533 -0.3068 -0.1475
v  0.4346 -0.1789 -0.2767
v  0.3357 -0.1925 -0.1777
v  0.2178 -0.4746 0.0001
v  0.2641 -0.6367 0.0846
v  0.3428 -0.6197 0.0377
v  0.2952 -0.4561 -0.0431
v  0.4145 -0.0627 -0.3119
v  0.3218 -0.0759 -0.2037
v  -0.2543 -0.5836 0.4943
v  -0.3947 -0.5661 0.5471
v  -0.1466 -0.6262 0.3903
v  -0.1648 -0.4624 0.3069
v  -0.2793 -0.4266 0.4035
v  -0.4252 -0.4251 0.4492
v  -0.2171 0.0070 0.0601
v  -0.2115 0.0628 0.0464
v  -0.3700 0.0626 0.0814
v  -0.3540 -0.0457 0.1516
v  -0.3620 0.0072 0.1147
v  -0.2145 -0.0513 0.0973
v  -0.3395 -0.1274 0.2035
v  -0.2048 -0.1375 0.1426
v  -0.4930 -0.1523 0.2525
v  -0.3215 -0.2215 0.2650
v  -0.4700 -0.2280 0.3201
v  -0.1924 -0.2395 0.1925
v  -0.0881 0.0109 0.0124
v  -0.0935 -0.0538 0.0331
v  -0.0000 -0.0492 -0.0428
v  0.0147 0.0213 -0.0383
v  0.0387 0.0725 -0.0108
v  -0.0731 0.0664 0.0176
v  -0.4490 -0.3181 0.3789
v  -0.3021 -0.3142 0.3286
v  -0.1800 -0.3409 0.2436
v  -0.5700 -0.5850 0.5388
v  -0.6961 -0.6770 0.4288
v  -0.5934 -0.4751 0.4460
v  -0.7203 -0.5764 0.3575
v  -0.7459 -0.4821 0.3341
v  -0.6090 -0.3916 0.3756
v  -0.6280 -0.3136 0.3189
v  -0.7659 -0.4087 0.2951
v  -0.6494 -0.2400 0.2643
v  -0.7879 -0.3387 0.2553
v  -0.8400 -0.6971 0.4348
v  -0.9451 -0.7282 0.4254
v  -0.8636 -0.6085 0.3761
v  -0.9610 -0.6521 0.3640
v  -0.8795 -0.5382 0.3345
v  -0.9691 -0.5839 0.3196
v  -0.8926 -0.4759 0.2968
v  -0.9772 -0.5174 0.2853
v  -0.9512 -0.7200 0.2721
v  -0.9320 -0.8057 0.3168
v  -0.9684 -0.7735 0.3688
v  -0.9755 -0.6942 0.3142
v  -0.9082 -0.4136 0.2581
v  -0.9876 -0.4505 0.2508
v  -0.8148 -0.6752 -0.2995
v  -0.8625 -0.7108 -0.2593
v  -0.8727 -0.6631 -0.3214
v  -0.8269 -0.6400 -0.3817
v  -0.8129 -0.7206 -0.2207
v  -0.8626 -0.7528 -0.1941
v  -1.0279 -0.4102 0.1869
v  -1.0854 -0.3138 0.2321
v  -1.0918 -0.3680 0.1627
v  -1.0401 -0.4279 0.1480
v  -0.8129 -0.7691 -0.1464
v  -0.8644 -0.7993 -0.1303
v  -1.1060 -0.4002 0.1165
v  -1.0220 -0.4467 0.0800
v  -1.0979 -0.4500 0.0766
v  -0.9934 -0.3885 -0.0591
v  -0.9964 -0.5681 0.1963
v  -1.0000 -0.5482 0.2422
v  -1.0154 -0.4759 0.2097
v  -1.0188 -0.4927 0.1601
v  -0.8936 -0.7777 0.1767
v  -0.8851 -0.8695 0.2158
v  -0.8957 -0.8423 0.2806
v  -0.9130 -0.7483 0.2353
v  -0.9732 -0.6425 0.2328
v  -0.9866 -0.6201 0.2745
v  -0.9330 -0.6641 0.1891
v  -0.9074 -0.6948 0.1290
v  -0.9574 -0.5858 0.1415
v  -0.9257 -0.6165 0.0764
v  -0.9834 -0.5063 0.0933
v  -0.9483 -0.5376 0.0224
v  -0.9151 -0.6528 -0.2013
v  -0.8983 -0.6654 -0.2499
v  -0.8954 -0.7042 -0.2095
v  -0.9161 -0.6901 -0.1635
v  -0.8991 -0.7467 -0.1532
v  -0.9136 -0.7269 -0.1129
v  -0.9094 -0.7860 -0.0025
v  -0.8944 -0.7891 0.0877
v  -0.9034 -0.7249 0.0530
v  -0.9102 -0.7439 -0.0153
v  -0.9176 -0.6612 0.0090
v  -0.9181 -0.6987 -0.0480
v  -0.9353 -0.5982 -0.0361
v  -0.9508 -0.5469 -0.0770
v  -0.9384 -0.6127 -0.1146
v  -0.9291 -0.6526 -0.0834
v  -0.9029 -0.8610 0.1017
v  -0.9089 -0.8324 -0.0183
v  -0.9012 -0.7894 -0.0954
v  -0.9131 -0.7637 -0.0644
v  -0.9176 -0.7134 -0.0856
v  -0.9129 -0.7433 -0.0551
v  -0.9243 -0.6779 -0.1236
v  -0.9301 -0.6430 -0.1569
v  0.5234 -1.0157 -0.3869
v  0.5874 -1.0270 -0.4340
v  0.4929 -0.8220 -0.4693
v  0.5553 -0.8296 -0.5160
v  0.4745 -0.6917 -0.5301
v  0.5345 -0.6966 -0.5738
v  0.4635 -0.5919 -0.5773
v  0.5202 -0.5951 -0.6175
v  0.6179 -0.8367 -0.5625
v  0.6528 -1.0373 -0.4804
v  0.6281 -0.3017 -0.8555
v  0.5556 -0.3083 -0.8061
v  0.6590 -0.3941 -0.8218
v  0.5874 -0.4002 -0.7769
v  0.5311 -0.4029 -0.7376
v  0.5004 -0.3129 -0.7626
v  0.4507 -0.4938 -0.6254
v  0.5035 -0.4955 -0.6626
v  0.6893 -0.4907 -0.7817
v  0.6156 -0.4961 -0.7374
v  0.7161 -0.5941 -0.7452
v  0.6394 -0.5987 -0.6976
v  0.5764 -0.5981 -0.6564
v  0.5562 -0.4969 -0.6987
v  -0.0285 -0.6547 0.2826
v  -0.0619 -0.4952 0.1914
v  0.0965 -0.6576 0.2013
v  0.0536 -0.4994 0.1096
v  0.7406 -0.6983 -0.7133
v  0.6611 -0.7026 -0.6617
v  0.5945 -0.7011 -0.6165
v  0.1873 -0.6513 0.1360
v  0.1415 -0.4916 0.0470
v  -0.0840 -0.2588 0.0947
v  -0.0769 -0.3686 0.1342
v  0.0302 -0.3731 0.0508
v  0.0164 -0.2627 0.0106
v  0.1664 0.0553 -0.1007
v  0.1721 0.1024 -0.0862
v  0.1180 0.0831 -0.0423
v  0.0974 0.0371 -0.0695
v  0.0948 -0.0286 -0.0628
v  0.1377 -0.0099 -0.1529
v  0.2447 0.0124 -0.1310
v  0.2230 0.0751 -0.1539
v  0.2306 0.1161 -0.1271
v  0.0022 -0.1510 -0.0259
v  -0.0905 -0.1483 0.0605
v  0.1752 -0.1016 -0.0804
v  0.0989 -0.1253 -0.0484
v  0.1080 -0.2430 -0.0288
v  0.1832 -0.2214 -0.0655
v  0.2559 -0.2055 -0.1107
v  0.2458 -0.0875 -0.1304
v  0.1196 -0.3592 -0.0007
v  0.1961 -0.3390 -0.0405
v  0.2713 -0.3215 -0.0838
v  0.1315 -8.3274 5.9147
v  -1.0634 -0.3377 0.1582
# 3597 vertices

vn -0.7327 -0.3407 -0.5891
vn -0.7390 -0.3616 -0.5685
vn -0.8540 -0.2467 -0.4580
vn -0.8600 -0.2455 -0.4474
vn -0.8246 -0.2896 -0.4859
vn -0.7659 -0.3280 -0.5531
vn -0.8094 -0.2925 -0.5093
vn -0.8268 -0.2637 -0.4969
vn -0.7748 -0.3818 -0.5039
vn -0.7647 -0.3157 -0.5617
vn -0.7971 -0.3004 -0.5239
vn -0.8240 -0.2885 -0.4876
vn -0.8269 -0.2833 -0.4857
vn -0.7568 -0.3281 -0.5653
vn -0.7447 -0.3392 -0.5748
vn 0.0297 -0.5121 -0.8584
vn -0.0786 -0.2545 -0.9639
vn -0.3443 -0.4386 -0.8301
vn -0.3252 -0.4926 -0.8072
vn -0.2500 -0.1875 -0.9499
vn -0.4141 -0.4316 -0.8014
vn 0.0697 -0.5246 -0.8485
vn -0.2908 -0.5137 -0.8072
vn -0.1597 -0.5529 -0.8178
vn 0.1356 -0.4763 -0.8687
vn -0.4286 -0.5549 -0.7130
vn -0.3456 -0.5057 -0.7905
vn -0.4096 -0.5238 -0.7469
vn -0.4979 -0.5601 -0.6622
vn -0.3250 -0.4860 -0.8113
vn -0.3197 -0.4759 -0.8193
vn -0.3473 -0.5061 -0.7895
vn -0.4653 -0.5123 -0.7219
vn -0.5518 -0.5054 -0.6634
vn -0.1765 -0.5023 -0.8465
vn -0.1470 -0.5085 -0.8484
vn -0.1571 -0.4443 -0.8820
vn 0.0303 -0.8208 -0.5705
vn 0.2818 -0.9391 -0.1968
vn 0.4026 -0.9149 -0.0309
vn 0.1824 -0.9801 0.0789
vn 0.0535 -0.9969 -0.0585
vn -0.3346 -0.3771 -0.8636
vn -0.2128 -0.4629 -0.8605
vn -0.2135 -0.7463 -0.6305
vn 0.1332 -0.8170 -0.5611
vn -0.1808 -0.9819 0.0571
vn -0.3035 -0.6781 -0.6694
vn -0.3494 -0.6104 -0.7109
vn -0.2679 -0.9634 0.0021
vn -0.3540 -0.4637 -0.8122
vn -0.3189 -0.4714 -0.8222
vn -0.3862 -0.4570 -0.8012
vn -0.4121 -0.5210 -0.7475
vn -0.3061 -0.9502 -0.0586
vn 0.2346 -0.9709 -0.0489
vn -0.2802 -0.7598 -0.5867
vn -0.2415 -0.7810 -0.5759
vn 0.0865 -0.9961 -0.0143
vn -0.4288 -0.3783 -0.8204
vn -0.5154 -0.3888 -0.7637
vn 0.0976 -0.9916 0.0848
vn 0.1507 -0.9867 0.0608
vn 0.1387 -0.9891 0.0500
vn 0.1505 -0.9871 0.0548
vn 0.2798 -0.9525 0.1205
vn 0.3978 -0.9130 0.0901
vn 0.5572 -0.8290 0.0486
vn 0.3587 -0.9193 0.1618
vn 0.2374 -0.9522 0.1924
vn 0.4755 -0.8239 -0.3085
vn 0.4577 -0.8891 0.0004
vn 0.6721 -0.7310 -0.1177
vn 0.6753 -0.6839 -0.2760
vn 0.4081 -0.9127 -0.0229
vn 0.1714 -0.9851 0.0114
vn 0.6656 0.4047 0.6271
vn 0.6558 0.4237 0.6248
vn 0.7207 0.3784 0.5809
vn 0.6189 0.4282 0.6585
vn 0.3777 0.5421 0.7506
vn 0.2300 0.5811 0.7806
vn 0.5113 0.5092 0.6923
vn 0.7451 0.3684 0.5559
vn 0.5678 0.4516 0.6882
vn 0.3550 0.6773 0.6443
vn 0.3816 0.5552 0.7390
vn 0.4274 0.5517 0.7162
vn 0.3599 0.6566 0.6628
vn 0.4646 0.4896 0.7378
vn 0.3867 0.4892 0.7818
vn 0.5412 0.5086 0.6697
vn 0.5292 0.5743 0.6247
vn 0.6229 0.6718 0.4008
vn 0.7534 0.5637 0.3386
vn 0.7359 0.4839 0.4736
vn 0.6129 0.5719 0.5453
vn -0.3596 0.6109 0.7053
vn -0.1207 0.5905 0.7979
vn -0.2513 0.5674 0.7841
vn -0.4457 0.5857 0.6770
vn -0.3697 0.5394 0.7565
vn -0.4750 0.5635 0.6759
vn -0.7768 -0.4402 -0.4504
vn -0.5143 -0.6964 -0.5005
vn -0.4657 -0.6621 -0.5871
vn -0.7387 -0.4312 -0.5180
vn -0.3274 -0.7468 -0.5788
vn -0.3661 -0.7899 -0.4919
vn -0.2824 -0.6780 -0.6786
vn -0.4956 -0.5513 -0.6712
vn -0.7343 -0.3448 -0.5847
vn -0.3245 -0.3938 -0.8600
vn -0.4229 -0.4737 -0.7725
vn -0.3852 -0.5967 -0.7040
vn -0.2609 -0.6392 -0.7235
vn -0.6585 -0.4281 -0.6189
vn -0.7307 -0.3673 -0.5755
vn 0.0228 -0.9466 -0.3215
vn -0.0990 -0.8724 -0.4787
vn -0.2802 -0.7293 -0.6242
vn -0.1293 -0.8327 -0.5384
vn -0.3959 -0.7135 -0.5781
vn -0.5386 -0.5727 -0.6180
vn -0.7983 -0.2350 -0.5546
vn -0.8100 -0.2691 -0.5210
vn -0.7500 -0.3105 -0.5840
vn -0.7786 -0.2846 -0.5593
vn -0.7575 -0.3188 -0.5697
vn -0.8091 -0.2576 -0.5282
vn -0.6863 -0.4307 -0.5861
vn -0.8205 -0.2688 -0.5045
vn -0.2299 -0.0591 -0.9714
vn -0.3624 -0.1370 -0.9219
vn -0.3647 0.1654 -0.9163
vn -0.3100 0.1024 -0.9452
vn -0.3459 -0.3304 -0.8782
vn -0.3696 -0.2107 -0.9050
vn -0.2638 -0.7555 -0.5997
vn -0.2479 -0.7896 -0.5613
vn -0.0940 -0.9682 -0.2317
vn -0.1239 -0.9763 -0.1776
vn -0.1153 -0.9837 -0.1381
vn -0.0120 -0.9940 -0.1084
vn -0.4016 -0.2463 -0.8821
vn -0.4427 -0.3242 -0.8360
vn -0.4883 0.1326 -0.8625
vn -0.4526 0.1658 -0.8762
vn 0.5007 0.6788 -0.5371
vn 0.8436 0.4175 -0.3377
vn 0.5963 -0.0225 -0.8024
vn 0.2740 0.2751 -0.9216
vn 0.7049 -0.2489 -0.6643
vn 0.9723 0.1751 -0.1547
vn 0.2403 -0.5367 -0.8088
vn 0.0873 -0.3340 -0.9385
vn -0.0380 -0.0595 -0.9975
vn 0.6720 -0.7327 -0.1077
vn 0.5569 -0.7157 -0.4215
vn 0.3852 -0.6724 -0.6320
vn 0.7565 -0.5245 -0.3906
vn 0.9799 -0.1776 0.0912
vn 0.8244 -0.5023 0.2610
vn 0.2299 0.9475 -0.2224
vn 0.1497 0.7679 -0.6228
vn 0.4591 0.4712 -0.7532
vn 0.2564 0.9512 0.1718
vn 0.5879 0.7286 -0.3514
vn 0.3549 0.9005 0.2513
vn 0.1596 0.9548 0.2506
vn 0.3731 0.9243 -0.0806
vn 0.6202 0.6752 0.3992
vn 0.7027 0.6905 0.1717
vn 0.6024 0.5765 0.5520
vn 0.6747 0.6695 0.3107
vn 0.4190 0.8934 0.1619
vn 0.4725 0.8137 0.3387
vn -0.1705 -0.6835 -0.7098
vn -0.2454 -0.4858 -0.8389
vn -0.3500 -0.4592 -0.8165
vn -0.2902 -0.6917 -0.6613
vn -0.3273 -0.2012 -0.9233
vn -0.2210 -0.2582 -0.9405
vn -0.3697 -0.4426 -0.8170
vn -0.3777 -0.1147 -0.9188
vn -0.3266 -0.6822 -0.6542
vn -0.2390 -0.3362 -0.9110
vn -0.2201 -0.3908 -0.8938
vn -0.1148 -0.7305 -0.6732
vn -0.1749 -0.6580 -0.7325
vn -0.0471 -0.7802 -0.6238
vn -0.2266 -0.3325 -0.9155
vn 0.4643 0.6480 0.6037
vn 0.1757 0.9744 0.1400
vn 0.1727 0.9777 0.1195
vn 0.4627 0.6843 0.5636
vn 0.1583 0.9794 0.1250
vn 0.1761 0.9744 0.1394
vn 0.0374 0.9966 0.0730
vn 0.0715 0.9523 0.2968
vn 0.2536 0.6560 0.7109
vn 0.5472 -0.4513 0.7049
vn 0.5902 0.0124 0.8072
vn 0.6334 0.0197 0.7736
vn 0.5989 -0.4650 0.6520
vn 0.4390 0.0849 0.8945
vn 0.4806 -0.4180 0.7709
vn 0.4570 -0.6457 0.6117
vn 0.5271 -0.4928 0.6924
vn 0.6043 -0.4263 0.6731
vn 0.5422 -0.6623 0.5170
vn 0.5347 -0.3507 0.7689
vn 0.4834 -0.6474 0.5892
vn 0.5901 0.4329 0.6814
vn 0.6751 0.4635 0.5739
vn 0.6603 0.2670 0.7020
vn 0.6034 0.2967 0.7402
vn 0.5427 0.3430 0.7667
vn 0.5087 0.6729 0.5371
vn 0.5342 -0.2758 0.7991
vn 0.5405 0.0444 0.8402
vn 0.6669 0.1167 0.7359
vn 0.7081 -0.0453 0.7047
vn 0.6638 0.2327 0.7108
vn 0.7350 0.1690 0.6566
vn -0.7909 -0.3034 -0.5315
vn -0.5306 -0.5772 -0.6208
vn -0.5467 -0.6411 -0.5385
vn -0.8202 -0.3599 -0.4446
vn -0.2955 -0.7734 -0.5608
vn -0.2454 -0.7459 -0.6192
vn -0.1771 -0.7630 -0.6216
vn -0.2390 -0.7668 -0.5957
vn -0.3332 -0.6808 -0.6523
vn -0.2837 -0.6858 -0.6703
vn -0.4416 -0.6902 -0.5732
vn -0.3716 -0.7758 -0.5100
vn -0.4425 -0.5611 -0.6996
vn -0.4727 -0.5586 -0.6816
vn -0.5371 -0.4746 -0.6974
vn -0.4921 -0.4800 -0.7263
vn -0.5665 -0.4925 -0.6607
vn -0.5076 -0.5618 -0.6533
vn -0.4401 -0.4517 -0.7760
vn -0.4756 -0.4478 -0.7571
vn -0.4528 -0.4371 -0.7772
vn -0.4402 -0.4377 -0.7840
vn -0.4736 -0.4928 -0.7300
vn -0.5154 -0.4940 -0.7003
vn 0.4686 0.4003 0.7875
vn 0.8284 0.4931 0.2659
vn 0.9556 0.2732 -0.1105
vn 0.9141 0.3671 0.1722
vn 0.6423 0.3468 0.6836
vn 0.4021 0.4352 0.8056
vn 0.4026 0.2895 0.8684
vn 0.5909 0.5970 0.5426
vn 0.5418 0.3993 0.7396
vn 0.4212 0.4580 0.7829
vn 0.4742 0.4526 0.7551
vn 0.5900 0.4307 0.6830
vn 0.4276 0.4724 0.7707
vn 0.4132 0.4675 0.7815
vn 0.4393 0.5080 0.7409
vn 0.4661 0.5218 0.7145
vn 0.5346 0.5604 0.6326
vn 0.8037 0.2849 0.5224
vn 0.7793 0.3249 0.5358
vn 0.5920 0.4987 0.6331
vn 0.6213 0.4683 0.6282
vn 0.5915 0.5201 0.6161
vn 0.7604 0.3529 0.5452
vn 0.5784 0.5208 0.6279
vn 0.5523 0.5184 0.6528
vn 0.5566 0.5299 0.6399
vn -0.3885 -0.5341 -0.7509
vn -0.3834 -0.3872 -0.8385
vn -0.4125 -0.3589 -0.8373
vn -0.4151 -0.5407 -0.7317
vn -0.3250 -0.2851 -0.9017
vn -0.2380 -0.3446 -0.9081
vn -0.4434 -0.2374 -0.8643
vn -0.4435 -0.3539 -0.8234
vn -0.4329 -0.5297 -0.7294
vn 0.1425 0.7577 0.6368
vn 0.1890 0.7809 0.5954
vn 0.7069 0.3875 0.5917
vn 0.6862 0.3870 0.6159
vn 0.7418 0.3828 0.5506
vn 0.2012 0.7854 0.5854
vn 0.6944 -0.1468 0.7045
vn 0.7437 -0.2240 0.6298
vn 0.8114 -0.3663 0.4556
vn 0.7743 -0.3034 0.5553
vn 0.9123 -0.0812 0.4013
vn 0.7965 -0.0544 0.6021
vn 0.8330 -0.5108 0.2126
vn 0.9863 -0.1568 0.0515
vn -0.0337 -0.8992 -0.4362
vn -0.0347 -0.9146 -0.4029
vn -0.0834 -0.8822 -0.4635
vn -0.0471 -0.8846 -0.4640
vn -0.0002 -0.9633 -0.2683
vn -0.1604 -0.8612 -0.4822
vn 0.7913 -0.1822 0.5836
vn 0.7192 0.0881 0.6892
vn 0.7226 -0.1698 0.6701
vn 0.7975 -0.0809 0.5978
vn 0.5698 -0.2352 0.7874
vn 0.5944 0.0667 0.8014
vn 0.8273 0.1782 0.5327
vn 0.8231 0.2372 0.5159
vn 0.6618 0.3927 0.6385
vn 0.6841 0.2638 0.6801
vn 0.5747 0.4564 0.6793
vn 0.6041 0.3014 0.7377
vn -0.2288 -0.8526 -0.4698
vn -0.5994 -0.6109 -0.5172
vn -0.6367 -0.5649 -0.5249
vn -0.2662 -0.8293 -0.4913
vn -0.8131 -0.3066 -0.4948
vn -0.7992 -0.3164 -0.5110
vn -0.5557 -0.5855 -0.5903
vn -0.2256 -0.8022 -0.5527
vn -0.7883 -0.3023 -0.5359
vn -0.0556 -0.8565 -0.5132
vn 0.0116 -0.9046 -0.4262
vn 0.0256 -0.9274 -0.3731
vn 0.0521 -0.9511 -0.3043
vn -0.0914 -0.8358 -0.5414
vn -0.1861 -0.7459 -0.6395
vn -0.1193 -0.9339 -0.3369
vn -0.2476 -0.8173 -0.5204
vn -0.3677 -0.5286 -0.7651
vn -0.2958 -0.7109 -0.6381
vn -0.4018 -0.5688 -0.7176
vn -0.4447 -0.4733 -0.7604
vn -0.3742 -0.5435 -0.7514
vn -0.3668 -0.5067 -0.7802
vn -0.3404 -0.7849 -0.5177
vn -0.3297 -0.8582 -0.3935
vn -0.2663 -0.9435 -0.1974
vn -0.2729 -0.9582 -0.0858
vn -0.4077 -0.4365 -0.8021
vn -0.3997 -0.3974 -0.8260
vn 0.7944 0.3159 0.5188
vn 0.8588 0.3525 0.3718
vn 0.9028 0.2507 0.3495
vn 0.8068 0.2304 0.5440
vn 0.9762 0.1970 -0.0902
vn 0.9481 0.2893 -0.1320
vn 0.8636 0.3249 0.3856
vn 0.6206 0.3034 0.7230
vn 0.9479 0.2793 -0.1532
vn 0.5306 0.0315 0.8470
vn 0.5501 0.0936 0.8299
vn 0.4752 0.3384 0.8122
vn 0.4883 0.3392 0.8040
vn 0.4395 0.3465 0.8287
vn 0.4942 0.1771 0.8511
vn 0.4476 0.3997 0.7999
vn 0.4196 0.4058 0.8120
vn 0.4488 0.3795 0.8091
vn 0.6975 0.1950 0.6896
vn 0.8009 0.0131 0.5987
vn 0.6066 0.1546 0.7799
vn 0.6867 0.3757 0.6223
vn 0.6846 0.3531 0.6377
vn 0.0327 0.7090 0.7045
vn 0.0791 0.7198 0.6896
vn 0.5587 -0.2924 -0.7761
vn 0.3746 0.0043 -0.9272
vn 0.6650 0.2073 -0.7175
vn 0.7197 -0.1650 -0.6744
vn 0.4220 0.5948 -0.6842
vn 0.2675 0.3861 -0.8828
vn 0.5932 0.6025 -0.5340
vn 0.7643 0.2654 -0.5878
vn 0.7865 -0.0745 -0.6131
vn -0.8921 -0.2488 0.3772
vn -0.8486 -0.1139 0.5167
vn -0.8906 0.2753 0.3619
vn -0.9889 -0.1092 0.1012
vn -0.7787 0.4596 0.4270
vn -0.8275 -0.0019 0.5614
vn -0.4034 0.9118 0.0762
vn -0.6828 0.7247 -0.0924
vn -0.9099 0.2072 -0.3594
vn -0.6202 -0.7112 0.3308
vn -0.5750 -0.6793 0.4560
vn -0.7516 -0.3953 0.5280
vn -0.8160 -0.4843 0.3157
vn -0.7331 -0.3558 0.5797
vn -0.5672 -0.6504 0.5052
vn 0.6903 -0.4497 -0.5667
vn 0.5578 -0.5613 -0.6113
vn 0.1782 -0.9308 -0.3191
vn 0.2657 -0.9357 -0.2321
vn -0.0941 -0.8876 -0.4509
vn 0.2813 -0.6299 -0.7240
vn 0.7301 0.2183 -0.6476
vn 0.7005 -0.1261 -0.7024
vn 0.6104 0.5638 -0.5563
vn 0.4190 0.4947 -0.7614
vn 0.4103 0.1184 -0.9042
vn 0.1989 -0.2812 -0.9388
vn 0.3664 0.8242 -0.4317
vn 0.1960 0.9189 -0.3425
vn 0.2889 0.7484 -0.5970
vn -0.1688 0.9825 -0.0787
vn 0.0301 0.9813 -0.1899
vn -0.7200 0.1266 0.6823
vn -0.6203 0.6572 0.4282
vn -0.2600 0.8541 0.4505
vn -0.3706 0.3497 0.8605
vn -0.4870 -0.6264 0.6086
vn -0.6262 -0.3150 0.7132
vn -0.3549 -0.1655 0.9201
vn -0.2768 -0.5754 0.7696
vn -0.2921 -0.9133 0.2838
vn -0.2867 -0.8850 0.3670
vn 0.0397 -0.9840 -0.1735
vn -0.1105 -0.9876 0.1118
vn -0.2000 -0.8359 0.5112
vn 0.0156 -0.8244 -0.5658
vn 0.4834 -0.5444 -0.6855
vn -0.0012 0.0188 -0.9998
vn -0.0817 -0.4783 -0.8744
vn 0.1001 0.3973 -0.9122
vn -0.0157 0.3330 -0.9428
vn -0.0846 -0.0675 -0.9941
vn -0.1804 -0.5883 -0.7883
vn 0.1444 0.7436 -0.6528
vn 0.1763 0.9577 -0.2273
vn 0.1804 0.9673 -0.1782
vn 0.0477 0.7651 -0.6421
vn 0.0663 0.5223 0.8502
vn 0.1288 0.9170 0.3776
vn 0.2431 0.9096 0.3370
vn 0.1519 0.6407 0.7526
vn -0.1157 -0.4956 0.8608
vn -0.0292 -0.0109 0.9995
vn -0.0120 0.1234 0.9923
vn -0.1281 -0.4659 0.8755
vn -0.1495 -0.9643 0.2184
vn -0.1582 -0.7977 0.5819
vn -0.2200 -0.9460 0.2379
vn -0.1765 -0.8014 0.5715
vn -0.2531 -0.9300 -0.2667
vn -0.1339 -0.9305 -0.3409
vn 0.0333 0.2948 -0.9550
vn -0.0385 0.3031 -0.9522
vn 0.1122 0.5127 -0.8512
vn 0.1929 0.4522 -0.8708
vn -0.3331 0.4160 -0.8462
vn -0.1874 0.7312 -0.6559
vn 0.1840 0.9245 -0.3338
vn 0.3097 0.8457 -0.4347
vn 0.4090 0.7631 -0.5004
vn -0.3386 -0.1349 -0.9312
vn -0.3348 0.0205 -0.9421
vn -0.7871 -0.5005 -0.3605
vn -0.3324 -0.1986 -0.9220
vn -0.6679 -0.6346 -0.3888
vn -0.5727 -0.7007 -0.4254
vn 0.1002 0.3516 -0.9308
vn 0.1499 0.4953 -0.8557
vn -0.5147 -0.6732 0.5309
vn -0.3455 -0.7653 0.5432
vn -0.5971 -0.8021 0.0097
vn -0.6951 -0.7022 0.1540
vn -0.3955 -0.8107 0.4317
vn -0.5818 -0.8088 -0.0861
vn -0.3981 -0.4628 0.7921
vn -0.1604 -0.5113 0.8443
vn 0.0224 -0.1689 0.9854
vn -0.0753 -0.1439 0.9867
vn 0.1016 -0.1866 0.9772
vn -0.0950 -0.5439 0.8338
vn 0.2924 0.2392 0.9259
vn 0.2950 0.2424 0.9242
vn 0.4908 0.6163 0.6159
vn 0.5342 0.6036 0.5919
vn 0.5026 0.6732 0.5424
vn 0.3300 0.2489 0.9106
vn 0.5822 0.8130 -0.0030
vn 0.5610 0.8081 -0.1795
vn 0.4342 0.5446 -0.7175
vn 0.5079 0.8597 0.0535
vn 0.4866 0.6284 -0.6069
vn 0.2787 0.4163 -0.8655
vn 0.3570 0.5176 -0.7776
vn 0.0625 0.7291 -0.6815
vn -0.0100 0.2884 -0.9575
vn 0.1305 0.9804 -0.1476
vn 0.0520 0.7018 -0.7105
vn 0.0601 0.9862 -0.1540
vn -0.0655 0.3420 -0.9374
vn 0.1131 0.9325 0.3430
vn 0.0372 0.9291 0.3679
vn 0.0772 0.6633 0.7443
vn 0.0588 0.6290 0.7751
vn -0.1244 -0.5069 0.8530
vn -0.0250 0.1184 0.9927
vn -0.0117 0.0792 0.9968
vn -0.1013 -0.5500 0.8290
vn -0.2683 -0.9286 0.2564
vn -0.1845 -0.8134 0.5517
vn -0.1717 -0.8258 0.5372
vn -0.2987 -0.9165 0.2659
vn -0.3591 -0.9088 -0.2123
vn -0.3633 -0.5804 -0.7288
vn -0.5823 -0.4521 -0.6757
vn -0.4936 -0.8587 -0.1378
vn -0.3513 0.0195 -0.9361
vn -0.1759 -0.1089 -0.9784
vn 0.0089 0.9980 -0.0624
vn -0.1180 0.8051 -0.5812
vn -0.6025 0.7850 -0.1441
vn -0.2475 0.9566 0.1541
vn -0.9189 0.2056 -0.3367
vn -0.4659 0.4262 -0.7754
vn -0.9026 -0.2454 -0.3536
vn -0.7826 -0.5962 0.1790
vn -0.9052 -0.3442 0.2491
vn -0.9473 0.1982 -0.2517
vn -0.8115 -0.2914 0.5066
vn -0.6298 -0.6067 0.4851
vn -0.0412 0.4301 0.9018
vn -0.1484 0.2021 0.9681
vn -0.5661 0.3920 0.7252
vn -0.2508 0.7690 0.5881
vn -0.5837 -0.1271 0.8019
vn -0.0062 -0.0095 0.9999
vn -0.7621 0.4775 0.4373
vn 0.0175 0.5650 0.8249
vn -0.0423 0.8891 0.4557
vn -0.4553 -0.4578 0.7636
vn -0.0229 -0.1792 0.9835
vn -0.0251 -0.5566 0.8304
vn 0.0599 0.0482 0.9970
vn 0.1298 0.0927 0.9872
vn 0.0410 -0.5197 0.8534
vn -0.3728 -0.8686 0.3266
vn -0.1505 -0.8192 0.5534
vn -0.1592 -0.7558 0.6351
vn -0.4343 -0.8095 0.3950
vn -0.9965 0.0778 -0.0319
vn -0.9364 0.1416 0.3211
vn 0.5861 0.2712 0.7635
vn 0.6039 0.4296 0.6714
vn 0.3738 0.1005 0.9220
vn 0.3617 0.0468 0.9311
vn 0.7223 0.4950 0.4830
vn 0.7856 0.2426 0.5692
vn 0.8228 0.4453 0.3533
vn 0.6444 0.7565 0.1112
vn 0.4400 0.7932 -0.4209
vn 0.7619 0.6410 0.0922
vn 0.5092 0.2183 0.8325
vn 0.5196 0.0928 0.8493
vn 0.6247 0.7665 -0.1494
vn 0.3198 0.6764 -0.6635
vn 0.2263 0.9016 -0.3686
vn 0.2603 0.7462 -0.6128
vn 0.0265 0.7427 -0.6691
vn -0.0869 0.9378 -0.3361
vn -0.5137 0.3654 -0.7762
vn -0.5954 0.6383 -0.4880
vn -0.2830 0.9443 -0.1681
vn -0.5976 0.7219 -0.3489
vn -0.6227 0.7215 -0.3028
vn -0.4256 0.8951 -0.1326
vn -0.8871 0.3425 -0.3095
vn -0.8912 0.3381 -0.3023
vn -0.6748 0.6759 -0.2964
vn -0.6669 0.6511 -0.3623
vn -0.4591 0.8714 -0.1727
vn -0.4043 0.8794 -0.2513
vn -0.8092 0.4087 -0.4221
vn -0.8521 0.3670 -0.3732
vn -0.8876 0.2474 -0.3886
vn -0.7891 0.3981 -0.4677
vn -0.8725 -0.1101 -0.4760
vn -0.9195 -0.1350 -0.3692
vn -0.8429 0.2692 -0.4658
vn -0.8432 -0.0674 -0.5334
vn -0.9114 0.0796 -0.4037
vn -0.3749 0.8893 -0.2618
vn -0.5056 0.8496 -0.1504
vn -0.3968 0.8910 -0.2208
vn -0.8882 0.3280 -0.3219
vn -0.5916 0.7633 -0.2595
vn -0.4793 0.8604 -0.1730
vn -0.8040 0.5382 -0.2529
vn 0.0103 0.9999 0.0071
vn -0.1011 0.9838 -0.1479
vn 0.1178 0.9802 0.1591
vn -0.2716 0.9624 0.0009
vn -0.6900 0.6831 -0.2393
vn -0.1571 0.9235 -0.3500
vn -0.6281 0.6411 -0.4410
vn -0.7156 0.5721 -0.4008
vn -0.2283 0.8506 -0.4737
vn -0.8905 0.1902 -0.4133
vn 0.3425 0.8059 -0.4828
vn 0.3915 0.8959 -0.2101
vn 0.7504 0.6555 -0.0848
vn 0.7470 0.5598 -0.3587
vn 0.6828 0.7234 0.1026
vn 0.3910 0.9203 -0.0113
vn -0.0911 0.6530 0.7519
vn 0.2666 0.9539 0.1378
vn 0.4503 0.7572 0.4732
vn 0.4080 0.4858 0.7730
vn 0.7332 0.5029 0.4577
vn 0.6869 0.3553 0.6340
vn 0.1867 0.9824 -0.0018
vn -0.1658 0.7724 0.6131
vn -0.5285 0.5499 0.6468
vn -0.0862 0.9958 0.0309
vn -0.3751 -0.0453 0.9259
vn -0.0923 0.2147 0.9723
vn -0.3292 0.2739 0.9037
vn -0.0541 -0.1033 0.9932
vn -0.3585 0.9312 0.0659
vn -0.9579 0.2755 0.0814
vn -0.9970 0.0127 -0.0762
vn -0.7895 -0.1961 0.5816
vn -0.9537 -0.0376 0.2983
vn -0.9563 0.2033 -0.2101
vn -0.3638 -0.3797 0.8506
vn -0.4027 -0.4507 0.7967
vn -0.0471 -0.4092 0.9112
vn -0.0308 -0.5297 0.8476
vn -0.8426 0.4905 -0.2224
vn -0.7753 0.5631 -0.2860
vn -0.4893 0.6721 -0.5557
vn -0.3419 0.7480 -0.5688
vn -0.7787 0.0417 0.6260
vn -0.8671 0.3859 0.3150
vn -0.9047 0.4053 -0.1310
vn -0.8951 -0.0170 0.4456
vn -0.6510 0.6584 -0.3778
vn -0.7467 0.6651 -0.0067
vn 0.6597 0.5782 -0.4801
vn 0.9104 0.3944 -0.1250
vn 0.9232 0.2088 -0.3226
vn 0.6519 0.4907 -0.5781
vn 0.9609 0.0939 0.2605
vn 0.9820 -0.0943 0.1635
vn 0.9562 0.2265 -0.1854
vn 0.9843 0.0220 0.1754
vn 0.2354 0.6938 -0.6806
vn 0.1701 0.7147 -0.6785
vn 0.7024 0.0043 0.7117
vn 0.6382 -0.3257 0.6976
vn 0.2266 -0.1740 0.9583
vn 0.0403 -0.4523 0.8910
vn 0.5930 -0.3832 0.7081
vn 0.6064 0.6754 0.4198
vn 0.7176 0.6843 -0.1295
vn 0.0887 0.9054 -0.4152
vn -0.1031 0.9274 0.3595
vn -0.3882 -0.4339 0.8130
vn -0.3506 -0.2057 0.9136
vn -0.2879 0.3322 0.8982
vn 0.4823 0.3145 0.8176
vn 0.8340 0.4133 0.3656
vn -0.2422 0.7362 0.6319
vn 0.0575 0.7883 0.6126
vn 0.0052 0.6780 0.7350
vn -0.2729 0.6706 0.6898
vn 0.0817 0.8193 0.5675
vn -0.2462 0.7607 0.6006
vn -0.2604 0.7523 0.6052
vn 0.1063 0.7818 0.6144
vn -0.2088 0.7400 0.6394
vn -0.2107 0.7583 0.6169
vn -0.0677 0.7941 0.6040
vn -0.1028 0.7766 0.6215
vn -0.0633 0.8109 0.5817
vn -0.2151 0.7491 0.6266
vn -0.2739 0.7274 0.6292
vn 0.1415 0.7050 0.6949
vn -0.2725 0.7038 0.6561
vn 0.2011 0.6064 0.7693
vn -0.0502 0.7557 0.6530
vn -0.1812 0.7473 0.6393
vn -0.1993 0.7004 0.6853
vn -0.0882 0.6470 0.7574
vn -0.2474 0.6997 0.6702
vn 0.2789 0.5560 0.7830
vn -0.1943 0.6968 0.6904
vn 0.3745 0.4886 0.7881
vn -0.2728 0.6741 0.6864
vn -0.1134 0.6349 0.7642
vn -0.3159 0.6773 0.6645
vn -0.1180 0.6673 0.7354
vn 0.0017 0.6653 0.7466
vn 0.0230 0.6831 0.7300
vn 0.6888 0.3138 0.6535
vn 0.6456 0.2995 0.7025
vn 0.5106 0.3841 0.7693
vn -0.1085 0.6806 0.7246
vn -0.3165 0.6861 0.6550
vn -0.1382 0.6821 0.7181
vn -0.2876 0.7166 0.6355
vn -0.1524 0.7014 0.6962
vn -0.2110 0.6756 0.7064
vn -0.2071 0.7062 0.6770
vn -0.1236 0.7296 0.6726
vn -0.4413 0.6627 0.6050
vn -0.4831 0.6073 0.6307
vn -0.2310 0.6565 0.7181
vn -0.1863 0.6165 0.7650
vn -0.5562 0.5037 0.6610
vn -0.9732 0.2258 0.0443
vn -0.9880 0.1526 0.0245
vn -0.8795 -0.2098 -0.4272
vn -0.8653 -0.2220 -0.4494
vn -0.9998 0.0169 -0.0055
vn -0.8556 -0.2842 -0.4326
vn -0.1560 0.7484 0.6446
vn -0.1909 0.7695 0.6095
vn -0.5809 0.6707 0.4612
vn -0.5404 0.6469 0.5381
vn -0.8655 -0.1444 -0.4796
vn -0.9679 0.2394 -0.0764
vn -0.9527 0.3034 0.0153
vn -0.9003 -0.0290 -0.4342
vn -0.2554 0.7465 0.6144
vn -0.2130 0.7905 0.5742
vn -0.5962 0.6289 0.4990
vn -0.6456 0.5679 0.5106
vn -0.8312 -0.2604 -0.4912
vn -0.7515 -0.2446 -0.6128
vn -0.7590 -0.2452 -0.6031
vn -0.8347 -0.2634 -0.4837
vn -0.7625 -0.1919 -0.6179
vn -0.7034 -0.2904 -0.6488
vn -0.7852 -0.2592 -0.5623
vn -0.6896 -0.3298 -0.6448
vn -0.8130 -0.2839 -0.5084
vn -0.9425 0.2538 0.2173
vn -0.9411 0.3031 0.1496
vn -0.9671 -0.0026 -0.2544
vn -0.9870 -0.0169 -0.1597
vn -0.8658 -0.1621 -0.4734
vn -0.8697 -0.2017 -0.4505
vn -0.6793 -0.3777 -0.6291
vn -0.7046 -0.4278 -0.5661
vn -0.7160 -0.4482 -0.5353
vn -0.7171 -0.3497 -0.6028
vn -0.6906 0.5394 0.4818
vn -0.2934 0.7025 0.6484
vn -0.2621 0.6900 0.6747
vn -0.7124 0.5391 0.4493
vn -0.8829 -0.2594 -0.3913
vn -0.8813 -0.2232 -0.4164
vn -0.9917 -0.0111 -0.1279
vn -0.9931 -0.0024 -0.1171
vn -0.9473 0.2720 0.1690
vn -0.9461 0.2334 0.2247
vn -0.7103 0.5190 0.4754
vn -0.2386 0.6648 0.7079
vn -0.2448 0.6170 0.7479
vn -0.6995 0.4887 0.5214
vn -0.9533 0.2561 0.1603
vn -0.9949 -0.0432 -0.0913
vn -0.9928 -0.1068 -0.0539
vn -0.9586 0.2022 0.2005
vn -0.7308 -0.5067 -0.4574
vn -0.8719 -0.3595 -0.3324
vn -0.7965 -0.4614 -0.3907
vn -0.8703 -0.4167 -0.2625
vn -0.8131 -0.3303 -0.4793
vn -0.7612 -0.3890 -0.5188
vn -0.9789 -0.2011 -0.0366
vn -0.9580 0.1445 0.2478
vn -0.9571 0.1442 0.2514
vn -0.9858 -0.1679 -0.0008
vn -0.6771 0.4717 0.5648
vn -0.6786 0.4894 0.5477
vn -0.2530 0.5920 0.7652
vn -0.2860 0.6306 0.7215
vn -0.9180 -0.3755 -0.1276
vn -0.8756 -0.4321 -0.2158
vn -0.2104 0.7249 0.6559
vn -0.2426 0.7597 0.6033
vn -0.2372 0.7871 0.5694
vn -0.5589 0.6573 0.5055
vn -0.8739 -0.1988 -0.4436
vn -0.8460 -0.2696 -0.4600
vn -0.8691 -0.3295 -0.3690
vn -0.9163 -0.1964 -0.3490
vn -0.3689 0.6701 0.6441
vn -0.7213 0.5207 0.4567
vn -0.9477 -0.1787 -0.2646
vn -0.9157 -0.3218 -0.2408
vn -0.9894 -0.1212 -0.0798
vn -0.9936 -0.0034 -0.1128
vn -0.9283 0.3250 0.1805
vn -0.9569 0.2207 0.1886
vn -0.5781 0.6781 0.4538
vn -0.2492 0.7972 0.5498
vn -0.2582 0.8090 0.5281
vn -0.5896 0.6923 0.4161
vn -0.9267 -0.0685 -0.3695
vn -0.8971 -0.1232 -0.4243
vn -0.9428 -0.0816 -0.3232
vn -0.9662 -0.0113 -0.2576
vn -0.9792 -0.0355 -0.2000
vn -0.9631 -0.0773 -0.2579
vn -0.9924 0.0733 -0.0985
vn -0.9935 0.0968 -0.0595
vn -0.8932 0.4092 0.1864
vn -0.9002 0.3917 0.1902
vn -0.6051 0.6872 0.4020
vn -0.2929 0.8055 0.5152
vn -0.6453 0.6551 0.3930
vn -0.3393 0.8146 0.4705
vn -0.9632 -0.0517 -0.2636
vn -0.9626 -0.0410 -0.2679
vn -0.9852 0.0603 -0.1604
vn -0.9823 0.1480 -0.1151
vn -0.9864 0.1272 -0.1040
vn -0.9885 0.0159 -0.1501
vn -0.9924 0.1123 -0.0498
vn -0.9858 0.1616 -0.0462
vn -0.9196 0.3662 0.1423
vn -0.9000 0.3998 0.1738
vn -0.9085 -0.0311 -0.4167
vn -0.9467 -0.0537 -0.3177
vn -0.9707 0.1895 -0.1475
vn -0.9457 0.2646 -0.1889
vn -0.9309 0.0113 -0.3650
vn -0.7200 -0.2768 -0.6364
vn -0.6685 0.1553 -0.7273
vn -0.8477 -0.2978 -0.4390
vn -0.8854 -0.2413 -0.3972
vn -0.8719 -0.3049 -0.3831
vn -0.9157 -0.1505 -0.3727
vn -0.8876 -0.1029 -0.4489
vn -0.9449 -0.0950 -0.3133
vn -0.6100 -0.7705 -0.1851
vn -0.6753 -0.7056 -0.2145
vn -0.9779 0.0152 -0.2086
vn -0.9663 0.0974 0.2382
vn -0.9982 -0.0352 -0.0483
vn -0.5251 0.6990 0.4855
vn -0.3716 0.5530 0.7458
vn -0.2414 0.3274 0.9135
vn -0.8441 0.1765 0.5063
vn -0.9830 -0.1783 -0.0435
vn -0.8807 -0.3819 -0.2802
vn -0.3359 0.0113 0.9418
vn -0.7899 0.1052 0.6041
vn -0.6699 -0.2134 0.7111
vn -0.8519 0.1170 0.5105
vn -0.9564 -0.0085 0.2918
vn -0.9771 -0.1124 0.1809
vn -0.5632 -0.6254 -0.5401
vn -0.3882 -0.7527 -0.5318
vn -0.4513 -0.8112 -0.3720
vn -0.6056 -0.6851 -0.4048
vn -0.4783 -0.7494 -0.4578
vn -0.5380 -0.7664 -0.3509
vn -0.6454 -0.7161 -0.2659
vn -0.5251 -0.8454 -0.0976
vn -0.5614 -0.7790 -0.2794
vn -0.4054 -0.4573 -0.7915
vn -0.3822 -0.3784 -0.8431
vn -0.2651 -0.6471 -0.7148
vn -0.2812 -0.6971 -0.6596
vn -0.2526 -0.5668 -0.7842
vn -0.3793 -0.3210 -0.8678
vn -0.2130 -0.6606 -0.7199
vn -0.2840 -0.7108 -0.6435
vn -0.2742 -0.7413 -0.6127
vn -0.3985 -0.2621 -0.8789
vn -0.2398 -0.4875 -0.8395
vn -0.2435 -0.4889 -0.8377
vn -0.4779 -0.2379 -0.8456
vn -0.0821 -0.6094 -0.7886
vn -0.1187 -0.6051 -0.7873
vn -0.6315 0.1145 -0.7669
vn -0.5832 0.1775 -0.7927
vn -0.5073 -0.1171 -0.8538
vn -0.5410 -0.1786 -0.8219
vn -0.4909 -0.0461 -0.8700
vn -0.5833 0.2279 -0.7797
vn -0.5337 0.8428 -0.0701
vn -0.4862 0.8667 -0.1112
vn -0.6315 0.4712 -0.6158
vn -0.6798 0.4548 -0.5754
vn -0.6055 0.5248 -0.5983
vn -0.4617 0.8718 -0.1639
vn -0.6329 0.3077 -0.7105
vn -0.5396 0.0030 -0.8419
vn -0.6670 0.0548 -0.7430
vn -0.7547 0.4084 -0.5135
vn -0.8912 0.3151 -0.3263
vn -0.8195 0.0073 -0.5730
vn -0.6663 -0.2267 -0.7104
vn -0.0230 0.7975 0.6029
vn -0.0232 0.8163 0.5772
vn -0.1568 0.8618 0.4823
vn -0.2404 0.8682 0.4341
vn -0.0617 0.8610 0.5049
vn -0.1897 0.8314 0.5224
vn -0.5999 0.7974 -0.0652
vn -0.6751 0.7370 -0.0335
vn -0.9115 0.4100 -0.0327
vn -0.9620 0.2698 -0.0416
vn -0.9562 0.2910 0.0303
vn -0.9062 0.4228 -0.0049
vn -0.3911 0.8577 0.3337
vn -0.4098 0.8522 0.3252
vn -0.7999 0.5765 0.1664
vn -0.8422 0.5324 -0.0853
vn 0.2775 0.7629 0.5839
vn 0.3300 0.7489 0.5747
vn -0.9100 0.4129 -0.0366
vn -0.9198 0.3773 0.1080
vn -0.2741 0.9597 0.0618
vn 0.1684 0.9351 0.3117
vn -0.6783 0.6719 -0.2975
vn -0.6496 0.7543 -0.0950
vn -0.8298 0.5520 -0.0824
vn -0.8377 0.5460 -0.0123
vn -0.6286 0.7418 0.2335
vn -0.5658 0.7298 -0.3837
vn -0.2936 0.9338 0.2047
vn -0.4184 0.7676 0.4855
vn -0.1040 0.8924 0.4392
vn -0.9388 0.3441 -0.0187
vn -0.8126 0.5518 0.1874
vn -0.8873 0.2339 -0.3974
vn -0.9045 0.1751 -0.3889
vn -0.6022 0.7718 0.2041
vn -0.8255 0.5052 -0.2515
vn -0.9365 -0.0439 -0.3480
vn -0.9742 0.0505 -0.2200
vn -0.9329 -0.0543 -0.3560
vn -0.9082 -0.2224 -0.3546
vn -0.9444 0.1802 -0.2752
vn -0.9224 0.3825 -0.0540
vn -0.8686 0.2283 -0.4397
vn -0.8881 0.3345 -0.3152
vn -0.9227 0.1076 -0.3703
vn -0.8993 0.4151 -0.1377
vn -0.3945 -0.2049 -0.8958
vn -0.6748 -0.0951 -0.7319
vn -0.5709 -0.7172 -0.3995
vn -0.6585 -0.6708 -0.3413
vn 0.0424 0.8052 0.5915
vn 0.3493 0.7562 0.5533
vn 0.3888 0.9165 0.0946
vn 0.1057 0.9893 0.1006
vn -0.1151 0.0977 0.9885
vn -0.5582 -0.1891 0.8079
vn -0.2736 -0.5056 0.8182
vn 0.0634 -0.0707 0.9955
vn -0.5502 -0.7701 0.3228
vn -0.7976 -0.5246 0.2977
vn -0.6381 -0.7587 -0.1311
vn -0.7572 -0.6411 -0.1247
vn -0.0800 0.4574 0.8857
vn 0.1862 0.3539 0.9166
vn -0.7330 0.6480 0.2070
vn -0.9344 0.0872 0.3454
vn -0.5300 0.3544 0.7704
vn -0.3904 0.7994 0.4567
vn -0.9462 -0.1161 -0.3020
vn -0.6584 0.6078 -0.4440
vn -0.3039 0.9420 -0.1423
vn -0.6228 -0.6025 -0.4991
vn -0.1286 -0.3554 -0.9258
vn -0.3825 0.3984 -0.8337
vn -0.0925 0.8421 -0.5313
vn -0.7812 -0.6239 -0.0212
vn -0.4393 -0.8964 -0.0582
vn -0.2872 -0.9423 0.1720
vn -0.4885 0.8577 0.1605
vn -0.4731 0.8652 0.1663
vn -0.7644 0.3405 -0.5475
vn -0.7794 0.4557 -0.4300
vn -0.7451 0.4247 -0.5143
vn -0.8148 -0.0421 -0.5782
vn -0.7275 -0.0237 -0.6857
vn -0.7113 0.3902 -0.5847
vn -0.7993 0.0388 -0.5997
vn -0.8565 -0.1351 -0.4981
vn -0.6389 0.3729 -0.6729
vn -0.7120 0.3351 -0.6171
vn -0.7287 0.1632 -0.6651
vn -0.6913 0.0504 -0.7208
vn -0.6520 0.3918 -0.6492
vn -0.6973 -0.0004 -0.7168
vn -0.7702 0.1849 -0.6105
vn -0.9417 -0.0746 -0.3281
vn -0.9219 -0.0868 -0.3775
vn -0.9289 0.1804 -0.3233
vn -0.8975 0.2742 -0.3455
vn -0.7217 0.4765 -0.5021
vn -0.9148 -0.1094 -0.3888
vn -0.8132 0.1186 -0.5697
vn -0.4316 0.8499 -0.3022
vn -0.6131 0.7322 -0.2967
vn -0.5928 0.6536 -0.4705
vn -0.5871 0.6708 -0.4531
vn -0.9491 0.0250 -0.3140
vn -0.5851 0.7896 -0.1849
vn -0.3599 0.9017 -0.2397
vn -0.6275 0.6674 -0.4010
vn -0.4175 -0.6986 -0.5811
vn -0.5244 -0.6092 -0.5949
vn -0.5619 -0.6402 -0.5238
vn -0.4749 -0.5487 -0.6881
vn -0.3513 -0.6393 -0.6840
vn -0.4969 -0.6357 -0.5908
vn -0.5264 -0.6883 -0.4992
vn -0.5240 -0.7230 -0.4503
vn -0.9438 0.2910 -0.1565
vn -0.9872 0.1269 -0.0967
vn -0.5212 0.8117 0.2638
vn -0.4112 0.8989 0.1512
vn -0.8355 0.4827 -0.2626
vn -0.7160 0.6713 -0.1917
vn -0.1457 0.8806 0.4509
vn -0.3002 0.9305 0.2098
vn -0.5546 0.8320 -0.0138
vn -0.0334 0.8226 0.5677
vn -0.1868 0.8664 0.4631
vn -0.1478 0.9012 0.4075
vn -0.6356 0.7641 0.1103
vn -0.6578 0.7440 0.1171
vn -0.5880 0.8083 0.0296
vn -0.1569 0.9412 0.2992
vn -0.2595 0.8538 0.4512
vn -0.6866 0.7251 0.0524
vn -0.4631 -0.5812 -0.6691
vn -0.4163 -0.5665 -0.7112
vn -0.2787 -0.6805 -0.6776
vn -0.2959 -0.6819 -0.6690
vn -0.2568 -0.6756 -0.6911
vn -0.4100 -0.5665 -0.7148
vn -0.3057 -0.6301 -0.7138
vn -0.2850 -0.5889 -0.7563
vn -0.7491 0.0341 -0.6615
vn -0.8095 0.0153 -0.5869
vn -0.8443 0.4340 -0.3143
vn -0.8084 0.4251 -0.4072
vn -0.8713 0.4312 -0.2342
vn -0.8593 -0.0061 -0.5114
vn -0.5119 -0.5918 -0.6227
vn -0.3358 -0.7049 -0.6248
vn -0.8805 0.4203 -0.2192
vn -0.8515 0.4282 -0.3026
vn -0.8868 -0.0050 -0.4622
vn -0.8799 0.0029 -0.4751
vn -0.6914 0.0574 -0.7202
vn -0.5703 -0.2551 -0.7808
vn -0.5815 -0.3233 -0.7466
vn -0.4303 -0.5478 -0.7175
vn -0.6728 -0.3719 -0.6396
vn -0.6266 -0.3579 -0.6923
vn -0.7483 0.4358 -0.5001
vn -0.6972 -0.3697 -0.6142
vn -0.7379 -0.3873 -0.5527
vn 0.7829 0.3007 0.5447
vn 0.7668 0.3425 0.5428
vn 0.7744 0.3691 0.5139
vn 0.7505 0.3368 0.5686
vn 0.6006 0.5233 0.6046
vn 0.5930 0.5246 0.6109
vn 0.5813 0.5603 0.5901
vn 0.5772 0.5338 0.6180
vn 0.7839 0.2568 0.5653
vn 0.5720 0.5265 0.6290
vn 0.5578 0.5445 0.6264
vn 0.7932 0.2498 0.5554
vn 0.5438 0.6408 0.5418
vn 0.5697 0.6022 0.5594
vn 0.4177 0.6147 0.6691
vn 0.3971 0.6468 0.6511
vn 0.3919 0.7005 0.5965
vn 0.3558 0.7115 0.6059
vn 0.4530 0.6780 0.5789
vn 0.3994 0.7208 0.5665
vn 0.9127 0.3920 -0.1154
vn 0.6945 0.6331 0.3420
vn 0.6455 0.6446 0.4097
vn 0.9092 0.4156 -0.0256
vn 0.8590 -0.0050 -0.5120
vn 0.9153 0.1476 -0.3747
vn -0.3544 -0.7026 -0.6171
vn -0.3656 -0.6389 -0.6768
vn -0.4122 -0.6366 -0.6518
vn -0.4168 -0.6685 -0.6160
vn -0.4336 -0.6289 -0.6454
vn -0.4169 -0.6827 -0.6002
vn -0.4891 -0.6514 -0.5800
vn -0.4989 -0.6152 -0.6104
vn -0.5230 -0.5652 -0.6380
vn -0.4963 -0.5845 -0.6419
vn -0.5727 -0.5263 -0.6285
vn -0.5684 -0.5478 -0.6139
vn -0.4817 -0.6142 -0.6251
vn -0.3014 -0.6914 -0.6566
vn -0.3648 -0.7398 -0.5653
vn -0.5031 -0.6623 -0.5552
vn -0.5810 -0.5502 -0.5997
vn -0.5522 -0.5637 -0.6143
vn -0.5547 -0.5951 -0.5815
vn -0.5703 -0.5763 -0.5854
vn -0.5790 -0.5533 -0.5989
vn -0.5626 -0.5730 -0.5960
vn -0.4564 -0.5938 -0.6627
vn -0.4764 -0.6407 -0.6022
vn -0.1636 -0.6631 -0.7305
vn -0.4804 -0.4290 -0.7649
vn 0.0522 -0.7085 -0.7038
vn -0.2734 -0.5051 -0.8186
vn -0.1259 -0.7386 -0.6622
vn -0.2304 -0.7041 -0.6716
vn -0.4821 -0.3763 -0.7912
vn -0.4281 -0.4320 -0.7938
vn -0.4673 -0.6971 -0.5437
vn -0.4824 -0.4046 -0.7769
vn -0.3135 -0.6435 -0.6983
vn -0.3271 -0.9154 -0.2345
vn -0.2875 -0.9533 0.0920
vn -0.4219 -0.9033 -0.0775
vn -0.5411 -0.7229 -0.4296
vn -0.5254 -0.3991 -0.7514
vn -0.5254 -0.4288 -0.7349
vn -0.5542 -0.5028 -0.6634
vn -0.5550 -0.4707 -0.6859
vn -0.5777 -0.7107 -0.4015
vn -0.5823 -0.6430 -0.4975
vn -0.3840 -0.3623 -0.8493
vn -0.4242 -0.3508 -0.8348
vn -0.4893 -0.6465 -0.5854
vn -0.4251 -0.6307 -0.6493
vn -0.3931 -0.4161 -0.8199
vn -0.3645 -0.2969 -0.8826
vn -0.3773 -0.2391 -0.8947
vn -0.3907 -0.2349 -0.8900
vn -0.4303 -0.4799 -0.7646
vn 0.3937 0.8474 0.3563
vn 0.5011 0.8246 0.2624
vn 0.5339 0.7722 0.3444
vn 0.4257 0.8051 0.4130
vn 0.6072 0.7430 0.2816
vn 0.5027 0.8644 0.0078
vn 0.5754 0.3742 0.7273
vn 0.5219 0.4520 0.7234
vn 0.3911 0.4834 0.7832
vn 0.7888 0.5049 0.3507
vn 0.5601 0.7112 0.4248
vn 0.4528 0.8900 -0.0533
vn 0.7169 0.6971 -0.0129
vn 0.4978 0.8516 0.1642
vn 0.5245 0.6614 0.5362
vn 0.5128 0.2209 0.8296
vn 0.5373 0.2211 0.8139
vn 0.4211 -0.0096 0.9070
vn 0.4481 -0.1838 0.8749
vn 0.4415 0.1119 0.8902
vn 0.5776 0.0940 0.8109
vn 0.4454 0.0184 0.8951
vn 0.5311 0.3344 0.7785
vn 0.5181 0.2483 0.8185
vn 0.4746 0.8799 0.0221
vn 0.6002 0.7093 0.3698
vn 0.5629 0.5188 0.6434
vn 0.6192 0.7830 0.0592
vn 0.4770 0.2707 0.8362
vn 0.5222 0.8350 0.1736
vn 0.4846 0.1293 0.8651
vn 0.6357 0.4076 0.6555
vn 0.4229 0.0196 0.9060
vn 0.7850 0.3206 0.5301
vn 0.8636 0.2060 0.4601
vn 0.5652 0.6709 0.4800
vn 0.6654 0.5928 0.4537
vn 0.8468 0.3177 0.4266
vn 0.9594 0.1606 0.2320
vn 0.8094 0.3015 0.5040
vn 0.7168 0.5679 0.4046
vn 0.7914 0.3181 0.5220
vn 0.7945 0.4327 0.4262
vn 0.7115 0.5466 0.4416
vn 0.7413 0.1854 0.6450
vn 0.6684 0.3606 0.6505
vn 0.6986 0.3637 0.6162
vn 0.4020 0.9041 0.1448
vn 0.6394 0.7356 0.2238
vn 0.6152 0.7290 0.3003
vn 0.4352 0.8659 0.2467
vn 0.4157 0.8053 0.4227
vn 0.5678 0.7283 0.3836
vn 0.6186 0.0824 0.7814
vn 0.3698 0.1669 0.9140
vn 0.4008 -0.0914 0.9116
vn 0.7233 0.1546 0.6730
vn 0.5890 0.6954 0.4117
vn 0.6752 0.6516 0.3458
vn 0.6391 0.5672 0.5194
vn 0.7288 0.5365 0.4255
vn 0.7680 0.4491 0.4566
vn 0.7566 0.0580 0.6513
vn 0.7667 0.0224 0.6417
vn 0.7629 0.2923 0.5766
vn 0.7450 0.3119 0.5896
vn 0.7884 0.5508 0.2738
vn 0.7529 0.6078 0.2523
vn 0.8912 0.1047 0.4414
vn 0.8844 0.4544 0.1063
vn 0.4895 -0.3827 0.7835
vn 0.7047 0.1901 0.6835
vn 0.6838 0.1680 0.7101
vn 0.7509 0.5614 0.3478
vn 0.7807 0.5504 0.2960
vn 0.7365 0.6747 0.0484
vn 0.7059 0.7005 0.1049
vn 0.7310 0.6807 -0.0470
vn 0.8509 0.4734 0.2278
vn 0.6625 0.6965 -0.2757
vn 0.7271 0.6491 -0.2235
vn 0.6728 0.7357 0.0782
vn 0.6061 0.6799 -0.4127
vn 0.6874 0.5575 -0.4654
vn 0.5889 0.5243 -0.6150
vn 0.5381 0.5761 -0.6153
vn 0.7096 0.3858 -0.5896
vn 0.7935 0.5283 -0.3021
vn 0.7581 0.5738 -0.3099
vn 0.9639 0.2638 -0.0373
vn 0.9111 0.0116 -0.4121
vn 0.6991 0.3988 -0.5935
vn 0.8001 -0.4766 0.3642
vn 0.9775 -0.1331 0.1637
vn 0.9068 0.1410 0.3972
vn 0.8450 -0.2092 0.4922
vn 0.6466 -0.7574 0.0912
vn 0.8900 -0.4162 -0.1862
vn 0.5384 0.1026 -0.8364
vn 0.3760 0.3190 -0.8700
vn 0.6640 -0.2442 -0.7067
vn 0.2941 -0.3045 -0.9060
vn 0.2639 -0.0676 -0.9622
vn 0.2680 0.1487 -0.9519
vn 0.3997 -0.8714 -0.2846
vn 0.6373 -0.5623 -0.5270
vn 0.2696 -0.5457 -0.7934
vn 0.1142 -0.8260 -0.5520
vn -0.0119 -0.8568 -0.5155
vn 0.0913 -0.6017 -0.7935
vn -0.0612 -0.9176 -0.3927
vn -0.0756 -0.6059 -0.7919
vn 0.1611 -0.3730 -0.9137
vn -0.0622 -0.2430 -0.9680
vn -0.5588 -0.7715 -0.3043
vn -0.5261 -0.8308 -0.1815
vn -0.5120 -0.8565 -0.0654
vn -0.4771 -0.8777 0.0447
vn -0.5117 -0.8455 -0.1525
vn -0.5449 -0.8144 -0.1997
vn -0.5733 -0.5735 -0.5851
vn -0.4656 -0.3158 -0.8268
vn -0.5607 -0.5645 -0.6058
vn -0.5573 -0.6159 -0.5568
vn -0.4563 -0.5710 -0.6824
vn -0.2740 -0.1902 -0.9427
vn -0.1121 -0.5945 -0.7962
vn -0.0303 -0.5253 -0.8504
vn -0.4101 -0.8639 -0.2923
vn -0.4078 -0.9107 -0.0657
vn -0.4367 -0.4104 -0.8006
vn -0.4602 -0.6594 -0.5945
vn -0.4509 -0.5504 -0.7027
vn -0.3180 -0.8976 -0.3053
vn -0.3496 -0.7126 -0.6083
vn -0.4275 -0.2309 -0.8740
vn -0.3557 -0.4388 -0.8252
vn -0.2354 -0.3742 -0.8970
vn -0.3518 -0.2116 -0.9118
vn -0.2432 0.0497 -0.9687
vn -0.3404 -0.0718 -0.9375
vn -0.2725 0.0480 -0.9610
vn -0.3694 0.0481 -0.9280
vn -0.4688 -0.1927 -0.8620
vn -0.3003 -0.1789 -0.9369
vn -0.1647 -0.2744 -0.9474
vn -0.0056 -0.5781 -0.8160
vn -0.1759 0.0896 -0.9803
vn -0.0535 -0.6383 -0.7680
vn -0.0598 -0.5694 -0.8199
vn -0.4417 -0.0767 -0.8939
vn -0.2175 -0.5427 -0.8113
vn -0.3403 -0.6126 -0.7134
vn -0.2697 0.0411 -0.9621
vn -0.5168 -0.2825 -0.8081
vn -0.2225 -0.6771 -0.7014
vn -0.2625 -0.6944 -0.6700
vn -0.4244 -0.4903 -0.7612
vn -0.3810 -0.4566 -0.8040
vn -0.4225 -0.5403 -0.7277
vn -0.3233 -0.4469 -0.8341
vn -0.2915 -0.7707 -0.5666
vn -0.2048 -0.7117 -0.6720
vn -0.1730 -0.8687 -0.4641
vn -0.0983 -0.5944 -0.7982
vn -0.1582 -0.9308 -0.3296
vn -0.1165 -0.6842 -0.7199
vn -0.2840 -0.4254 -0.8593
vn -0.2178 -0.5036 -0.8361
vn -0.1109 -0.3354 -0.9355
vn -0.1595 -0.3455 -0.9248
vn -0.3252 -0.4191 -0.8477
vn -0.2216 -0.3860 -0.8955
vn -0.0698 -0.4594 -0.8855
vn -0.0381 -0.3545 -0.9343
vn -0.2944 -0.4841 -0.8240
vn -0.2558 -0.4730 -0.8431
vn -0.2128 -0.4326 -0.8761
vn -0.3838 -0.5836 -0.7156
vn -0.1350 -0.3291 -0.9346
vn -0.3577 -0.5180 -0.7770
vn -0.4930 -0.6723 -0.5522
vn -0.5171 -0.6162 -0.5941
vn -0.0233 -0.3212 -0.9467
vn -0.0758 -0.3373 -0.9383
vn -0.0233 -0.1681 -0.9855
vn 0.0217 -0.1313 -0.9911
vn -0.1672 -0.3714 -0.9133
vn -0.0244 -0.3118 -0.9498
vn -0.0175 -0.0971 -0.9951
vn -0.0125 -0.1100 -0.9939
vn -0.2535 -0.3412 -0.9052
vn -0.2363 -0.2784 -0.9310
vn -0.5158 -0.5353 -0.6688
vn -0.5510 -0.5954 -0.5847
vn -0.4938 -0.4223 -0.7602
vn -0.4261 -0.4031 -0.8099
vn -0.4914 -0.4602 -0.7394
vn -0.4193 -0.4051 -0.8125
vn -0.4765 -0.4913 -0.7291
vn -0.4130 -0.4395 -0.7977
vn -0.3561 -0.4515 -0.8181
vn -0.4246 -0.4691 -0.7744
vn -0.1883 -0.2672 -0.9451
vn -0.1661 -0.2828 -0.9447
vn -0.1306 -0.2164 -0.9675
vn -0.4514 -0.3363 -0.8265
vn -0.3765 -0.4533 -0.8079
vn -0.0856 -0.2319 -0.9690
vn -0.5981 -0.5682 -0.5651
vn -0.7212 -0.4089 -0.5591
vn -0.5273 -0.4336 -0.7307
vn -0.5351 -0.4071 -0.7402
vn -0.5430 -0.4817 -0.6878
vn -0.5761 -0.4830 -0.6594
vn -0.5724 -0.5228 -0.6317
vn -0.5277 -0.5198 -0.6718
vn -0.4343 -0.4662 -0.7707
vn -0.4807 -0.4689 -0.7410
vn -0.2264 -0.2922 -0.9292
vn -0.1613 -0.2688 -0.9496
vn -0.1775 -0.0858 -0.9804
vn -0.2160 -0.1996 -0.9558
vn -0.1554 -0.0998 -0.9828
vn -0.2567 -0.1568 -0.9537
vn -0.1006 -0.0809 -0.9916
vn -0.1577 -0.2424 -0.9573
vn -0.4124 -0.4695 -0.7807
vn -0.4004 -0.4210 -0.8139
vn -0.5095 -0.4186 -0.7518
vn -0.4586 -0.5574 -0.6921
vn -0.5292 -0.6848 -0.5009
vn -0.4703 -0.4217 -0.7752
vn -0.6333 -0.6237 -0.4582
vn -0.3662 -0.6392 -0.6763
vn -0.3681 -0.5670 -0.7369
vn 0.5902 0.7579 0.2780
vn 0.6599 0.6722 0.3358
vn 0.6831 0.5972 0.4204
vn 0.6929 0.6120 0.3813
vn 0.7443 0.6090 0.2741
vn 0.7424 0.6195 0.2552
vn 0.5526 0.4322 0.7126
vn 0.5573 0.5252 0.6431
vn 0.5171 0.7179 0.4661
vn 0.8046 0.5690 0.1699
vn 0.7532 0.5319 0.3870
vn 0.7339 0.5018 0.4578
vn 0.8078 0.5545 0.2000
vn 0.5989 0.4405 0.6688
vn 0.6085 0.4723 0.6377
vn 0.5712 0.3613 0.7370
vn 0.5699 0.3969 0.7195
vn 0.4941 0.4287 0.7564
vn 0.5740 0.4977 0.6502
vn 0.6150 0.4192 0.6678
vn 0.5918 0.4962 0.6353
vn 0.6725 0.5815 0.4578
vn 0.7428 0.5508 0.3806
vn 0.7989 0.5859 0.1358
vn 0.7044 0.5775 0.4127
vn 0.7862 0.6058 0.1220
vn 0.8001 0.5987 -0.0383
vn 0.6649 0.4981 0.5565
vn 0.6997 0.5465 0.4602
vn 0.6255 0.5440 0.5593
vn 0.7528 0.5453 0.3688
vn 0.7208 0.4768 0.5031
vn 0.7134 0.4025 0.5736
vn 0.6784 0.5524 0.4844
vn 0.6969 0.3440 0.6293
vn 0.7539 0.3069 0.5808
vn 0.5503 0.1625 0.8190
vn 0.5719 0.3289 0.7515
vn 0.5814 0.4626 0.6693
vn 0.7312 -0.1823 0.6574
vn 0.5963 -0.2844 0.7507
vn 0.6471 -0.0597 0.7600
vn 0.7069 0.1283 0.6956
vn 0.7386 0.3500 0.5762
vn 0.6193 0.0381 0.7842
vn 0.7539 0.6371 0.1605
vn 0.6927 0.5388 0.4794
vn 0.5532 0.4307 0.7130
vn 0.6370 0.3873 0.6665
vn 0.7186 0.2847 0.6344
vn 0.7022 0.3022 0.6447
vn 0.7223 0.1113 0.6826
vn 0.7994 0.0019 0.6008
vn 0.7116 0.1483 0.6867
vn 0.9245 0.3476 0.1563
vn 0.9280 0.1296 0.3494
vn 0.7118 0.1340 0.6895
vn 0.7646 0.3038 0.5684
vn 0.7476 0.3720 0.5502
vn 0.8175 0.2226 0.5312
vn 0.8335 0.4670 0.2954
vn 0.7193 0.2940 0.6295
vn 0.7408 0.0787 0.6671
vn 0.7948 0.6055 -0.0409
vn 0.7726 0.6348 -0.0136
vn 0.7956 0.5932 0.1227
vn 0.0846 0.1400 0.9865
vn 0.3009 0.2703 0.9145
vn 0.3789 0.2918 0.8782
vn 0.2473 0.0635 0.9669
vn 0.0604 0.0899 0.9941
vn 0.2302 0.2305 0.9455
vn 0.1485 0.1121 0.9825
vn 0.1990 0.1578 0.9672
vn 0.4260 0.3259 0.8440
vn 0.5075 0.3760 0.7753
vn 0.3148 0.2509 0.9154
vn 0.2045 0.2018 0.9578
vn 0.4252 0.3286 0.8434
vn 0.4957 0.3757 0.7830
vn 0.1518 0.1933 0.9693
vn 0.1447 0.1868 0.9717
vn -0.0189 0.2069 0.9782
vn 0.1339 0.4048 0.9046
vn 0.3950 0.4030 0.8255
vn 0.4437 0.4184 0.7925
vn 0.3754 0.3837 0.8437
vn 0.2923 0.3833 0.8762
vn 0.0164 0.1976 0.9801
vn 0.0733 0.3100 0.9479
vn 0.0855 0.3008 0.9499
vn 0.0384 0.2537 0.9665
vn 0.2155 0.4076 0.8874
vn 0.2077 0.4655 0.8603
vn 0.1693 0.3500 0.9213
vn 0.1119 0.2494 0.9619
vn 0.0873 0.1921 0.9775
vn -0.5815 -0.6434 -0.4978
vn -0.6038 -0.6873 -0.4037
vn -0.5740 -0.6556 -0.4907
vn -0.5673 -0.6549 -0.4993
vn -0.6516 -0.5810 -0.4877
vn -0.6310 -0.5817 -0.5134
vn -0.7040 -0.6567 -0.2705
vn -0.6677 -0.6650 -0.3347
vn -0.6636 -0.5802 -0.4722
vn -0.6658 -0.5601 -0.4929
vn -0.7646 -0.4368 -0.4740
vn -0.7125 -0.4746 -0.5167
vn -0.6137 -0.6790 -0.4030
vn -0.5535 -0.7130 -0.4305
vn -0.5709 -0.7466 -0.3415
vn -0.6554 -0.7132 -0.2486
vn -0.6467 -0.6556 -0.3899
vn -0.6938 -0.6934 -0.1945
vn -0.6829 -0.7302 -0.0211
vn -0.5268 -0.7984 -0.2917
vn -0.6789 -0.7274 -0.1000
vn -0.4467 -0.8555 -0.2617
vn -0.3412 -0.7205 -0.6037
vn -0.4712 -0.7276 -0.4986
vn -0.5790 -0.6389 -0.5066
vn -0.5570 -0.5894 -0.5851
vn -0.7166 -0.6740 -0.1796
vn -0.6655 -0.6263 -0.4061
vn -0.6878 -0.6264 -0.3669
vn -0.5830 -0.5407 -0.6064
vn -0.3319 -0.8266 -0.4545
vn -0.0276 -0.7385 -0.6737
vn -0.5352 -0.6528 -0.5361
vn -0.2626 -0.5674 -0.7804
vn 0.1349 0.0980 0.9860
vn 0.2941 0.3118 0.9035
vn 0.4502 0.3989 0.7989
vn 0.3499 0.0437 0.9358
vn 0.5878 0.4241 0.6890
vn 0.5122 0.3624 0.7787
vn 0.5157 0.1430 0.8447
vn 0.5057 0.0789 0.8591
vn 0.3142 -0.1931 0.9295
vn 0.3147 -0.2378 0.9189
vn 0.2909 -0.2172 0.9318
vn 0.3929 -0.2031 0.8969
vn 0.2615 -0.1223 0.9574
vn 0.5178 -0.0052 0.8555
vn 0.7521 -0.1307 -0.6459
vn 0.3877 -0.6465 -0.6570
vn 0.1620 -0.5686 -0.8065
vn 0.5785 -0.0732 -0.8124
vn 0.8776 -0.2416 -0.4142
vn 0.6254 -0.6970 -0.3509
vn 0.3241 -0.9190 -0.2246
vn 0.0488 -0.9318 -0.3596
vn -0.1977 -0.8609 -0.4687
vn 0.5936 -0.0225 0.8044
vn 0.1524 -0.5923 0.7912
vn 0.4462 -0.5728 0.6876
vn 0.8597 0.2713 0.4328
vn 0.7931 0.4257 0.4356
vn 0.7858 -0.1233 0.6061
vn 0.4651 0.0001 0.8852
vn 0.7773 0.4386 0.4510
vn 0.0335 -0.5686 0.8219
vn -0.3003 -0.9382 0.1718
vn -0.0769 -0.9541 0.2893
vn -0.0170 -0.8390 0.5438
vn -0.1540 -0.8356 0.5273
vn 0.3558 -0.9049 0.2335
vn 0.4087 -0.7955 0.4474
vn 0.9071 -0.3929 0.1512
vn 0.8937 -0.2530 0.3705
vn 0.9520 0.2960 0.0778
vn 0.9207 0.3310 0.2068
vn 0.3251 -0.9457 -0.0035
vn -0.0813 -0.9962 -0.0320
vn -0.3405 -0.9333 -0.1144
vn 0.7960 -0.6019 -0.0640
vn 0.9891 0.0671 -0.1310
vn 0.8208 0.3608 -0.4429
vn 0.9023 0.3168 -0.2923
vn 0.8626 0.5029 0.0554
vn 0.8580 0.5132 0.0210
vn 0.8218 0.5392 0.1840
vn 0.8022 0.5631 0.1987
vn -0.0821 0.4498 0.8893
vn -0.0534 0.4544 0.8892
vn 0.1701 0.4782 0.8616
vn 0.1550 0.5060 0.8485
vn 0.3716 0.5095 0.7761
vn 0.0776 0.5122 0.8553
vn 0.7378 0.4462 0.5065
vn 0.5487 0.4881 0.6787
vn 0.4901 0.5334 0.6894
vn -0.3108 0.3902 0.8667
vn -0.2837 0.3933 0.8746
vn -0.5948 0.2509 0.7637
vn -0.6166 0.2650 0.7413
vn -0.5851 0.3229 0.7439
vn -0.1983 0.4707 0.8597
vn 0.0149 0.3564 0.9342
vn -0.0776 0.5255 0.8472
vn 0.2080 0.5763 0.7903
vn 0.2251 0.3077 0.9245
vn 0.5290 0.5480 0.6480
vn 0.3152 0.1839 0.9310
vn -0.2123 0.3104 0.9266
vn -0.3146 0.4638 0.8282
vn -0.6510 0.3201 0.6883
vn -0.6377 0.1874 0.7471
vn 0.4214 -0.1301 0.8975
vn 0.3030 -0.2396 0.9224
vn 0.2010 -0.3100 0.9292
vn 0.5004 -0.1954 0.8435
vn 0.4266 0.1693 0.8885
vn -0.9049 -0.0454 0.4231
vn -0.3943 -0.2728 0.8775
vn -0.7714 -0.5565 0.3086
vn -0.7285 -0.4546 0.5125
vn -0.1306 -0.7072 0.6949
vn -0.7778 -0.6284 -0.0117
vn -0.3376 -0.7795 0.5276
vn 0.8085 0.0984 0.5802
vn 0.6893 -0.1377 0.7113
vn 0.6822 0.1900 0.7061
vn 0.5943 0.0641 0.8017
vn -0.1744 -0.6757 0.7163
vn -0.0567 -0.6491 0.7586
vn 0.2316 -0.2183 0.9480
vn 0.1181 -0.3514 0.9287
vn 0.0322 -0.3583 0.9330
vn 0.2426 -0.5402 0.8058
vn 0.0368 -0.7142 0.6990
vn -0.0101 -0.2384 0.9711
vn 0.2226 0.0862 0.9711
vn 0.3680 0.1250 0.9214
vn 0.3862 -0.0118 0.9223
vn 0.1631 0.1187 0.9794
vn 0.0775 -0.7578 0.6479
vn 0.2004 -0.5215 0.8294
vn 0.0557 -0.6814 0.7298
vn 0.4216 -0.3024 0.8549
vn -0.0768 -0.1741 0.9817
vn -0.9252 0.1311 0.3561
vn -0.8892 0.1773 0.4217
vn -0.9570 0.0121 0.2897
vn -0.9466 0.1354 0.2927
vn -0.7127 -0.3714 -0.5951
vn -0.6133 -0.5064 -0.6061
vn -0.3828 -0.6254 -0.6799
vn -0.4663 -0.5397 -0.7009
vn -0.8532 -0.4995 -0.1501
vn -0.7485 -0.6437 -0.1596
vn -0.7913 -0.3186 -0.5219
vn -0.9521 -0.0044 -0.3057
vn -0.6732 -0.5000 -0.5448
vn -0.9149 -0.3141 -0.2537
vn -0.9996 0.0229 -0.0182
vn -0.6894 -0.7045 0.1687
vn -0.9957 -0.0014 0.0921
vn -0.1279 -0.5937 -0.7944
vn -0.3286 -0.5603 -0.7603
vn -0.0111 -0.5908 -0.8067
vn 0.0820 -0.5395 -0.8380
vn -0.9389 0.0028 0.3442
vn -0.8746 0.1531 0.4601
vn -0.8606 0.0722 0.5042
vn -0.9490 -0.0946 0.3008
vn -0.8817 -0.4201 -0.2146
vn -0.9687 -0.1739 0.1769
vn -0.9544 -0.2898 0.0714
vn -0.8182 -0.5077 -0.2698
vn -0.5447 -0.6058 -0.5799
vn -0.6190 -0.5601 -0.5505
vn -0.9618 -0.1379 0.2364
vn -0.8558 0.0520 0.5147
vn -0.8694 0.1100 0.4818
vn -0.9807 -0.1187 0.1554
vn -0.3045 -0.5368 -0.7869
vn -0.4656 -0.5261 -0.7116
vn -0.4749 -0.5746 -0.6665
vn -0.2081 -0.5765 -0.7902
vn -0.7975 -0.4772 -0.3691
vn -0.8014 -0.4320 -0.4137
vn -0.9372 -0.3361 -0.0932
vn -0.9409 -0.3064 -0.1444
vn -0.9858 -0.0799 0.1476
vn -0.8492 0.2021 0.4879
vn -0.9946 -0.0550 0.0875
vn -0.8625 0.2364 0.4474
vn -0.4986 0.4670 0.7302
vn -0.5256 0.4305 0.7338
vn -0.3948 -0.4185 -0.8179
vn -0.6960 -0.3973 -0.5981
vn -0.5237 -0.4884 -0.6980
vn -0.3205 -0.4955 -0.8073
vn -0.8400 -0.3911 -0.3762
vn -0.8969 -0.3348 -0.2889
vn -0.9607 -0.2480 -0.1245
vn -0.9566 -0.2665 -0.1180
vn -0.8199 0.0610 0.5692
vn -0.5569 0.2567 0.7899
vn -0.6197 0.2454 0.7455
vn -0.8087 0.0792 0.5828
vn -0.3169 0.4231 0.8488
vn -0.2171 0.4038 0.8887
vn -0.3029 0.3335 0.8928
vn -0.6351 0.1350 0.7605
vn -0.8531 -0.0260 0.5211
vn -0.9094 -0.3725 -0.1849
vn -0.9589 -0.1446 0.2440
vn -0.9591 -0.1836 0.2154
vn -0.9058 -0.3809 -0.1857
vn -0.8893 -0.4165 -0.1889
vn -0.9549 -0.1962 0.2231
vn -0.3437 -0.5542 -0.7581
vn -0.5635 -0.5616 -0.6059
vn -0.5657 -0.5115 -0.6468
vn -0.3618 -0.5259 -0.7698
vn -0.5914 -0.4953 -0.6364
vn -0.4453 -0.5299 -0.7217
vn 0.0941 0.9726 0.2124
vn 0.0920 0.9876 0.1271
vn 0.1453 0.9705 0.1924
vn 0.1219 0.9666 0.2255
vn 0.3411 0.6867 0.6419
vn 0.2567 0.7931 0.5523
vn 0.3314 -0.5340 0.7778
vn 0.4027 0.0355 0.9146
vn 0.2722 -0.4556 0.8475
vn 0.3603 0.2816 0.8893
vn 0.3119 -0.6455 0.6972
vn 0.3616 -0.2819 0.8887
vn 0.2418 -0.2336 0.9418
vn 0.2121 -0.5595 0.8012
vn 0.4739 0.6810 0.5583
vn 0.4472 0.6668 0.5962
vn 0.4601 0.7376 0.4942
vn 0.4194 0.8399 0.3445
vn 0.4945 0.6901 0.5284
vn 0.4349 0.7109 0.5528
vn 0.3884 0.7553 0.5280
vn 0.3790 0.7244 0.5758
vn 0.8376 -0.4132 -0.3572
vn 0.7570 -0.6402 -0.1310
vn 0.3592 -0.6397 -0.6795
vn 0.4753 -0.7264 -0.4964
vn -0.1479 -0.0139 -0.9889
vn -0.0289 0.3883 -0.9211
vn -0.0181 -0.0055 -0.9998
vn 0.2458 0.2693 -0.9312
vn 0.2838 -0.1574 -0.9459
vn 0.4486 -0.3550 -0.8202
vn 0.8414 -0.0558 -0.5375
vn 0.7426 0.0983 -0.6625
vn 0.2849 0.1527 -0.9463
vn 0.4767 0.3334 -0.8134
vn -0.0067 -0.0201 -0.9998
vn 0.4638 0.1360 -0.8755
vn 0.8175 0.1351 -0.5598
vn 0.7426 0.3088 -0.5943
vn 0.3929 -0.0425 -0.9186
vn 0.3599 -0.2558 -0.8972
vn -0.1603 -0.3117 -0.9366
vn -0.2344 -0.4889 -0.8403
vn -0.0507 0.0872 -0.9949
vn 0.2097 -0.0598 -0.9759
vn 0.0076 -0.9975 -0.0700
vn 0.4104 -0.9027 0.1291
vn 0.3929 -0.8888 -0.2361
vn -0.0757 -0.9853 -0.1534
vn 0.0414 -0.5391 0.8412
vn 0.3756 0.0335 0.9262
vn 0.3389 0.1191 0.9332
vn 0.2129 -0.4133 0.8854
vn 0.7325 0.4705 0.4920
vn 0.6536 0.5392 0.5310
vn -0.0689 -0.8888 0.4530
vn -0.2029 -0.9792 0.0006
vn 0.2400 -0.9042 0.3533
vn 0.0691 -0.9764 -0.2045
vn 0.4567 -0.3334 -0.8248
vn 0.9363 0.0537 -0.3471
vn 0.8239 0.2666 -0.5002
vn 0.4721 -0.0709 -0.8787
vn 0.8721 0.4892 0.0117
vn 0.8453 0.5131 0.1489
vn 0.7732 0.5992 0.2076
vn 0.7197 0.6530 0.2360
vn 0.7475 0.2797 0.6025
vn 0.8350 0.2310 0.4994
vn 0.8482 -0.1732 0.5005
vn 0.7341 -0.0313 0.6784
vn 0.7443 -0.6034 0.2863
vn 0.8366 -0.5052 0.2118
vn -0.3391 -0.4440 -0.8294
vn -0.4567 -0.3578 -0.8145
vn -0.3866 -0.5053 -0.7715
vn -0.3922 -0.6023 -0.6953
vn -0.3528 -0.5885 -0.7274
vn -0.5480 -0.4828 -0.6831
vn -0.4385 -0.6723 -0.5965
vn -0.6287 -0.5838 -0.5138
vn -0.3573 -0.6639 -0.6569
vn 0.6279 0.5536 0.5470
vn 0.5533 0.5960 0.5819
vn 0.6129 0.5094 0.6040
vn 0.6525 0.4908 0.5774
vn 0.4680 0.5460 0.6949
vn 0.3121 0.6823 0.6611
vn 0.5214 0.4505 0.7247
vn 0.6407 0.4436 0.6267
vn 0.6953 0.4275 0.5778
vn -0.3456 -0.6874 -0.6388
vn -0.3969 -0.5735 -0.7167
vn -0.3325 -0.5628 -0.7568
vn -0.2915 -0.6846 -0.6681
vn -0.1835 -0.6658 -0.7232
vn -0.2347 -0.5387 -0.8092
vn 0.8530 0.3733 -0.3647
vn 0.6508 0.0168 -0.7591
vn 0.6881 0.0253 -0.7252
vn 0.8203 0.1253 -0.5581
vn 0.8192 0.4071 -0.4040
vn 0.6280 0.0147 -0.7781
vn 0.4379 -0.1909 -0.8785
vn 0.5020 -0.1540 -0.8510
vn 0.6009 -0.0648 -0.7967
vn 0.5495 0.1006 -0.8294
vn 0.2590 -0.1438 -0.9551
vn 0.7050 0.2889 -0.6477
vn 0.6809 0.7274 -0.0852
vn 0.3299 0.8326 0.4448
vn 0.6143 0.7231 0.3158
vn 0.4048 0.7022 0.5857
vn 0.7149 0.6107 0.3405
vn 0.9403 0.3373 -0.0453
vn 0.4520 0.5189 0.7256
vn 0.4733 0.5622 0.6782
vn 0.1356 0.8763 0.4623
vn 0.2830 0.8645 0.4153
vn 0.1842 0.9349 0.3033
vn 0.1152 0.9317 0.3445
vn 0.3292 0.8779 0.3477
vn 0.4178 0.8005 0.4297
vn 0.4109 0.7541 0.5124
vn 0.5452 0.6727 0.5003
vn 0.1788 0.7986 0.5747
vn -0.0528 -0.6411 -0.7656
vn 0.3161 -0.4685 -0.8250
vn 0.1900 -0.6072 -0.7715
vn 0.5654 -0.3633 -0.7405
vn 0.8169 -0.0906 -0.5696
vn 0.4638 0.7224 0.5129
vn 0.4519 0.7008 0.5519
vn 0.4827 0.6601 0.5755
vn 0.5240 0.6971 0.4893
vn 0.4101 0.6143 0.6741
vn 0.4599 0.6205 0.6352
vn 0.4466 0.7255 0.5237
vn 0.3802 0.7170 0.5843
vn 0.5025 0.7309 0.4619
vn 0.8566 -0.0510 -0.5135
vn 0.8980 0.0403 -0.4382
vn 0.5168 -0.4007 -0.7566
vn 0.5051 -0.2845 -0.8148
vn 0.7377 0.1624 -0.6553
vn 0.8457 0.2168 -0.4876
vn 0.3508 -0.0257 -0.9361
vn 0.1112 -0.0743 -0.9910
vn 0.8282 0.1109 -0.5494
vn 0.3743 -0.1601 -0.9134
vn 0.8917 0.3664 0.2656
vn 0.4105 0.2861 0.8658
vn 0.5693 0.3303 0.7528
vn 0.5457 0.4583 0.7016
vn 0.3845 0.4832 0.7865
vn -0.4660 -0.5892 -0.6601
vn -0.5082 -0.5321 -0.6772
vn -0.4993 -0.7336 -0.4610
vn -0.4585 -0.6958 -0.5529
vn -0.4229 -0.8216 -0.3823
vn -0.4398 -0.6347 -0.6354
vn 0.8283 0.4145 0.3769
vn 0.8532 0.0401 0.5200
vn 0.6615 0.1606 0.7326
vn 0.5433 0.5269 0.6536
vn 0.7100 0.6855 0.1616
vn 0.3705 0.7930 0.4836
vn 0.0907 -0.6730 -0.7340
vn 0.1529 -0.6721 -0.7245
vn 0.0195 -0.5142 -0.8574
vn 0.0830 -0.4784 -0.8742
vn -0.0065 -0.1447 -0.9895
vn -0.0787 -0.2690 -0.9599
vn 0.2324 0.2048 0.9508
vn 0.3987 0.3012 0.8662
vn 0.4694 0.3261 0.8206
vn 0.3278 0.1991 0.9235
vn 0.3703 0.1911 0.9090
vn 0.2603 0.0292 0.9651
vn -0.1981 -0.3880 -0.9001
vn -0.2526 -0.3970 -0.8824
vn -0.2980 -0.4410 -0.8466
vn -0.2196 -0.4893 -0.8440
vn -0.2496 -0.4747 -0.8440
vn -0.3467 -0.3562 -0.8677
vn -0.2144 -0.6166 -0.7575
vn -0.2998 -0.5068 -0.8082
vn -0.2006 -0.6156 -0.7621
vn -0.2792 -0.7870 -0.5502
vn 0.0316 -0.4701 -0.8820
vn -0.0055 -0.4956 -0.8685
vn -0.1621 -0.7695 -0.6177
vn -0.3104 -0.9274 -0.2086
vn -0.1097 -0.9279 -0.3564
vn 0.5706 0.6846 0.4535
vn 0.5127 0.7832 0.3518
vn 0.5423 0.7808 0.3103
vn 0.6613 0.7104 0.2409
vn 0.5528 0.7965 0.2452
vn 0.5180 0.7826 0.3452
vn 0.4711 0.6979 0.5395
vn 0.4854 0.7698 0.4145
vn 0.6401 0.7156 0.2796
vn 0.2618 0.5365 0.8023
vn 0.2623 0.4702 0.8427
vn 0.2721 0.4660 0.8419
vn 0.2626 -0.0315 0.9644
vn 0.2568 0.0456 0.9654
vn 0.2945 0.1734 0.9398
vn 0.2516 0.0199 0.9676
vn 0.2839 0.2849 0.9155
vn 0.2848 0.1961 0.9383
vn 0.3476 0.2630 0.9000
vn 0.2530 0.2096 0.9445
vn 0.1853 0.0917 0.9784
vn 0.4038 0.3286 0.8538
vn 0.4036 0.2810 0.8707
vn 0.2441 0.3300 0.9119
vn 0.3163 0.4252 0.8480
vn 0.3293 0.3000 0.8953
vn 0.4368 0.4216 0.7946
vn 0.8862 0.4422 -0.1380
vn 0.8229 0.5280 -0.2098
vn 0.6349 0.7054 0.3152
vn 0.6370 0.6839 0.3558
vn 0.6490 0.6391 0.4128
vn 0.9292 0.3666 -0.0460
vn -0.3924 -0.6785 -0.6210
vn -0.4362 -0.6556 -0.6164
vn -0.4381 -0.6681 -0.6014
vn -0.4095 -0.6391 -0.6510
vn -0.4441 -0.6489 -0.6178
vn -0.3865 -0.7225 -0.5732
vn -0.3140 -0.1645 -0.9351
vn -0.4263 -0.4395 -0.7906
vn -0.4175 -0.5894 -0.6916
vn -0.3512 -0.2217 -0.9097
vn -0.4282 -0.5193 -0.7396
vn -0.3549 -0.1846 -0.9165
vn 0.8941 -0.3802 0.2366
vn 0.5681 -0.5575 -0.6054
vn 0.3510 -0.7284 -0.5885
vn 0.5589 0.0789 0.8255
vn 0.7871 -0.5697 0.2365
vn 0.5281 -0.0277 0.8487
vn 0.6565 0.3248 0.6808
vn 0.9326 -0.0715 0.3537
vn 0.5588 -0.6428 -0.5240
vn 0.8714 -0.3973 0.2879
vn 0.6274 -0.0110 0.7786
vn 0.4789 -0.7926 -0.3774
vn 0.2668 0.2324 0.9353
vn 0.2985 0.1558 0.9416
vn 0.3949 0.6949 0.6010
vn 0.4107 0.6708 0.6176
vn 0.3039 0.1152 0.9457
vn 0.4097 0.8558 0.3158
vn 0.3801 0.9002 0.2125
vn -0.2958 0.0110 -0.9552
vn -0.1920 0.3518 -0.9162
vn -0.4121 -0.0901 -0.9067
vn -0.4048 -0.2648 -0.8752
vn -0.3077 -0.0683 -0.9490
vn -0.0971 0.4404 -0.8925
vn -0.1870 0.2742 -0.9433
vn -0.1474 0.3446 -0.9271
vn -0.2445 0.0346 -0.9690
vn 0.8081 0.2787 0.5190
vn 0.9598 -0.2802 -0.0163
vn 0.9109 -0.3996 0.1027
vn 0.7870 0.4292 0.4433
vn 0.3560 -0.7196 -0.5961
vn 0.2342 -0.8487 -0.4743
vn 0.5262 -0.5825 -0.6195
vn 0.8721 0.4348 0.2244
vn 0.9854 -0.1186 -0.1225
vn 0.5433 0.5397 0.6431
vn 0.4543 0.5606 0.6924
vn 0.5963 0.6174 0.5131
vn 0.4991 0.7215 0.4799
vn 0.4247 0.6395 0.6408
vn 0.4161 0.8266 0.3790
vn 0.4766 0.7892 0.3873
vn 0.4213 0.7426 0.5205
vn 0.6155 0.6740 0.4085
vn 0.3036 -0.8857 0.3512
vn 0.2052 -0.4550 0.8665
vn 0.2112 -0.0653 0.9753
vn 0.4155 -0.6487 0.6376
vn 0.0431 -0.9710 -0.2352
vn 0.2250 -0.9475 -0.2271
vn -0.4244 -0.4856 -0.7642
vn -0.4387 -0.4884 -0.7544
vn -0.5304 -0.5885 -0.6101
vn -0.5194 -0.5801 -0.6274
vn -0.5117 -0.4841 -0.7098
vn -0.3954 -0.4389 -0.8069
vn 0.7545 0.5056 0.4184
vn 0.7268 0.5926 0.3473
vn 0.8419 0.5154 0.1601
vn 0.8836 0.4232 0.2003
vn 0.8420 0.5136 0.1654
vn 0.7209 0.5798 0.3797
vn 0.7739 0.5408 0.3295
vn 0.7809 0.5497 0.2967
vn 0.8803 0.4248 0.2114
vn 0.2062 0.6020 0.7714
vn 0.2554 0.5539 0.7925
vn 0.2447 0.5230 0.8164
vn 0.0912 0.8933 0.4402
vn 0.0627 0.9371 0.3434
vn 0.0756 0.9490 0.3061
vn 0.1544 0.8785 0.4521
vn 0.1978 0.8472 0.4930
vn 0.3418 0.7103 0.6153
vn 0.3116 -0.4076 0.8584
vn 0.2433 -0.1721 0.9546
vn 0.4848 -0.0233 0.8743
vn 0.5701 -0.1468 0.8084
vn 0.6096 0.0627 0.7902
vn 0.4625 -0.0977 0.8812
vn 0.3571 0.5772 0.7344
vn 0.4315 0.5745 0.6955
vn 0.4325 0.6428 0.6323
vn 0.2965 0.6709 0.6797
vn 0.3892 0.7335 0.5573
vn 0.2987 0.7398 0.6029
vn 0.4072 0.8648 0.2937
vn 0.4180 0.8467 0.3291
vn 0.3818 0.8969 0.2232
vn 0.4192 0.8828 0.2119
vn 0.3869 0.7469 0.5408
vn 0.4705 0.6712 0.5728
vn -0.3093 -0.4354 -0.8454
vn -0.1981 -0.6146 -0.7635
vn -0.0312 -0.5273 -0.8491
vn -0.1935 -0.3530 -0.9154
vn 0.0050 -0.6864 -0.7272
vn -0.0814 -0.7968 -0.5987
vn -0.3584 -0.0104 -0.9335
vn -0.3677 -0.0265 -0.9296
vn -0.3560 0.0701 -0.9319
vn -0.3945 -0.0884 -0.9146
vn -0.3349 -0.1561 -0.9292
vn -0.3900 -0.3053 -0.8687
vn -0.3029 -0.7020 -0.6445
vn -0.3364 -0.6319 -0.6982
vn -0.0438 -0.6189 -0.7843
vn -0.0682 -0.6921 -0.7185
vn -0.1639 -0.4995 -0.8507
vn -0.3950 -0.5233 -0.7550
vn 0.0846 0.0022 0.9964
vn 0.2532 0.2696 0.9291
vn 0.1623 0.3362 0.9277
vn -0.0406 0.1295 0.9907
vn 0.5567 0.6236 0.5488
vn 0.4793 0.6999 0.5296
vn 0.5865 0.3515 0.7297
vn 0.4199 0.4860 0.7665
vn 0.4109 0.2935 0.8631
vn 0.5255 0.1457 0.8382
vn 0.6145 0.6244 0.4821
vn 0.3448 0.5460 0.7636
vn 0.4167 0.4610 0.7835
vn 0.4384 0.7280 0.5271
vn 0.4780 0.6622 0.5770
vn 0.5216 0.6702 0.5279
vn 0.6215 0.5847 0.5215
vn 0.0560 0.4756 0.8779
vn 0.3256 0.4654 0.8231
vn 0.1937 0.5876 0.7856
vn 0.0273 0.5720 0.8198
vn 0.0809 0.6961 0.7134
vn 0.1458 0.6935 0.7055
vn 0.1571 0.8759 0.4562
vn 0.1832 0.8978 0.4004
vn 0.0755 0.8740 0.4800
vn 0.1245 0.8342 0.5372
vn 0.1615 0.8979 0.4096
vn 0.2428 0.8214 0.5160
vn 0.4170 0.6270 0.6580
vn 0.0964 0.8862 0.4532
vn 0.1170 0.8234 0.5553
vn 0.5750 0.2719 0.7716
vn 0.5330 0.3709 0.7605
vn 0.6542 -0.0194 0.7560
vn 0.6797 -0.1348 0.7210
vn 0.6794 -0.0183 0.7335
vn 0.4014 0.5162 0.7566
vn 0.6847 0.2469 0.6857
vn 0.4402 0.2613 0.8590
vn 0.4676 0.2523 0.8472
vn 0.7279 0.2836 0.6243
vn 0.1836 0.1409 0.9728
vn 0.1656 0.2177 0.9619
vn 0.2778 0.2556 0.9260
vn 0.3935 0.4269 0.8142
vn 0.4001 0.4316 0.8085
vn 0.3021 0.2471 0.9207
vn 0.3726 0.5975 0.7100
vn 0.3808 0.6859 0.6201
vn 0.4737 0.7004 0.5339
vn 0.3710 0.4613 0.8060
vn 0.3083 0.2516 0.9174
vn 0.4471 0.7193 0.5317
vn 0.4566 0.7215 0.5206
vn 0.4302 0.7400 0.5170
vn 0.4353 0.7109 0.5524
vn 0.4698 0.8328 0.2929
vn 0.5522 0.8119 0.1894
vn 0.4329 0.7470 0.5045
vn 0.4249 0.7482 0.5095
vn 0.0043 -0.5518 -0.8340
vn -0.1047 -0.4417 -0.8910
vn -0.1717 -0.4895 -0.8549
vn -0.0507 -0.6352 -0.7707
vn -0.2665 -0.2259 -0.9370
vn -0.2417 -0.1546 -0.9580
vn -0.2159 -0.2192 -0.9515
vn -0.3229 -0.2610 -0.9097
vn -0.1924 -0.6526 -0.7329
vn -0.0601 -0.6240 -0.7791
vn -0.0899 -0.1170 -0.9891
vn -0.0014 -0.1323 -0.9912
vn 0.0981 -0.5282 -0.8434
vn 0.0319 -0.3352 -0.9416
vn 0.2022 -0.4027 -0.8927
vn 0.0254 -0.8331 -0.5525
vn -0.0487 -0.8875 -0.4582
vn -0.0988 -0.8607 -0.4995
vn -0.2249 -0.6329 -0.7408
vn -0.2732 -0.4654 -0.8419
vn 0.0629 -0.7322 -0.6782
vn -0.2638 -0.6463 -0.7161
vn -0.3293 -0.4917 -0.8061
vn -0.3802 -0.5306 -0.7576
vn -0.4037 -0.5967 -0.6935
vn -0.3583 -0.4315 -0.8279
vn -0.2545 0.0459 -0.9660
vn -0.1413 0.2274 -0.9635
vn -0.3929 -0.3706 -0.8416
vn -0.3086 -0.5594 -0.7693
vn -0.4317 -0.2250 -0.8735
vn -0.3749 -0.3939 -0.8392
vn -0.4128 -0.3782 -0.8286
vn -0.4724 -0.2203 -0.8534
vn -0.3859 -0.5361 -0.7508
vn -0.4069 -0.6283 -0.6630
vn -0.4127 -0.6900 -0.5946
vn -0.1674 -0.3549 -0.9198
vn -0.2551 -0.2073 -0.9444
vn -0.4310 -0.6790 -0.5943
vn -0.2666 -0.8704 -0.4140
vn -0.3450 -0.7467 -0.5687
vn -0.3191 -0.7050 -0.6334
vn -0.0842 -0.8345 -0.5445
vn -0.2841 -0.5161 -0.8081
vn -0.2089 -0.4979 -0.8417
vn 0.0556 -0.5777 -0.8143
vn -0.2365 -0.5011 -0.8325
vn 0.0079 -0.7469 -0.6649
vn 0.0510 -0.9054 -0.4216
vn 0.1321 -0.8064 -0.5765
vn 0.1786 -0.6388 -0.7484
vn -0.1117 -0.9680 -0.2245
vn -0.2974 -0.8686 -0.3963
vn -0.4055 -0.6318 -0.6606
vn -0.3719 -0.5863 -0.7196
vn -0.3660 -0.4528 -0.8131
vn -0.4618 -0.6196 -0.6347
vn -0.2414 -0.4816 -0.8425
vn -0.1366 -0.1446 -0.9800
vn 0.0054 -0.0799 -0.9968
vn -0.1156 -0.3580 -0.9265
vn -0.1547 -0.5649 -0.8105
vn -0.2374 -0.4418 -0.8651
vn 0.0087 -0.5378 -0.8430
vn -0.0668 -0.4907 -0.8688
vn -0.1194 -0.7022 -0.7019
vn -0.0387 -0.6941 -0.7188
vn -0.1038 -0.7045 -0.7021
vn -0.3966 -0.6196 -0.6773
vn -0.2456 -0.7122 -0.6576
vn -0.3042 -0.7172 -0.6270
vn -0.4733 -0.6465 -0.5983
vn -0.5333 -0.6526 -0.5383
vn -0.3868 -0.7112 -0.5869
vn -0.4370 -0.6340 -0.6380
vn -0.4516 -0.5942 -0.6656
vn -0.0463 -0.8602 -0.5078
vn -0.0935 -0.8076 -0.5823
vn -0.4085 -0.6178 -0.6719
vn -0.1197 -0.8454 -0.5205
vn -0.4083 -0.5810 -0.7041
vn -0.5571 -0.6180 -0.5547
vn -0.6778 -0.5719 -0.4621
vn -0.4104 -0.5734 -0.7090
vn -0.8632 -0.5028 -0.0448
vn -0.8259 -0.5380 -0.1687
vn -0.8745 -0.3187 0.3655
vn -0.9000 -0.3407 0.2718
vn -0.7375 -0.0950 0.6686
vn -0.7125 -0.0795 0.6971
vn -0.4247 0.1606 0.8910
vn -0.4112 0.1317 0.9020
vn -0.0876 0.3031 0.9489
vn -0.1607 0.3222 0.9329
vn 0.3299 0.4452 0.8325
vn 0.3057 0.4860 0.8187
vn 0.7422 0.5115 0.4330
vn 0.7304 0.4633 0.5018
vn 0.9126 0.3883 0.1283
vn 0.9073 0.4142 0.0719
vn 0.9090 0.4091 0.0794
vn 0.9107 0.3835 0.1537
vn 0.2247 0.1710 0.9593
vn 0.0029 0.1440 0.9896
vn 0.1866 0.1565 0.9699
vn 0.2839 0.2215 0.9329
vn 0.0847 0.1524 0.9847
vn 0.2174 0.3510 0.9108
vn 0.5135 0.7140 0.4759
vn 0.0233 0.0475 0.9986
vn 0.1249 0.2139 0.9688
vn 0.5721 0.7997 0.1822
vn 0.5677 0.7944 0.2158
vn 0.5539 0.7613 0.3370
vn 0.5334 0.7179 0.4473
vn 0.5081 0.5906 0.6269
vn 0.5810 0.6830 0.4427
vn 0.6265 0.6900 0.3625
vn 0.5956 0.6172 0.5141
vn 0.6235 0.7226 0.2986
vn 0.6334 0.7371 0.2356
vn 0.1614 0.0894 0.9828
vn 0.3034 0.1360 0.9431
vn 0.0874 0.1292 0.9878
vn 0.1170 0.1262 0.9851
vn 0.2231 0.2932 0.9297
vn 0.3464 0.5103 0.7871
vn 0.4682 0.1092 0.8768
vn 0.3241 0.0810 0.9425
vn 0.2964 0.2639 0.9179
vn 0.2240 0.2705 0.9363
vn 0.3998 0.5137 0.7592
vn 0.5273 0.5880 0.6134
vn 0.3137 0.2353 0.9199
vn -0.2118 -0.7516 -0.6247
vn -0.3509 -0.6925 -0.6304
vn -0.2937 -0.5870 -0.7545
vn -0.1347 -0.6103 -0.7806
vn 0.1844 -0.4834 -0.8558
vn -0.0388 -0.4903 -0.8707
vn -0.4484 -0.5518 -0.7031
vn -0.3247 -0.4918 -0.8079
vn -0.4994 -0.6390 -0.5851
vn 0.2105 0.5469 0.8103
vn -0.0823 0.4588 0.8847
vn 0.3529 0.6965 0.6247
vn 0.1735 -0.5077 -0.8439
vn 0.3337 -0.3340 -0.8815
vn 0.4787 -0.1997 -0.8550
vn 0.2380 -0.3715 -0.8974
vn -0.0461 -0.4896 -0.8707
vn 0.0062 -0.6200 -0.7846
vn 0.0892 0.7631 0.6401
vn 0.2044 0.7674 0.6077
vn 0.2881 0.8063 0.5167
vn 0.5091 0.6696 0.5409
vn 0.4091 0.7003 0.5850
vn 0.3918 0.7609 0.5172
vn -0.2660 -0.7029 -0.6597
vn -0.4148 -0.6648 -0.6213
vn -0.0861 -0.6930 -0.7158
vn -0.4054 -0.2637 -0.8753
vn -0.3832 -0.2983 -0.8742
vn -0.3746 -0.2287 -0.8985
vn 0.5197 0.2351 0.8214
vn 0.3879 0.1448 0.9102
vn 0.2557 0.0950 0.9621
vn -0.4103 -0.4681 -0.7826
vn -0.3957 -0.2835 -0.8735
vn -0.2305 -0.2046 -0.9513
vn -0.3944 -0.9179 -0.0428
vn -0.5217 -0.8526 0.0296
vn -0.3053 -0.9127 -0.2717
vn -0.4314 -0.8593 -0.2747
vn -0.5704 0.8213 0.0085
vn -0.1550 0.9493 0.2734
vn -0.2087 0.8330 0.5123
vn -0.6497 0.7168 0.2530
vn -0.8483 -0.2742 -0.4530
vn -0.9479 0.2714 -0.1670
vn -0.8370 0.4121 -0.3601
vn -0.8396 -0.0773 -0.5376
vn -0.6663 0.4762 0.5739
vn -0.1908 0.6100 0.7691
vn -0.5636 0.1898 0.8040
vn -0.1555 0.3135 0.9368
vn -0.9719 -0.0513 0.2296
vn -0.8141 -0.5498 -0.1868
vn -0.6215 -0.7596 0.1915
vn -0.7191 -0.3141 0.6198
vn -0.2868 -0.7376 0.6113
vn -0.1860 -0.2197 0.9577
vn -0.4267 -0.8887 -0.1677
vn -0.2764 -0.9610 0.0088
vn -0.5457 -0.7566 -0.3602
vn -0.6293 -0.6232 -0.4644
vn -0.7149 -0.4727 -0.5152
vn 0.5391 0.4349 0.7213
vn 0.6708 0.4416 0.5958
vn 0.7521 0.4608 0.4712
vn 0.6332 0.4593 0.6230
vn 0.7382 0.4888 0.4649
vn 0.7126 0.4583 0.5312
vn 0.9068 0.3356 0.2550
vn 0.8798 0.3249 0.3470
vn 0.7745 0.4279 0.4660
vn 0.7748 0.4407 0.4534
vn 0.6361 0.4072 0.6554
vn 0.5704 0.4000 0.7174
vn 0.5473 0.3981 0.7362
vn 0.5855 0.4044 0.7026
vn 0.6956 0.4172 0.5849
vn 0.7413 0.4219 0.5220
vn 0.7066 0.3848 0.5938
vn 0.6397 0.4010 0.6558
vn 0.7592 0.3804 0.5281
vn 0.7710 0.3644 0.5223
vn 0.5249 0.4247 0.7377
vn 0.3397 0.4138 0.8446
vn 0.3705 0.5124 0.7747
vn 0.4526 0.5702 0.6856
vn 0.3563 0.5718 0.7390
vn 0.4551 0.5967 0.6609
vn 0.6954 0.5561 0.4552
vn 0.6469 0.6104 0.4571
vn 0.7049 0.5820 0.4055
vn 0.7164 0.5598 0.4163
vn 0.8368 0.4657 0.2879
vn 0.7543 0.5333 0.3829
vn 0.5351 0.6131 0.5812
vn 0.5319 0.6095 0.5879
vn 0.5772 0.6325 0.5165
vn 0.5940 0.6186 0.5143
vn 0.6708 0.5309 0.5178
vn 0.6167 0.4881 0.6175
vn 0.6783 0.5476 0.4899
vn 0.6105 0.6344 0.4741
vn 0.6645 0.5938 0.4537
vn 0.3181 0.3229 0.8914
vn 0.5086 0.3851 0.7701
vn 0.5315 0.3430 0.7745
vn 0.3933 0.1828 0.9010
vn 0.7510 0.5136 0.4151
vn 0.7823 0.4239 0.4565
vn 0.8329 0.4133 0.3681
vn 0.8250 0.4882 0.2847
vn 0.6728 0.5079 0.5379
vn 0.7079 0.4639 0.5326
vn 0.7370 0.4379 0.5149
vn 0.6829 0.5170 0.5161
vn 0.6515 0.4484 0.6119
vn 0.6602 0.4692 0.5865
vn 0.4132 0.0149 0.9105
vn 0.3995 0.1405 0.9059
vn 0.5581 0.3069 0.7710
vn 0.6571 0.1793 0.7322
vn 0.7158 0.4592 0.5261
vn 0.7089 0.4273 0.5612
vn 0.8679 -0.0221 0.4962
vn 0.8870 -0.0365 0.4603
vn 0.6756 -0.6616 0.3253
vn 0.4054 -0.6438 0.6490
vn -0.1352 -0.8901 -0.4353
vn 0.1074 -0.9231 -0.3693
vn 0.5493 -0.8285 0.1084
vn 0.5981 -0.8011 0.0238
vn 0.0211 -0.9344 -0.3557
vn -0.1763 -0.9416 -0.2868
vn -0.3600 -0.5442 -0.7578
vn -0.2809 -0.5826 -0.7627
vn -0.1162 -0.7922 -0.5991
vn -0.2614 -0.6612 -0.7032
vn -0.6437 -0.6428 -0.4153
vn -0.5123 -0.6883 -0.5137
vn -0.3161 -0.8215 -0.4746
vn -0.5429 -0.7222 -0.4285
vn -0.5035 -0.5958 -0.6257
vn -0.4107 -0.5778 -0.7053
vn -0.4482 -0.5537 -0.7018
vn -0.5458 -0.5577 -0.6253
vn -0.4839 -0.6160 -0.6216
vn -0.3489 -0.5975 -0.7220
vn -0.4288 -0.4985 -0.7534
vn -0.2883 -0.5137 -0.8081
vn -0.3872 -0.4076 -0.8270
vn -0.5382 -0.4129 -0.7347
vn -0.6532 -0.5437 -0.5270
vn -0.7167 -0.5545 -0.4229
vn -0.7138 -0.5131 -0.4767
vn -0.6999 -0.4777 -0.5310
vn -0.6375 -0.5402 -0.5494
vn -0.6488 -0.6022 -0.4652
vn -0.6190 -0.6195 -0.4828
vn -0.5852 -0.5398 -0.6051
vn -0.5461 -0.5488 -0.6330
vn -0.6228 -0.5626 -0.5437
vn -0.6610 -0.5305 -0.5308
vn -0.5059 -0.5103 -0.6955
vn -0.3768 -0.4542 -0.8073
vn -0.4019 -0.4383 -0.8040
vn -0.5510 -0.4992 -0.6687
vn -0.6287 -0.5464 -0.5533
vn -0.6547 -0.5800 -0.4848
vn -0.6706 -0.5390 -0.5097
vn -0.6446 -0.5335 -0.5476
vn -0.6740 -0.5367 -0.5076
vn -0.6341 -0.5820 -0.5090
vn -0.5781 -0.4239 -0.6972
vn -0.4624 -0.3882 -0.7971
vn -0.4483 -0.4070 -0.7959
vn -0.5564 -0.4614 -0.6910
vn -0.3788 -0.3486 -0.8573
vn -0.3826 -0.3747 -0.8445
vn -0.6544 -0.5038 -0.5638
vn -0.6783 -0.5193 -0.5198
vn -0.6972 -0.4677 -0.5433
vn -0.6734 -0.4455 -0.5900
vn -0.3888 -0.5293 -0.7541
vn -0.4812 -0.4866 -0.7292
vn -0.4558 -0.5064 -0.7320
vn -0.6219 -0.4514 -0.6399
vn -0.6195 -0.4683 -0.6300
vn -0.4262 -0.4622 -0.7777
vn -0.4114 -0.5032 -0.7600
vn -0.4903 -0.4933 -0.7185
vn -0.5290 -0.4757 -0.7027
vn -0.5014 -0.5084 -0.7001
vn -0.4996 -0.4383 -0.7472
vn -0.5478 -0.4438 -0.7092
vn -0.5874 -0.4336 -0.6834
vn -0.5565 -0.5537 -0.6194
vn -0.4944 -0.4568 -0.7395
vn -0.2340 -0.5366 -0.8107
vn 0.0187 -0.7781 0.6279
vn 0.0165 -0.7445 0.6674
vn 0.0944 -0.7884 0.6079
vn -0.2291 -0.7938 -0.5634
vn -0.1307 -0.9587 0.2525
vn -0.0141 -0.8571 0.5150
vn -0.2773 -0.4761 -0.8345
vn -0.1008 -0.9238 -0.3695
vn -0.2178 -0.4800 -0.8498
vn -0.0601 -0.9390 -0.3385
vn 0.0652 -0.7921 0.6068
vn 0.1803 -0.7175 0.6728
vn 0.2084 -0.9776 0.0277
vn 0.4457 -0.4992 -0.7431
vn -0.0225 -0.5036 -0.8636
vn 0.3402 0.2244 0.9132
vn 0.1547 0.3838 0.9104
vn 0.0892 -0.0198 0.9958
vn 0.5752 0.0007 0.8180
vn 0.2525 -0.3262 0.9110
vn 0.4343 -0.4984 0.7503
vn 0.5639 0.3893 0.7283
vn 0.3430 0.4931 0.7995
vn 0.2026 0.4660 0.8613
vn 0.6996 -0.0278 0.7140
vn 0.5514 -0.5142 0.6569
vn 0.6793 -0.3629 0.6378
vn 0.6979 0.2913 0.6543
vn 0.6996 0.2029 0.6851
vn 0.6833 0.1533 0.7139
vn 0.7002 0.0475 0.7124
vn 0.7585 0.0413 0.6504
vn 0.7217 -0.4125 0.5558
vn 0.7367 -0.2981 0.6070
vn 0.7258 0.1832 0.6630
vn 0.7354 0.1375 0.6635
vn 0.0039 -0.6567 0.7541
vn 0.0247 -0.6153 0.7879
vn 0.2623 -0.6742 0.6904
vn 0.1420 -0.6481 0.7482
vn 0.6695 -0.6068 0.4283
vn 0.7456 -0.5967 0.2966
vn 0.3402 -0.7260 0.5977
vn 0.5379 -0.7499 0.3851
vn 0.9696 -0.2215 0.1036
vn 0.6704 -0.4274 0.6066
vn 0.6873 -0.6572 0.3093
vn 0.7328 0.0114 -0.6803
vn 0.8652 -0.3336 -0.3743
vn 0.7452 0.1371 -0.6526
vn 0.7187 -0.6581 0.2244
vn 0.9505 -0.2670 -0.1589
vn 0.8851 -0.0146 0.4651
vn 0.6835 -0.3258 0.6532
vn 0.7878 0.4537 0.4166
vn 0.9180 0.2903 -0.2703
vn 0.2536 0.0331 0.9667
vn 0.4128 0.2954 0.8616
vn 0.3537 0.4723 0.8074
vn 0.3150 -0.8979 0.3076
vn 0.0618 -0.5483 0.8340
vn 0.0262 0.1251 0.9918
vn 0.4405 -0.4476 0.7782
vn 0.0727 0.4797 0.8744
vn 0.2593 0.3579 0.8970
vn 0.4141 -0.5047 0.7575
vn 0.4031 -0.4242 0.8109
vn -0.1102 0.1940 0.9748
vn 0.4314 -0.5045 0.7479
vn -0.3110 0.3789 0.8716
vn -0.2298 0.3532 0.9069
vn -0.0548 -0.0338 0.9979
vn 0.0758 0.0282 0.9967
vn -0.2309 0.4904 0.8404
vn 0.4600 -0.5112 0.7260
vn 0.5525 -0.4416 0.7069
vn -0.0375 -0.0940 0.9949
vn -0.5174 0.3276 0.7905
vn -0.9003 -0.2164 -0.3777
vn -0.9547 -0.1398 -0.2627
vn -0.9019 -0.3164 -0.2940
vn -0.8196 -0.3336 -0.4658
vn -0.7748 -0.3387 -0.5338
vn -0.6993 -0.4881 -0.5222
vn -0.1106 -0.1659 -0.9799
vn 0.1092 -0.7214 -0.6838
vn 0.1854 -0.5633 -0.8052
vn -0.2890 -0.0176 -0.9572
vn -0.0599 0.0188 -0.9980
vn -0.2460 0.0948 -0.9646
vn 0.1866 -0.9611 -0.2036
vn -0.0310 -0.9124 -0.4081
vn 0.2342 -0.9075 -0.3486
vn 0.3923 -0.8877 -0.2411
vn 0.2943 0.7524 0.5893
vn 0.3439 0.6679 0.6600
vn 0.3454 0.6402 0.6862
vn 0.3219 0.8421 0.4327
vn 0.0087 -0.0544 -0.9985
vn -0.1678 -0.0531 -0.9844
vn -0.2066 -0.1710 -0.9634
vn -0.0186 -0.2311 -0.9727
vn -0.2595 -0.2450 -0.9341
vn -0.1406 -0.4222 -0.8955
vn -0.3542 -0.6101 -0.7088
vn -0.3350 -0.7557 -0.5628
vn -0.2486 -0.7446 -0.6195
vn -0.3086 -0.7587 -0.5737
vn 0.5033 0.8289 0.2440
vn 0.3534 0.9135 0.2017
vn 0.4503 0.7184 0.5302
vn 0.5416 0.6684 0.5097
vn 0.5431 0.6468 0.5354
vn 0.4840 0.6800 0.5508
vn 0.4961 0.0268 0.8678
vn 0.4558 -0.2605 0.8511
vn 0.3779 -0.2463 0.8925
vn 0.4896 0.0922 0.8671
vn 0.2953 -0.3687 0.8814
vn 0.4200 -0.3807 0.8238
vn -0.4989 -0.6178 -0.6078
vn -0.5798 -0.4884 -0.6521
vn -0.4389 -0.3706 -0.8186
vn -0.3710 -0.4128 -0.8318
vn -0.6503 0.0064 0.7596
vn -0.8417 -0.2098 0.4975
vn -0.3250 0.2281 0.9178
vn -0.2193 0.0287 0.9752
vn -0.5440 -0.2383 0.8045
vn -0.7667 -0.4446 0.4632
vn 0.2905 0.4413 0.8490
vn 0.3753 0.2712 0.8863
vn 0.7816 0.4288 0.4531
vn 0.8163 0.2485 0.5215
vn 0.9387 0.3074 0.1558
vn 0.9178 0.3182 0.2373
vn 0.9610 0.2099 0.1799
vn 0.9725 0.2303 0.0335
vn 0.8900 0.3878 0.2398
vn 0.9254 0.3408 0.1656
vn 0.8084 0.4496 0.3799
vn 0.8149 0.4233 0.3958
vn 0.7946 0.5961 0.1155
vn 0.7777 0.5980 0.1940
vn 0.7188 0.5785 0.3857
vn 0.7274 0.5870 0.3553
vn 0.6834 0.5493 0.4808
vn 0.6799 0.5785 0.4506
vn 0.4182 -0.1754 0.8913
vn 0.4823 0.0316 0.8754
vn 0.3836 0.0547 0.9219
vn 0.3490 -0.1119 0.9304
vn 0.4276 0.1399 0.8931
vn 0.5195 0.1589 0.8395
vn 0.4189 -0.1105 0.9013
vn 0.4242 0.0094 0.9055
vn 0.6227 0.4351 0.6503
vn 0.5940 0.4068 0.6940
vn 0.5893 0.4253 0.6869
vn 0.6338 0.4192 0.6501
vn 0.5525 0.4221 0.7188
vn 0.5464 0.3724 0.7502
vn 0.4314 0.3532 0.8301
vn 0.5088 0.4204 0.7512
vn 0.6124 0.3393 0.7140
vn 0.6273 0.4833 0.6107
vn 0.6288 0.4801 0.6117
vn 0.5861 0.3594 0.7261
vn 0.5809 0.2406 0.7776
vn 0.5066 0.2449 0.8267
vn 0.3706 0.4935 0.7869
vn 0.4738 0.4815 0.7373
vn 0.5094 0.4836 0.7118
vn 0.4225 0.5336 0.7326
vn -0.3997 -0.3366 -0.8526
vn -0.3615 -0.3961 -0.8441
vn -0.3360 -0.6597 -0.6722
vn -0.3479 -0.6484 -0.6771
vn -0.5235 -0.5197 -0.6752
vn -0.4297 -0.6327 -0.6442
vn -0.4954 -0.6030 -0.6253
vn -0.5684 -0.5020 -0.6518
vn -0.4645 -0.5490 -0.6949
vn -0.3736 -0.6533 -0.6585
vn -0.3718 -0.6486 -0.6641
vn -0.4116 -0.6389 -0.6499
vn -0.4007 0.1938 -0.8955
vn -0.4460 -0.3459 -0.8255
vn -0.4331 -0.3168 -0.8438
vn -0.2903 0.1743 -0.9409
vn -0.4305 -0.3686 -0.8239
vn -0.4469 -0.6023 -0.6614
vn -0.4522 0.1536 -0.8786
vn -0.4374 -0.5711 -0.6946
vn -0.3660 -0.6732 -0.6425
vn -0.5793 -0.4990 -0.6445
vn -0.5300 -0.5790 -0.6196
vn -0.0377 -0.9474 -0.3179
vn 0.2767 -0.8220 0.4978
vn 0.4840 -0.8218 0.3007
vn 0.2111 -0.9540 -0.2129
vn -0.4177 -0.6376 -0.6473
vn -0.4028 -0.6843 -0.6078
vn 0.2294 -0.9619 -0.1490
vn 0.1966 -0.9615 -0.1922
vn -0.5413 -0.3968 -0.7414
vn -0.5436 -0.4075 -0.7338
vn 0.4448 -0.8566 0.2616
vn 0.4996 -0.8311 0.2445
vn 0.4500 -0.8746 0.1804
vn 0.4281 -0.8713 0.2399
vn 0.0902 -0.9811 -0.1713
vn 0.3990 -0.9014 0.1684
vn 0.5963 0.4604 0.6576
vn 0.6523 0.5029 0.5671
vn 0.6590 0.4815 0.5778
vn 0.6662 0.4334 0.6069
vn 0.6357 0.5468 0.5449
vn 0.6203 0.5295 0.5787
vn 0.4406 0.5608 0.7010
vn 0.4788 0.5348 0.6962
vn 0.6096 0.5281 0.5912
vn 0.5138 0.5144 0.6866
vn 0.5657 0.4986 0.6569
vn 0.4569 0.4771 0.7508
vn 0.3638 0.5104 0.7792
vn 0.3801 0.4791 0.7912
vn 0.4162 0.5665 0.7112
vn 0.4282 0.5364 0.7273
vn 0.4826 0.5471 0.6839
vn 0.4246 0.6096 0.6694
vn 0.4122 0.6278 0.6603
vn 0.3906 0.6839 0.6163
vn 0.5289 0.5910 0.6091
vn 0.3759 0.5433 0.7507
vn 0.3383 0.6704 0.6604
vn 0.3109 0.8618 0.4008
vn 0.4360 0.7634 0.4766
vn 0.1719 0.9039 0.3918
vn 0.1613 0.8791 0.4485
vn 0.3848 0.7185 0.5794
vn 0.0618 0.9278 0.3680
vn -0.1325 0.9689 0.2089
vn 0.5669 0.6258 0.5357
vn -0.3391 -0.7461 -0.5730
vn -0.3257 -0.7499 -0.5759
vn -0.3217 -0.7074 -0.6294
vn -0.3249 -0.7013 -0.6345
vn 0.2455 0.7910 0.5604
vn 0.3729 0.6753 0.6363
vn -0.3468 -0.6343 -0.6909
vn -0.3503 -0.6174 -0.7043
vn -0.4166 -0.5049 -0.7560
vn -0.3826 -0.5335 -0.7544
vn -0.4582 -0.6534 -0.6026
vn -0.4468 -0.5785 -0.6824
vn -0.4459 -0.5881 -0.6748
vn -0.4721 -0.6531 -0.5921
vn -0.4052 -0.4921 -0.7705
vn -0.4545 -0.4701 -0.7566
vn 0.5102 0.6683 0.5414
vn 0.5512 0.6201 0.5582
vn 0.5571 0.6137 0.5595
vn 0.5703 0.5625 0.5986
vn -0.4046 -0.5044 -0.7628
vn -0.4421 -0.5999 -0.6668
vn -0.4628 -0.6641 -0.5872
vn 0.5870 0.5607 0.5840
vn 0.5883 0.5429 0.5993
vn 0.6042 0.4949 0.6246
vn 0.5854 0.5108 0.6296
vn 0.5583 0.6383 0.5300
vn 0.5715 0.5674 0.5929
vn 0.5558 0.5675 0.6075
vn 0.5505 0.6440 0.5312
vn 0.5139 0.5162 0.6851
vn 0.5497 0.5169 0.6563
vn 0.4873 0.5083 0.7101
vn 0.5139 0.5792 0.6328
vn 0.4931 0.6677 0.5577
vn -0.4975 -0.3931 -0.7733
vn -0.4171 -0.4077 -0.8123
vn -0.4635 -0.3709 -0.8047
vn -0.3702 -0.3669 -0.8534
vn -0.3579 -0.4499 -0.8182
vn -0.4520 -0.4174 -0.7883
vn -0.3072 -0.4320 -0.8480
vn -0.3609 -0.4086 -0.8383
vn -0.3897 -0.4464 -0.8055
vn -0.3744 -0.4360 -0.8184
vn 0.5898 0.4730 0.6545
vn 0.5898 0.4601 0.6637
vn 0.5448 0.4911 0.6797
vn 0.5607 0.5193 0.6449
vn 0.5148 0.4430 0.7340
vn 0.5232 0.4564 0.7197
vn 0.5392 0.4693 0.6993
vn 0.4925 0.4814 0.7251
vn -0.2945 -0.7531 -0.5883
vn -0.2782 -0.4733 -0.8358
vn -0.0767 -0.5840 -0.8081
vn -0.0936 -0.8403 -0.5340
vn 0.4596 0.4596 0.7599
vn 0.4611 0.4814 0.7455
vn -0.3615 -0.4644 -0.8085
vn -0.3021 -0.7344 -0.6078
vn -0.4186 -0.6384 -0.6459
vn -0.2035 -0.8410 -0.5013
vn -0.6142 -0.7346 -0.2884
vn -0.3564 -0.8314 -0.4264
vn -0.4339 -0.8779 -0.2025
vn -0.6007 -0.7884 -0.1327
vn -0.5614 -0.7360 -0.3784
vn -0.5677 -0.7176 -0.4034
vn 0.4801 -0.0427 0.8762
vn 0.3819 -0.0262 0.9238
vn 0.3968 0.4831 0.7805
vn 0.4801 0.3977 0.7819
vn -0.6132 -0.7521 -0.2416
vn -0.6071 -0.7706 -0.1938
vn -0.5746 -0.6031 -0.5533
vn -0.3318 0.2399 -0.9123
vn -0.4686 0.2560 -0.8455
vn -0.5045 -0.2508 -0.8262
vn -0.2358 -0.3106 -0.9208
vn -0.5412 0.2005 -0.8167
vn -0.6002 -0.3006 -0.7412
vn 0.2826 0.8222 0.4941
vn 0.3710 0.8298 0.4169
vn -0.1517 0.1586 -0.9756
vn 0.0491 -0.4153 -0.9083
vn -0.4750 -0.5437 -0.6919
vn -0.3177 -0.9122 -0.2587
vn -0.4432 -0.8551 -0.2691
vn -0.2530 -0.8968 -0.3629
vn 0.1486 -0.8893 -0.4325
vn 0.0033 -0.9998 -0.0217
vn 0.3348 -0.9402 -0.0621
vn -0.4918 0.0357 -0.8700
vn -0.1896 -0.5827 -0.7902
vn -0.2163 -0.5131 -0.8306
vn -0.3011 -0.3763 -0.8762
vn -0.3067 -0.3915 -0.8676
vn -0.3507 -0.3514 -0.8680
vn -0.3510 -0.4488 -0.8218
vn 0.4128 -0.8402 -0.3517
vn 0.4211 -0.8816 -0.2134
vn -0.2845 -0.5964 -0.7506
vn -0.3430 -0.3905 -0.8543
vn -0.3950 -0.4164 -0.8189
vn -0.2942 -0.5682 -0.7685
vn -0.1029 -0.6793 -0.7266
vn 0.1108 -0.7989 -0.5912
vn 0.1348 -0.8994 -0.4159
vn -0.2861 -0.3519 -0.8912
vn -0.0868 -0.9320 -0.3518
vn 0.5077 0.1437 0.8494
vn 0.5210 0.3468 0.7800
vn 0.4980 0.2782 0.8213
vn 0.4816 0.1288 0.8669
vn 0.5168 0.4280 0.7414
vn 0.5414 0.4560 0.7064
vn -0.5966 -0.5995 -0.5336
vn -0.4315 -0.7562 -0.4920
vn -0.5662 -0.7851 -0.2509
vn -0.7461 -0.6183 -0.2472
vn -0.5754 -0.7371 -0.3544
vn -0.5069 -0.6975 -0.5065
vn -0.5985 -0.7064 -0.3780
vn -0.7832 -0.5694 -0.2498
vn 0.0280 -0.1080 -0.9938
vn -0.2499 -0.3746 -0.8929
vn -0.3876 -0.1797 -0.9041
vn -0.0659 -0.0788 -0.9947
vn -0.7528 -0.3670 -0.5464
vn -0.5969 -0.5216 -0.6097
vn -0.3438 -0.2864 -0.8943
vn -0.3024 -0.4678 -0.8305
vn -0.0820 -0.2114 -0.9740
vn -0.1184 -0.0731 -0.9903
vn -0.1610 -0.5394 -0.8265
vn 0.0403 -0.2363 -0.9708
vn -0.6665 -0.5861 -0.4607
vn -0.8590 -0.4356 -0.2690
vn -0.8379 -0.4850 -0.2506
vn 0.2370 0.2345 0.9428
vn 0.3022 0.0205 0.9530
vn 0.6306 0.4747 0.6140
vn 0.6769 0.3168 0.6644
vn 0.1696 0.0231 0.9852
vn 0.0557 0.1212 0.9911
vn 0.7966 0.5675 0.2084
vn 0.8415 0.5094 0.1799
vn 0.4543 0.3768 0.8072
vn 0.4699 0.3840 0.7948
vn 0.4890 0.4754 0.7314
vn 0.5055 0.4059 0.7614
vn 0.5250 0.5098 0.6815
vn 0.5668 0.3801 0.7309
vn 0.4638 0.3274 0.8232
vn 0.4296 0.2334 0.8723
vn 0.4617 0.4130 0.7850
vn 0.3926 0.2825 0.8753
vn 0.1749 -0.0222 0.9843
vn 0.3672 0.1423 0.9192
vn 0.3860 -0.0011 0.9225
vn 0.3308 -0.1632 0.9295
vn 0.5093 0.2127 0.8339
vn 0.4766 0.2655 0.8380
vn 0.4838 0.2969 0.8233
vn 0.5513 0.3080 0.7754
vn 0.5233 0.2958 0.7992
vn 0.6014 0.3211 0.7316
vn 0.5654 0.3428 0.7502
vn 0.4375 0.2890 0.8515
vn 0.2875 0.1530 0.9455
vn 0.4326 0.8111 0.3936
vn 0.4188 0.7458 0.5180
vn 0.3717 0.7303 0.5731
vn 0.3932 0.7704 0.5019
vn 0.5539 0.2691 0.7879
vn 0.5850 0.3360 0.7382
vn 0.4586 0.7657 0.4510
vn 0.5417 0.6831 0.4898
vn 0.5430 0.7056 0.4552
vn 0.4621 0.8113 0.3580
vn 0.4608 0.7727 0.4366
vn 0.4805 0.8481 0.2230
vn 0.4559 0.8254 0.3329
vn 0.4452 0.8865 0.1258
vn 0.3773 0.9079 0.1825
vn 0.3066 0.9511 -0.0370
vn 0.4375 0.8970 -0.0629
vn 0.4823 0.7435 0.4632
vn -0.4384 -0.7109 -0.5500
vn -0.4345 -0.6842 -0.5857
vn -0.4610 -0.6605 -0.5927
vn -0.4566 -0.7035 -0.5447
vn 0.2381 0.9669 0.0918
vn 0.3712 0.8465 0.3817
vn -0.4370 -0.6663 -0.6042
vn -0.4561 -0.6929 -0.5585
vn -0.4866 -0.6795 -0.5490
vn -0.5177 -0.6079 -0.6020
vn -0.4321 -0.6465 -0.6288
vn -0.4591 -0.6126 -0.6433
vn -0.4147 -0.2179 -0.8835
vn -0.4572 -0.4234 -0.7821
vn -0.5397 -0.4726 -0.6967
vn -0.5266 -0.1662 -0.8337
vn -0.5092 -0.6512 -0.5628
vn -0.5154 -0.4246 -0.7443
vn -0.4401 -0.1425 -0.8866
vn -0.4788 -0.6966 -0.5344
vn -0.4717 -0.4276 -0.7711
vn -0.5311 -0.3313 -0.7798
vn -0.5866 -0.3514 -0.7297
vn -0.5180 -0.4286 -0.7402
vn -0.6121 -0.3129 -0.7263
vn -0.5595 -0.2648 -0.7854
vn -0.6435 -0.4235 -0.6377
vn -0.6433 -0.4068 -0.6486
vn -0.5755 -0.4855 -0.6581
vn -0.3557 -0.5936 -0.7219
vn -0.1837 -0.2954 -0.9375
vn -0.5235 -0.4229 -0.7397
vn -0.5266 -0.4220 -0.7380
vn -0.5657 -0.5023 -0.6540
vn -0.4908 -0.2497 -0.8347
vn -0.4298 -0.2753 -0.8599
vn -0.5248 -0.3686 -0.7673
vn -0.5549 -0.4726 -0.6846
vn -0.4942 -0.5437 -0.6784
vn -0.5718 -0.3172 -0.7566
vn -0.6429 -0.4337 -0.6313
vn 0.2781 0.0741 0.9577
vn 0.3411 0.0202 0.9398
vn 0.4791 0.3761 0.7931
vn 0.3450 0.4424 0.8278
vn -0.5291 -0.4846 -0.6966
vn 0.5243 0.7864 0.3266
vn 0.4191 0.8414 0.3412
vn 0.3721 0.3944 0.8402
vn 0.4681 0.3928 0.7916
vn 0.4847 0.8569 0.1753
vn 0.3016 0.9274 0.2214
vn 0.3273 0.3825 0.8640
vn 0.2930 0.9129 0.2843
vn 0.1980 0.1271 0.9719
vn 0.1911 0.0825 0.9781
vn -0.5322 -0.4429 -0.7215
vn -0.4117 -0.0004 -0.9113
vn -0.3998 -0.0741 -0.9136
vn -0.5425 -0.5982 -0.5898
vn 0.3780 0.0293 0.9253
vn -0.2967 -0.5296 -0.7947
vn -0.5763 -0.4190 -0.7016
vn -0.4766 -0.0544 -0.8774
vn -0.1901 -0.1555 -0.9694
vn -0.4278 -0.0696 -0.9012
vn -0.2850 0.1475 -0.9471
vn -0.4283 -0.0554 -0.9019
vn -0.4480 0.0556 -0.8923
vn -0.4202 0.0344 -0.9068
vn -0.5667 -0.5076 -0.6490
vn -0.2463 -0.3321 -0.9105
vn -0.2181 -0.4090 -0.8861
vn -0.5177 -0.5838 -0.6254
vn -0.5548 -0.4631 -0.6911
vn -0.5291 -0.6086 -0.5913
vn -0.2672 -0.4024 -0.8756
vn -0.1033 -0.0022 -0.9946
vn -0.5294 -0.4199 -0.7372
vn -0.2619 -0.2652 -0.9279
vn -0.6132 -0.6013 -0.5123
vn -0.6637 -0.5366 -0.5212
vn -0.6132 -0.5469 -0.5700
vn -0.6410 -0.4645 -0.6111
vn -0.6289 -0.4574 -0.6287
vn -0.3717 -0.3757 -0.8489
vn 0.6868 0.5298 0.4977
vn 0.6432 0.5645 0.5174
vn 0.6693 0.5957 0.4440
vn 0.7019 0.5824 0.4100
vn 0.5812 0.5190 0.6268
vn 0.6266 0.4139 0.6604
vn -0.5922 -0.5098 -0.6240
vn 0.6152 0.4777 0.6271
vn 0.6076 0.4630 0.6453
vn 0.6528 0.6100 0.4492
vn 0.6645 0.5946 0.4527
vn 0.6897 0.5621 0.4565
vn 0.6922 0.6587 0.2949
vn 0.6820 0.6840 0.2590
vn 0.6692 0.7425 0.0280
vn 0.6886 0.7251 -0.0080
vn 0.6458 0.4163 0.6401
vn 0.5478 0.4177 0.7249
vn 0.4529 0.3492 0.8203
vn 0.4692 0.2336 0.8516
vn 0.5825 0.3173 0.7484
vn 0.3708 0.1195 0.9210
vn 0.3715 0.2363 0.8979
vn 0.3372 0.0325 0.9409
vn 0.4701 0.1473 0.8702
vn 0.5880 0.2622 0.7652
vn 0.7072 0.6416 0.2970
vn 0.7473 0.6636 0.0341
vn 0.4280 0.2144 0.8780
vn 0.5754 0.2849 0.7667
vn 0.3176 0.1695 0.9329
vn 0.2649 0.1429 0.9536
vn 0.1474 0.2582 0.9548
vn 0.3003 0.3805 0.8747
vn 0.4309 0.4657 0.7730
vn 0.5070 0.5150 0.6912
vn -0.5857 -0.4730 -0.6582
vn -0.6263 -0.5191 -0.5817
vn -0.5263 -0.4461 -0.7239
vn -0.4515 -0.4278 -0.7831
vn -0.5732 -0.3969 -0.7169
vn -0.4775 -0.3339 -0.8127
vn -0.4738 -0.3561 -0.8055
vn -0.5784 -0.4220 -0.6981
vn -0.4361 -0.3253 -0.8390
vn -0.4635 -0.3544 -0.8121
vn -0.6724 -0.4876 -0.5569
vn -0.6840 -0.4770 -0.5519
vn -0.4697 -0.3864 -0.7938
vn -0.4852 -0.4011 -0.7770
vn -0.5374 -0.4066 -0.7388
vn -0.4593 -0.4052 -0.7905
vn -0.5476 -0.4124 -0.7280
vn -0.4726 -0.3510 -0.8083
vn -0.5703 -0.3763 -0.7301
vn -0.5380 -0.5017 -0.6774
vn -0.3907 -0.7693 -0.5055
vn -0.3292 -0.7183 -0.6129
vn -0.5172 -0.6129 -0.5974
vn -0.4367 -0.6102 -0.6610
vn -0.6422 -0.5709 -0.5116
vn -0.5428 -0.5931 -0.5946
vn -0.4862 -0.4700 -0.7367
vn -0.2170 -0.4121 -0.8849
vn -0.2212 -0.6096 -0.7612
vn -0.4412 -0.7056 -0.5546
vn -0.4607 -0.4898 -0.7401
vn -0.4636 -0.4390 -0.7697
vn -0.6675 -0.4950 -0.5563
vn -0.6772 -0.5357 -0.5045
vn 0.7982 0.4120 0.4394
vn 0.8646 0.3569 0.3537
vn 0.9530 0.2822 0.1105
vn 0.9182 0.3350 0.2113
vn 0.9111 0.3451 0.2254
vn 0.9420 0.3181 0.1071
vn -0.2620 -0.3589 -0.8959
vn -0.5343 -0.4646 -0.7062
vn -0.4526 -0.3413 -0.8238
vn 0.7907 0.4223 0.4432
vn 0.7725 0.4503 0.4476
vn 0.8819 0.4003 0.2489
vn 0.8994 0.3863 0.2047
vn 0.9259 0.3680 0.0854
vn 0.9285 0.3711 0.0093
vn 0.6785 0.4413 0.5873
vn 0.7082 0.4071 0.5768
vn 0.5335 0.5818 0.6139
vn 0.2721 0.5590 0.7832
vn -0.0995 0.5574 0.8243
vn 0.0206 0.6032 0.7973
vn 0.6581 0.4796 0.5804
vn 0.8400 0.4456 0.3096
vn 0.9337 0.3406 0.1105
vn 0.8070 0.3981 0.4361
vn 0.9543 0.2886 -0.0777
vn -0.9196 -0.3457 0.1867
vn -0.9015 -0.4100 -0.1383
vn -0.8230 -0.5675 0.0239
vn -0.7763 -0.5367 0.3306
vn -0.8381 -0.5357 -0.1026
vn -0.8992 -0.3766 -0.2229
vn -0.8506 -0.5241 -0.0428
vn -0.8474 -0.5059 0.1614
vn -0.9473 -0.2412 -0.2110
vn -0.9213 -0.2889 -0.2601
vn -0.9934 -0.0932 0.0667
vn -0.6439 -0.5264 -0.5552
vn -0.9130 -0.3886 -0.1241
vn -0.6864 -0.6560 -0.3137
vn -0.7564 -0.6045 -0.2499
vn -0.8361 -0.4133 -0.3606
vn -0.9310 -0.2885 0.2235
vn 0.7444 0.3551 0.5655
vn 0.7864 0.3790 0.4878
vn 0.7760 0.4286 0.4628
vn 0.7060 0.4463 0.5499
vn 0.7419 0.3371 0.5797
vn 0.7472 0.3941 0.5352
vn -0.8251 -0.3257 -0.4616
vn 0.6962 0.4448 0.5635
vn 0.6816 0.4020 0.6114
vn 0.6361 0.4384 0.6349
vn 0.5872 0.5328 0.6094
vn 0.6559 0.5322 0.5354
vn 0.6892 0.3107 0.6546
vn 0.6673 0.3541 0.6552
vn 0.7365 0.4936 0.4625
vn -0.6598 -0.4420 -0.6077
vn -0.6836 -0.4895 -0.5415
vn -0.6654 -0.4510 -0.5949
vn -0.6525 -0.4273 -0.6258
vn -0.6596 -0.5148 -0.5476
vn -0.6622 -0.5075 -0.5513
vn 0.6629 0.3433 0.6653
vn -0.6637 -0.4600 -0.5898
vn -0.6931 -0.4662 -0.5499
vn -0.6141 -0.4194 -0.6686
vn -0.5913 -0.4133 -0.6925
vn -0.6177 -0.4178 -0.6662
vn -0.6304 -0.4681 -0.6193
vn -0.6318 -0.4129 -0.6560
vn -0.6248 -0.4313 -0.6508
vn -0.6589 -0.4579 -0.5968
vn 0.0447 0.6133 0.7886
vn 0.1264 0.1516 0.9803
vn 0.2024 0.1387 0.9694
vn 0.0639 0.6341 0.7706
vn 0.2847 -0.3363 0.8977
vn 0.1715 -0.2735 0.9465
vn 0.1890 0.1099 0.9758
vn 0.1427 -0.3143 0.9385
vn 0.1714 0.5853 0.7925
vn -0.0385 0.8762 0.4803
vn -0.0677 0.8880 0.4548
vn 0.1140 0.8251 0.5534
vn 0.1353 -0.5419 0.8295
vn 0.3530 -0.1638 0.9212
vn 0.2239 -0.3980 0.8897
vn 0.1243 -0.5742 0.8092
vn 0.3964 0.3718 0.8394
vn 0.4406 0.3229 0.8376
vn 0.4383 0.4329 0.7877
vn 0.4732 0.3839 0.7929
vn 0.3548 -0.4947 0.7933
vn 0.4630 0.0193 0.8861
vn 0.4180 0.0634 0.9062
vn 0.4604 0.3469 0.8171
vn 0.3037 -0.5822 0.7542
vn 0.4769 0.1428 0.8673
vn 0.4919 0.3640 0.7909
vn 0.2896 0.0246 0.9568
vn 0.1745 -0.1342 0.9755
vn 0.2011 -0.0864 0.9758
vn 0.1003 -0.1947 0.9757
vn 0.6809 0.7245 0.1069
vn 0.7889 0.6013 0.1270
vn 0.6503 0.4964 0.5750
vn 0.6938 0.3399 0.6349
vn -0.0569 0.0074 0.9984
vn 0.2352 0.3144 0.9197
vn 0.3628 0.0496 0.9306
vn 0.5356 0.6805 0.5000
vn 0.0998 0.0731 0.9923
vn 0.3650 -0.0677 0.9286
vn 0.6017 0.7902 0.1165
vn -0.5217 -0.3209 0.7905
vn -0.1232 -0.0088 0.9923
vn -0.1902 0.2850 0.9395
vn -0.6971 -0.0662 0.7139
vn -0.8182 0.2294 0.5271
vn -0.3456 0.5038 0.7917
vn 0.1503 0.6113 0.7770
vn 0.2738 0.4964 0.8238
vn 0.6741 0.5679 0.4723
vn 0.6080 0.6121 0.5056
vn 0.7848 0.3321 0.5232
vn 0.3771 0.2639 0.8878
vn 0.9341 0.3327 0.1299
vn 0.8611 0.4784 0.1722
vn 0.8553 0.4589 0.2406
vn -0.4552 -0.7914 -0.4080
vn -0.1736 -0.9521 -0.2518
vn -0.0356 -0.8271 -0.5609
vn -0.4076 -0.6842 -0.6047
vn -0.3983 -0.5650 -0.7226
vn -0.3833 -0.5757 -0.7223
vn -0.2823 -0.5904 -0.7562
vn -0.2021 -0.5942 -0.7785
vn -0.9214 -0.3802 -0.0804
vn -0.9013 -0.4296 -0.0558
vn -0.7220 -0.5378 -0.4354
vn -0.7288 -0.5289 -0.4348
vn -0.9434 -0.2043 0.2612
vn -0.9269 -0.2346 0.2929
vn -0.7545 0.0517 0.6542
vn -0.7679 0.0552 0.6382
vn -0.4497 0.2625 0.8537
vn -0.4703 0.2900 0.8335
vn -0.1704 0.4117 0.8952
vn -0.0997 0.3421 0.9344
vn 0.7407 0.4905 0.4590
vn 0.7115 0.5645 0.4184
vn 0.2831 0.5350 0.7960
vn 0.3157 0.4417 0.8398
vn 0.9134 0.3976 0.0869
vn 0.8851 0.4618 0.0576
vn 0.8730 0.4814 0.0781
vn 0.8906 0.4367 0.1268
vn 0.7077 0.5753 0.4101
vn 0.6681 0.5636 0.4858
vn 0.8370 -0.1624 0.5225
vn 0.9105 0.0021 0.4134
vn 0.8582 0.3913 0.3321
vn 0.7749 0.5555 0.3015
vn 0.2591 -0.9625 0.0802
vn 0.5727 -0.8181 -0.0525
vn -0.4022 -0.6325 -0.6620
vn -0.4071 -0.6053 -0.6840
vn -0.0583 -0.6162 -0.7854
vn -0.0021 -0.6163 -0.7875
vn 0.2798 -0.6857 -0.6720
vn 0.4133 -0.5508 -0.7252
vn -0.7200 -0.5672 -0.3998
vn -0.7383 -0.5404 -0.4036
vn -0.9136 -0.4005 -0.0698
vn -0.8903 -0.4504 -0.0670
vn -0.8974 -0.2834 0.3383
vn -0.9235 -0.2284 0.3082
vn -0.7344 -0.0100 0.6787
vn -0.7024 -0.0952 0.7054
vn -0.3596 0.0640 0.9309
vn -0.3869 0.1882 0.9027
vn 0.0703 0.1843 0.9804
vn -0.0241 0.2675 0.9633
vn 0.7716 0.1905 0.6069
vn 0.7515 0.3053 0.5848
vn 0.3451 0.2816 0.8953
vn 0.4663 0.2234 0.8559
vn -0.2779 -0.7281 -0.6266
vn -0.6037 -0.6856 -0.4068
vn -0.3828 -0.8976 -0.2187
vn -0.0393 -0.9225 -0.3839
vn -0.6242 -0.7809 -0.0245
vn -0.8118 -0.5790 -0.0755
vn -0.5745 -0.7669 0.2860
vn -0.8247 -0.4607 0.3280
vn -0.5016 -0.6054 0.6179
vn -0.6332 -0.3186 0.7053
vn 0.9899 0.0097 -0.1416
vn 0.9850 0.1415 0.0988
vn 0.9534 0.2437 0.1778
vn 0.9723 0.1216 0.1996
vn -0.1401 -0.6647 0.7338
vn -0.2746 -0.2350 0.9324
vn 0.2643 -0.6444 0.7176
vn 0.1749 -0.1564 0.9721
vn 0.2115 -0.9635 0.1641
vn -0.2110 -0.9484 0.2367
vn 0.6923 -0.5532 -0.4633
vn 0.7801 -0.6200 -0.0845
vn 0.5555 -0.8305 0.0412
vn 0.3511 -0.8200 -0.4520
vn 0.6187 -0.5425 0.5682
vn 0.8751 -0.3676 0.3147
vn 0.5858 -0.0194 0.8102
vn 0.8448 0.0448 0.5332
vn 0.9202 -0.3046 -0.2458
vn 0.7856 -0.4078 -0.4653
vn 0.7002 -0.6599 -0.2726
vn 0.9460 -0.3172 0.0674
vn 0.5171 -0.5191 -0.6806
vn 0.1480 -0.6677 -0.7296
vn 0.9683 -0.1563 -0.1949
vn 0.9592 -0.1620 -0.2316
vn 0.8839 -0.3038 -0.3555
vn 0.9141 -0.1271 -0.3851
vn 0.9810 -0.0225 -0.1927
vn 0.8531 -0.2512 -0.4572
vn 0.7561 -0.4049 -0.5141
vn 0.8624 -0.4487 -0.2345
vn 0.9812 -0.1921 0.0207
vn 0.9836 0.0398 0.1757
vn -0.6337 -0.5764 -0.5160
vn -0.4206 -0.7534 -0.5055
vn -0.1704 -0.7946 -0.5827
vn -0.4609 -0.6684 -0.5838
vn -0.2883 -0.8220 -0.4911
vn -0.7213 -0.6121 -0.3241
vn -0.6999 -0.4589 -0.5473
vn -0.4881 -0.6132 -0.6211
vn -0.4673 -0.5226 -0.7131
vn -0.6629 -0.3696 -0.6511
vn -0.2011 -0.8213 -0.5338
vn -0.2409 -0.8005 -0.5487
vn -0.3559 -0.6907 -0.6295
vn -0.3093 -0.7455 -0.5904
vn -0.2598 -0.6410 -0.7222
vn -0.0358 -0.7477 -0.6631
vn -0.0990 -0.9160 -0.3888
vn -0.0404 -0.9131 -0.4058
vn 0.2194 -0.9753 0.0251
vn 0.3586 -0.9326 0.0418
vn 0.2548 -0.7936 -0.5525
vn 0.1901 -0.4772 -0.8580
vn -0.0717 -0.5249 -0.8481
vn 0.0212 -0.5219 -0.8527
vn 0.1952 -0.4842 -0.8529
vn 0.1551 -0.5341 -0.8311
vn 0.1727 -0.4885 -0.8553
vn 0.3086 -0.5406 -0.7827
vn 0.1484 -0.5099 -0.8473
vn 0.4516 -0.5279 -0.7193
vn 0.1300 -0.5322 -0.8366
vn -0.2213 -0.5261 -0.8211
vn -0.3422 -0.5227 -0.7808
vn -0.2693 -0.5175 -0.8122
vn -0.3196 -0.5177 -0.7936
vn -0.3096 -0.4965 -0.8110
vn -0.3098 -0.4921 -0.8136
vn -0.3279 -0.4642 -0.8228
vn -0.3107 -0.4491 -0.8377
vn -0.3204 -0.4299 -0.8441
vn -0.3213 -0.4107 -0.8533
vn -0.4540 -0.4877 -0.7457
vn -0.5445 -0.4476 -0.7094
vn -0.3997 -0.4725 -0.7855
vn -0.5011 -0.4272 -0.7526
vn -0.3715 -0.4607 -0.8061
vn -0.4823 -0.4316 -0.7623
vn -0.3755 -0.4393 -0.8161
vn -0.4808 -0.4308 -0.7637
vn -0.3998 -0.4180 -0.8157
vn -0.4923 -0.4242 -0.7601
vn -0.3951 -0.4212 -0.8164
vn -0.3622 -0.4204 -0.8319
vn -0.3823 -0.3574 -0.8521
vn -0.4193 -0.3644 -0.8315
vn -0.3231 -0.4238 -0.8461
vn -0.3346 -0.3568 -0.8722
vn -0.4596 -0.3515 -0.8156
vn -0.4050 -0.3316 -0.8520
vn -0.3832 -0.4191 -0.8231
vn -0.4553 -0.4350 -0.7768
vn -0.3373 -0.3133 -0.8877
vn -0.2977 -0.3925 -0.8702
vn -0.4011 -0.3208 -0.8580
vn -0.4423 -0.3335 -0.8326
vn -0.3448 -0.3106 -0.8858
vn -0.5018 -0.4363 -0.7469
vn -0.5011 -0.3727 -0.7811
vn -0.5295 -0.4291 -0.7318
vn -0.5329 -0.3872 -0.7524
vn -0.0918 -0.2728 -0.9577
vn 0.0724 -0.2937 -0.9531
vn -0.1669 -0.3568 -0.9192
vn -0.2466 -0.2956 -0.9229
vn 0.4835 -0.1281 -0.8659
vn 0.5800 -0.1060 -0.8077
vn 0.3756 -0.1961 -0.9058
vn 0.1920 -0.2180 -0.9569
vn -0.2729 -0.3064 -0.9120
vn -0.1565 -0.3019 -0.9404
vn -0.2766 -0.3616 -0.8904
vn -0.1793 -0.3637 -0.9141
vn -0.2752 -0.4321 -0.8588
vn -0.1956 -0.4407 -0.8761
vn 0.8422 0.0769 -0.5336
vn 0.6951 -0.0352 -0.7180
vn 0.6368 -0.0667 -0.7681
vn 0.8353 0.0748 -0.5447
vn 0.0871 -0.2628 -0.9609
vn 0.4019 -0.1627 -0.9011
vn 0.0437 -0.3209 -0.9461
vn 0.3645 -0.1753 -0.9146
vn 0.0335 -0.3867 -0.9216
vn 0.3893 -0.1849 -0.9024
vn 0.5923 -0.0621 -0.8033
vn 0.8042 0.1258 -0.5809
vn 0.5778 -0.0144 -0.8161
vn 0.7664 0.1754 -0.6179
vn 0.5997 0.0241 -0.7999
vn 0.7546 0.1915 -0.6276
vn 0.8828 0.4235 0.2034
vn 0.2034 0.4657 0.8612
vn 0.8787 0.3839 0.2839
vn 0.2651 0.3601 0.8944
vn 0.8884 0.4146 0.1971
vn 0.3929 0.3615 0.8456
vn 0.9044 0.4256 0.0296
vn 0.5548 0.3977 0.7308
vn 0.9182 0.3718 -0.1368
vn 0.7054 0.4113 0.5773
vn 0.5356 0.3306 0.7771
vn 0.3675 0.3345 0.8678
vn 0.3690 0.2520 0.8946
vn 0.5264 0.2663 0.8075
vn 0.1771 0.3478 0.9207
vn 0.2223 0.2467 0.9433
vn 0.0048 0.3657 0.9307
vn 0.1017 0.2686 0.9579
vn 0.1833 0.2485 0.9511
vn 0.2385 0.2348 0.9423
vn 0.2519 0.2857 0.9246
vn 0.2346 0.2795 0.9310
vn 0.3085 0.3546 0.8827
vn 0.2177 0.3674 0.9042
vn 0.6678 0.3302 0.6671
vn 0.6932 0.3754 0.6153
vn 0.6518 0.3461 0.6748
vn 0.6359 0.2855 0.7170
vn 0.3602 0.2657 0.8942
vn 0.5154 0.3001 0.8027
vn 0.3464 0.3415 0.8737
vn 0.5014 0.3800 0.7773
vn 0.3315 0.4399 0.8346
vn 0.5167 0.4164 0.7481
vn 0.6133 0.3195 0.7223
vn 0.6428 0.3474 0.6827
vn 0.6090 0.3601 0.7067
vn 0.6395 0.3422 0.6884
vn 0.6510 0.3297 0.6837
vn 0.6592 0.2379 0.7133
vn 0.6535 0.4206 0.6293
vn 0.5482 0.4608 0.6980
vn 0.6187 0.3792 0.6881
vn 0.5292 0.4054 0.7454
vn 0.6209 0.3507 0.7011
vn 0.5744 0.3254 0.7511
vn 0.6530 0.3296 0.6819
vn 0.6297 0.2636 0.7308
vn 0.3790 0.4228 0.8232
vn 0.3838 0.5202 0.7630
vn 0.4244 0.4888 0.7622
vn 0.4222 0.4093 0.8089
vn 0.6996 0.2638 0.6641
vn 0.7066 0.1722 0.6864
vn 0.5550 0.4777 0.6810
vn 0.1218 0.5821 0.8039
vn 0.6870 0.4015 0.6056
vn 0.6847 0.4260 0.5913
vn 0.4721 0.5349 0.7007
vn 0.0329 0.5824 0.8122
vn 0.3190 0.3664 0.8741
vn 0.2500 -0.2534 0.9345
vn 0.3131 -0.1647 0.9353
vn 0.2546 0.5575 0.7902
vn 0.2391 0.5498 0.8003
vn 0.3962 0.4705 0.7885
vn 0.2918 0.5438 0.7868
vn 0.4862 0.4324 0.7594
vn -0.0248 0.5755 0.8174
vn 0.3650 0.5670 0.7384
vn -0.0139 0.6033 0.7974
vn 0.5731 0.4198 0.7038
vn 0.4079 0.0206 0.9128
vn 0.5189 0.2509 0.8172
vn 0.3962 0.0490 0.9169
vn 0.3488 -0.2944 0.8898
vn 0.3377 -0.4864 0.8058
vn 0.2743 -0.4081 0.8708
vn -0.0010 0.5513 0.8343
vn 0.4275 0.5524 0.7156
vn 0.6416 0.4200 0.6419
vn -0.4524 0.4992 0.7390
vn -0.4396 0.5110 0.7387
vn -0.4398 0.4890 0.7533
vn -0.3667 0.3351 0.8679
vn -0.3543 0.2967 0.8868
vn -0.3646 0.5033 0.7834
vn -0.3438 0.4820 0.8059
vn -0.3310 0.3948 0.8571
vn -0.3097 0.4871 0.8166
vn -0.3223 0.4251 0.8458
vn -0.1453 0.5617 0.8145
vn -0.6673 0.4053 0.6248
vn -0.1713 0.4995 0.8492
vn -0.7326 0.2971 0.6124
vn -0.2275 0.4324 0.8725
vn -0.7120 0.2678 0.6492
vn -0.2643 0.4479 0.8541
vn -0.6588 0.2637 0.7046
vn -0.8280 -0.3993 -0.3936
vn -0.8314 -0.3530 -0.4292
vn -0.9926 -0.1009 -0.0678
vn -0.9868 -0.1612 -0.0136
vn -0.2542 0.4595 0.8510
vn -0.6022 0.2676 0.7521
vn -0.0173 -0.8741 -0.4854
vn -0.3014 -0.7971 -0.5233
vn -0.1648 -0.9640 -0.2087
vn 0.1429 -0.9841 -0.1054
vn 0.0275 -0.8401 -0.5418
vn -0.2266 -0.7962 -0.5611
vn -0.7854 -0.0636 0.6157
vn 0.6136 -0.5728 0.5435
vn 0.3442 -0.6107 0.7132
vn -0.7941 -0.5558 0.2462
vn -0.0117 -0.8107 -0.5853
vn -0.1970 -0.8051 -0.5594
vn 0.3595 -0.7119 0.6033
vn -0.5898 -0.7892 -0.1714
vn 0.7285 -0.2829 0.6239
vn -0.1111 -0.8072 0.5797
vn -0.9137 -0.3468 -0.2121
vn -0.9718 -0.0803 0.2216
vn -0.9365 -0.0825 0.3409
vn -0.9225 -0.3742 -0.0944
vn -0.9879 -0.1449 -0.0549
vn -0.9979 -0.0632 -0.0133
vn -0.9286 -0.2311 -0.2902
vn -0.8736 -0.3539 -0.3341
vn -0.8607 -0.4007 -0.3140
vn -0.9865 -0.1298 0.0994
vn -0.8422 -0.4245 -0.3324
vn -0.9594 -0.2649 -0.0967
vn -0.8424 -0.4358 -0.3169
vn -0.9419 -0.3182 -0.1071
vn -0.8243 -0.5092 -0.2474
vn -0.9273 -0.3585 -0.1079
vn -0.9073 -0.3504 -0.2324
vn -0.8416 -0.4939 -0.2187
vn -0.8135 -0.4523 -0.3655
vn -0.9323 -0.2832 -0.2248
vn -0.8065 -0.4665 -0.3632
vn -0.9638 -0.2306 -0.1340
vn -0.9937 -0.0319 0.1076
vn -0.9982 -0.0002 0.0592
vn -0.9893 -0.1252 0.0749
vn -0.9948 -0.0547 0.0855
vn -0.9800 -0.1867 0.0695
vn -0.9871 -0.1414 0.0747
vn -0.9716 -0.2272 0.0662
vn -0.6275 -0.6431 0.4389
vn -0.9710 -0.2353 0.0428
vn -0.9806 -0.1879 0.0560
vn -0.9964 -0.0849 0.0027
vn -0.8487 -0.5065 -0.1523
vn -0.8050 -0.4849 -0.3417
vn -0.9912 -0.1194 -0.0571
vn -0.9875 -0.1577 -0.0022
vn -0.9949 -0.0664 0.0757
vn -0.9731 -0.2232 -0.0571
vn -0.9523 -0.2807 -0.1201
vn -0.5760 -0.4266 -0.6973
vn -0.5772 -0.4211 -0.6997
vn -0.5611 -0.4065 -0.7211
vn -0.5766 -0.3987 -0.7131
vn -0.5473 -0.4113 -0.7289
vn -0.5570 -0.3973 -0.7293
vn -0.5314 -0.4172 -0.7373
vn -0.5395 -0.4075 -0.7368
vn -0.5615 -0.3940 -0.7277
vn -0.5567 -0.4230 -0.7149
vn -0.4031 -0.4787 -0.7800
vn -0.4277 -0.6122 -0.6650
vn -0.4278 -0.4489 -0.7846
vn -0.4774 -0.4371 -0.7623
vn -0.5234 -0.4224 -0.7400
vn -0.4643 -0.6078 -0.6442
vn -0.5247 -0.4241 -0.7382
vn -0.5268 -0.4237 -0.7369
vn -0.4286 -0.4251 -0.7973
vn -0.4688 -0.4277 -0.7728
vn -0.4530 -0.3776 -0.8076
vn -0.4888 -0.3914 -0.7797
vn -0.5209 -0.4001 -0.7540
vn -0.5065 -0.4262 -0.7495
vn 0.5752 0.4825 0.6605
vn 0.6290 0.4410 0.6402
vn 0.4700 0.5349 0.7021
vn 0.5041 0.4816 0.7169
vn -0.4770 -0.3529 -0.8049
vn -0.5105 -0.3724 -0.7751
vn -0.5401 -0.3861 -0.7478
vn 0.4316 0.5408 0.7220
vn 0.4318 0.4606 0.7755
vn 0.6269 0.3018 0.7183
vn 0.6422 0.3550 0.6794
vn 0.5150 0.3789 0.7689
vn 0.4939 0.3167 0.8098
vn 0.5049 -0.4148 0.7569
vn 0.6277 -0.4108 0.6613
vn 0.4990 -0.4444 0.7440
vn 0.5356 -0.3925 0.7478
vn 0.5108 0.1884 0.8388
vn 0.4568 -0.0146 0.8895
vn 0.4345 0.1197 0.8927
vn 0.6815 -0.0213 0.7315
vn 0.6476 -0.4745 0.5962
vn 0.4471 0.2335 0.8635
vn 0.5960 0.2819 0.7519
vn 0.4606 0.3463 0.8173
vn 0.2663 0.1605 0.9504
vn 0.3376 0.2372 0.9109
vn 0.4261 0.1973 0.8829
vn 0.5469 0.2178 0.8084
vn 0.4985 0.2238 0.8375
vn 0.3966 0.3195 0.8606
vn 0.4016 0.2819 0.8713
vn 0.4876 0.2969 0.8210
vn 0.9976 -0.0188 0.0666
vn 0.0907 -0.4555 0.8856
# 3597 vertex normals

vt 0.0000 0.0000 0.0000
# 1 texture coords

o Object002
g Object002
usemtl 09___Default
s 1
f 1/1/1 2/1/2 3/1/3 4/1/4 
f 5/1/5 3/1/3 2/1/2 6/1/6 
f 7/1/7 8/1/8 3/1/3 5/1/5 
f 4/1/4 3/1/3 8/1/8 9/1/9 
f 10/1/10 11/1/11 12/1/12 13/1/13 
f 5/1/5 12/1/12 11/1/11 7/1/7 
f 6/1/6 14/1/14 12/1/12 5/1/5 
f 13/1/13 12/1/12 14/1/14 15/1/15 
f 16/1/16 17/1/17 18/1/18 19/1/19 
f 18/1/18 17/1/17 20/1/20 
f 15/1/15 14/1/14 18/1/18 21/1/21 
f 19/1/19 18/1/18 14/1/14 6/1/6 
f 22/1/22 23/1/23 24/1/24 25/1/25 
f 16/1/16 19/1/19 23/1/23 22/1/22 
f 6/1/6 2/1/2 23/1/23 19/1/19 
f 24/1/24 23/1/23 2/1/2 1/1/1 
f 26/1/26 27/1/27 28/1/28 29/1/29 
f 30/1/30 28/1/28 27/1/27 31/1/31 
f 32/1/32 33/1/33 28/1/28 30/1/30 
f 29/1/29 28/1/28 33/1/33 34/1/34 
f 25/1/25 35/1/35 36/1/36 22/1/22 
f 30/1/30 36/1/36 35/1/35 32/1/32 
f 31/1/31 37/1/37 36/1/36 30/1/30 
f 22/1/22 36/1/36 37/1/37 16/1/16 
f 38/1/38 39/1/39 40/1/40 
f 38/1/38 41/1/41 42/1/42 
f 43/1/43 44/1/44 38/1/38 45/1/45 
f 44/1/44 46/1/46 39/1/39 
f 47/1/47 48/1/48 49/1/49 50/1/50 
f 51/1/51 49/1/49 48/1/48 52/1/52 
f 53/1/53 54/1/54 49/1/49 51/1/51 
f 54/1/54 55/1/55 50/1/50 
f 56/1/56 57/1/57 58/1/58 59/1/59 
f 60/1/60 58/1/58 57/1/57 61/1/61 
f 45/1/45 58/1/58 60/1/60 43/1/43 
f 59/1/59 58/1/58 45/1/45 42/1/42 
f 59/1/59 62/1/62 63/1/63 56/1/56 
f 42/1/42 64/1/64 62/1/62 59/1/59 
f 56/1/56 63/1/63 65/1/65 66/1/66 
f 67/1/67 68/1/68 69/1/69 70/1/70 
f 40/1/40 39/1/39 69/1/69 
f 71/1/71 69/1/69 39/1/39 46/1/46 
f 70/1/70 69/1/69 71/1/71 72/1/72 
f 67/1/67 73/1/73 74/1/74 68/1/68 
f 75/1/75 40/1/40 68/1/68 
f 40/1/40 75/1/75 76/1/76 41/1/41 
f 41/1/41 76/1/76 64/1/64 42/1/42 
f 77/1/77 78/1/78 79/1/79 80/1/80 
f 81/1/81 79/1/79 78/1/78 82/1/82 
f 83/1/83 84/1/84 79/1/79 81/1/81 
f 80/1/80 79/1/79 84/1/84 85/1/85 
f 86/1/86 87/1/87 88/1/88 89/1/89 
f 90/1/90 88/1/88 87/1/87 91/1/91 
f 90/1/90 85/1/85 92/1/92 88/1/88 
f 92/1/92 93/1/93 89/1/89 88/1/88 
f 94/1/94 95/1/95 96/1/96 97/1/97 
f 92/1/92 96/1/96 95/1/95 93/1/93 
f 85/1/85 84/1/84 96/1/96 92/1/92 
f 97/1/97 96/1/96 84/1/84 83/1/83 
f 98/1/98 99/1/99 100/1/100 101/1/101 
f 81/1/81 100/1/100 99/1/99 83/1/83 
f 82/1/82 102/1/102 100/1/100 81/1/81 
f 101/1/101 100/1/100 102/1/102 103/1/103 
f 104/1/104 105/1/105 106/1/106 107/1/107 
f 108/1/108 106/1/106 105/1/105 109/1/109 
f 110/1/110 111/1/111 106/1/106 108/1/108 
f 107/1/107 106/1/106 111/1/111 112/1/112 
f 20/1/20 113/1/113 114/1/114 21/1/21 
f 115/1/115 114/1/114 113/1/113 116/1/116 
f 117/1/117 118/1/118 114/1/114 115/1/115 
f 21/1/21 114/1/114 118/1/118 15/1/15 
f 119/1/119 120/1/120 121/1/121 122/1/122 
f 120/1/120 123/1/123 124/1/124 
f 117/1/117 115/1/115 121/1/121 124/1/124 
f 122/1/122 121/1/121 115/1/115 116/1/116 
f 118/1/118 117/1/117 125/1/125 126/1/126 
f 127/1/127 126/1/126 125/1/125 128/1/128 
f 10/1/10 13/1/13 126/1/126 127/1/127 
f 118/1/118 126/1/126 13/1/13 15/1/15 
f 129/1/129 124/1/124 123/1/123 
f 130/1/130 129/1/129 131/1/131 132/1/132 
f 128/1/128 125/1/125 129/1/129 130/1/130 
f 125/1/125 117/1/117 124/1/124 129/1/129 
f 16/1/16 37/1/37 133/1/133 17/1/17 
f 134/1/134 133/1/133 37/1/37 31/1/31 
f 135/1/135 136/1/136 133/1/133 134/1/134 
f 136/1/136 20/1/20 17/1/17 
f 20/1/20 136/1/136 137/1/137 113/1/113 
f 138/1/138 137/1/137 136/1/136 135/1/135 
f 139/1/139 140/1/140 137/1/137 138/1/138 
f 113/1/113 137/1/137 140/1/140 116/1/116 
f 141/1/141 122/1/122 116/1/116 
f 142/1/142 141/1/141 140/1/140 139/1/139 
f 143/1/143 144/1/144 141/1/141 142/1/142 
f 144/1/144 119/1/119 122/1/122 
f 31/1/31 27/1/27 145/1/145 134/1/134 
f 146/1/146 145/1/145 27/1/27 26/1/26 
f 147/1/147 148/1/148 145/1/145 146/1/146 
f 134/1/134 145/1/145 148/1/148 135/1/135 
f 149/1/149 150/1/150 151/1/151 152/1/152 
f 153/1/153 151/1/151 150/1/150 154/1/154 
f 155/1/155 156/1/156 151/1/151 153/1/153 
f 152/1/152 151/1/151 156/1/156 157/1/157 
f 158/1/158 159/1/159 160/1/160 
f 153/1/153 161/1/161 160/1/160 155/1/155 
f 153/1/153 154/1/154 162/1/162 161/1/161 
f 163/1/163 158/1/158 161/1/161 162/1/162 
f 164/1/164 165/1/165 166/1/166 
f 167/1/167 164/1/164 168/1/168 169/1/169 
f 170/1/170 171/1/171 164/1/164 167/1/167 
f 165/1/165 164/1/164 171/1/171 149/1/149 
f 172/1/172 173/1/173 95/1/95 94/1/94 
f 172/1/172 174/1/174 175/1/175 
f 173/1/173 175/1/175 176/1/176 
f 95/1/95 173/1/173 177/1/177 93/1/93 
f 178/1/178 179/1/179 180/1/180 181/1/181 
f 182/1/182 180/1/180 179/1/179 183/1/183 
f 184/1/184 180/1/180 182/1/182 185/1/185 
f 186/1/186 181/1/181 180/1/180 184/1/184 
f 183/1/183 187/1/187 188/1/188 182/1/182 
f 189/1/189 188/1/188 187/1/187 190/1/190 
f 191/1/191 192/1/192 188/1/188 189/1/189 
f 182/1/182 188/1/188 192/1/192 185/1/185 
f 193/1/193 194/1/194 195/1/195 196/1/196 
f 197/1/197 195/1/195 194/1/194 198/1/198 
f 199/1/199 200/1/200 195/1/195 197/1/197 
f 196/1/196 195/1/195 200/1/200 201/1/201 
f 202/1/202 203/1/203 204/1/204 205/1/205 
f 196/1/196 204/1/204 203/1/203 193/1/193 
f 201/1/201 206/1/206 204/1/204 196/1/196 
f 205/1/205 204/1/204 206/1/206 207/1/207 
f 208/1/208 209/1/209 210/1/210 211/1/211 
f 212/1/212 213/1/213 211/1/211 210/1/210 
f 205/1/205 211/1/211 213/1/213 202/1/202 
f 205/1/205 207/1/207 208/1/208 211/1/211 
f 174/1/174 214/1/214 215/1/215 175/1/175 
f 216/1/216 215/1/215 214/1/214 217/1/217 
f 218/1/218 219/1/219 215/1/215 216/1/216 
f 219/1/219 176/1/176 175/1/175 
f 220/1/220 221/1/221 222/1/222 223/1/223 
f 216/1/216 222/1/222 221/1/221 218/1/218 
f 217/1/217 224/1/224 222/1/222 216/1/216 
f 223/1/223 222/1/222 224/1/224 225/1/225 
f 226/1/226 227/1/227 228/1/228 229/1/229 
f 230/1/230 228/1/228 227/1/227 231/1/231 
f 109/1/109 105/1/105 228/1/228 230/1/230 
f 229/1/229 228/1/228 105/1/105 104/1/104 
f 231/1/231 232/1/232 233/1/233 230/1/230 
f 234/1/234 233/1/233 232/1/232 235/1/235 
f 236/1/236 237/1/237 233/1/233 234/1/234 
f 230/1/230 233/1/233 237/1/237 109/1/109 
f 235/1/235 238/1/238 239/1/239 234/1/234 
f 240/1/240 239/1/239 238/1/238 241/1/241 
f 242/1/242 243/1/243 239/1/239 240/1/240 
f 234/1/234 239/1/239 243/1/243 236/1/236 
f 241/1/241 244/1/244 245/1/245 240/1/240 
f 246/1/246 245/1/245 244/1/244 247/1/247 
f 248/1/248 249/1/249 245/1/245 246/1/246 
f 240/1/240 245/1/245 249/1/249 242/1/242 
f 250/1/250 251/1/251 252/1/252 
f 253/1/253 254/1/254 250/1/250 
f 255/1/255 250/1/250 254/1/254 256/1/256 
f 255/1/255 257/1/257 251/1/251 
f 258/1/258 259/1/259 260/1/260 261/1/261 
f 262/1/262 260/1/260 259/1/259 263/1/263 
f 264/1/264 265/1/265 260/1/260 262/1/262 
f 261/1/261 260/1/260 265/1/265 266/1/266 
f 267/1/267 268/1/268 269/1/269 270/1/270 
f 271/1/271 269/1/269 268/1/268 272/1/272 
f 273/1/273 274/1/274 269/1/269 271/1/271 
f 270/1/270 269/1/269 274/1/274 275/1/275 
f 276/1/276 277/1/277 278/1/278 279/1/279 
f 280/1/280 278/1/278 277/1/277 281/1/281 
f 282/1/282 283/1/283 278/1/278 280/1/280 
f 279/1/279 278/1/278 283/1/283 284/1/284 
f 285/1/285 286/1/286 287/1/287 288/1/288 
f 289/1/289 287/1/287 286/1/286 290/1/290 
f 272/1/272 268/1/268 287/1/287 289/1/289 
f 288/1/288 287/1/287 268/1/268 267/1/267 
f 291/1/291 292/1/292 293/1/293 294/1/294 
f 295/1/295 293/1/293 292/1/292 296/1/296 
f 297/1/297 293/1/293 295/1/295 298/1/298 
f 294/1/294 293/1/293 297/1/297 163/1/163 
f 190/1/190 299/1/299 300/1/300 189/1/189 
f 301/1/301 300/1/300 299/1/299 302/1/302 
f 303/1/303 300/1/300 301/1/301 304/1/304 
f 189/1/189 300/1/300 303/1/303 191/1/191 
f 305/1/305 306/1/306 307/1/307 308/1/308 
f 309/1/309 307/1/307 306/1/306 310/1/310 
f 307/1/307 309/1/309 220/1/220 
f 223/1/223 225/1/225 308/1/308 
f 311/1/311 312/1/312 313/1/313 314/1/314 
f 270/1/270 313/1/313 312/1/312 267/1/267 
f 275/1/275 315/1/315 313/1/313 270/1/270 
f 314/1/314 313/1/313 315/1/315 316/1/316 
f 317/1/317 318/1/318 319/1/319 320/1/320 
f 321/1/321 319/1/319 318/1/318 322/1/322 
f 132/1/132 131/1/131 319/1/319 321/1/321 
f 320/1/320 319/1/319 131/1/131 123/1/123 
f 231/1/231 227/1/227 323/1/323 324/1/324 
f 325/1/325 323/1/323 227/1/227 226/1/226 
f 322/1/322 318/1/318 323/1/323 325/1/325 
f 324/1/324 323/1/323 318/1/318 317/1/317 
f 326/1/326 327/1/327 328/1/328 329/1/329 
f 320/1/320 328/1/328 327/1/327 317/1/317 
f 123/1/123 120/1/120 328/1/328 320/1/320 
f 329/1/329 328/1/328 120/1/120 119/1/119 
f 235/1/235 232/1/232 330/1/330 331/1/331 
f 324/1/324 330/1/330 232/1/232 231/1/231 
f 317/1/317 327/1/327 330/1/330 324/1/324 
f 331/1/331 330/1/330 327/1/327 326/1/326 
f 332/1/332 333/1/333 334/1/334 
f 329/1/329 332/1/332 335/1/335 326/1/326 
f 119/1/119 144/1/144 332/1/332 329/1/329 
f 333/1/333 332/1/332 144/1/144 143/1/143 
f 241/1/241 238/1/238 336/1/336 337/1/337 
f 331/1/331 336/1/336 238/1/238 235/1/235 
f 326/1/326 335/1/335 336/1/336 331/1/331 
f 337/1/337 336/1/336 335/1/335 334/1/334 
f 338/1/338 339/1/339 340/1/340 341/1/341 
f 333/1/333 340/1/340 339/1/339 334/1/334 
f 143/1/143 342/1/342 340/1/340 333/1/333 
f 341/1/341 340/1/340 342/1/342 343/1/343 
f 247/1/247 244/1/244 344/1/344 345/1/345 
f 337/1/337 344/1/344 244/1/244 241/1/241 
f 334/1/334 339/1/339 344/1/344 337/1/337 
f 345/1/345 344/1/344 339/1/339 338/1/338 
f 346/1/346 347/1/347 348/1/348 349/1/349 
f 350/1/350 348/1/348 347/1/347 351/1/351 
f 298/1/298 295/1/295 348/1/348 350/1/350 
f 349/1/349 348/1/348 295/1/295 296/1/296 
f 256/1/256 254/1/254 352/1/352 353/1/353 
f 254/1/254 253/1/253 354/1/354 
f 351/1/351 347/1/347 352/1/352 354/1/354 
f 353/1/353 352/1/352 347/1/347 346/1/346 
f 209/1/209 355/1/355 356/1/356 210/1/210 
f 357/1/357 356/1/356 355/1/355 358/1/358 
f 359/1/359 360/1/360 356/1/356 357/1/357 
f 210/1/210 356/1/356 360/1/360 212/1/212 
f 361/1/361 362/1/362 259/1/259 258/1/258 
f 357/1/357 362/1/362 361/1/361 359/1/359 
f 358/1/358 363/1/363 362/1/362 357/1/357 
f 259/1/259 362/1/362 363/1/363 263/1/263 
f 364/1/364 306/1/306 305/1/305 
f 314/1/314 364/1/364 365/1/365 311/1/311 
f 316/1/316 366/1/366 364/1/364 314/1/314 
f 306/1/306 364/1/364 366/1/366 310/1/310 
f 267/1/267 312/1/312 367/1/367 288/1/288 
f 368/1/368 367/1/367 312/1/312 311/1/311 
f 369/1/369 370/1/370 367/1/367 368/1/368 
f 288/1/288 367/1/367 370/1/370 285/1/285 
f 371/1/371 372/1/372 373/1/373 374/1/374 
f 375/1/375 373/1/373 372/1/372 376/1/376 
f 377/1/377 378/1/378 373/1/373 375/1/375 
f 374/1/374 373/1/373 378/1/378 379/1/379 
f 380/1/380 381/1/381 382/1/382 383/1/383 
f 384/1/384 382/1/382 381/1/381 385/1/385 
f 386/1/386 387/1/387 382/1/382 384/1/384 
f 383/1/383 382/1/382 387/1/387 388/1/388 
f 389/1/389 390/1/390 391/1/391 392/1/392 
f 393/1/393 391/1/391 390/1/390 394/1/394 
f 385/1/385 381/1/381 391/1/391 393/1/393 
f 392/1/392 391/1/391 381/1/381 380/1/380 
f 379/1/379 395/1/395 396/1/396 374/1/374 
f 397/1/397 396/1/396 395/1/395 398/1/398 
f 399/1/399 400/1/400 396/1/396 397/1/397 
f 374/1/374 396/1/396 400/1/400 371/1/371 
f 379/1/379 378/1/378 401/1/401 402/1/402 
f 403/1/403 401/1/401 378/1/378 377/1/377 
f 404/1/404 405/1/405 401/1/401 403/1/403 
f 405/1/405 406/1/406 402/1/402 
f 407/1/407 408/1/408 386/1/386 
f 409/1/409 407/1/407 410/1/410 411/1/411 
f 409/1/409 404/1/404 403/1/403 407/1/407 
f 408/1/408 407/1/407 403/1/403 377/1/377 
f 385/1/385 412/1/412 413/1/413 384/1/384 
f 414/1/414 413/1/413 412/1/412 415/1/415 
f 411/1/411 410/1/410 413/1/413 414/1/414 
f 384/1/384 413/1/413 410/1/410 386/1/386 
f 394/1/394 416/1/416 417/1/417 393/1/393 
f 418/1/418 417/1/417 416/1/416 419/1/419 
f 415/1/415 412/1/412 417/1/417 418/1/418 
f 393/1/393 417/1/417 412/1/412 385/1/385 
f 394/1/394 420/1/420 421/1/421 416/1/416 
f 422/1/422 421/1/421 420/1/420 398/1/398 
f 423/1/423 424/1/424 421/1/421 422/1/422 
f 416/1/416 421/1/421 424/1/424 419/1/419 
f 406/1/406 425/1/425 426/1/426 402/1/402 
f 425/1/425 423/1/423 422/1/422 
f 398/1/398 395/1/395 426/1/426 422/1/422 
f 402/1/402 426/1/426 395/1/395 379/1/379 
f 406/1/406 405/1/405 427/1/427 428/1/428 
f 429/1/429 427/1/427 405/1/405 404/1/404 
f 430/1/430 431/1/431 427/1/427 429/1/429 
f 428/1/428 427/1/427 431/1/431 432/1/432 
f 404/1/404 409/1/409 433/1/433 429/1/429 
f 409/1/409 411/1/411 434/1/434 433/1/433 
f 435/1/435 436/1/436 433/1/433 434/1/434 
f 429/1/429 433/1/433 436/1/436 430/1/430 
f 415/1/415 437/1/437 438/1/438 414/1/414 
f 439/1/439 438/1/438 437/1/437 440/1/440 
f 435/1/435 434/1/434 438/1/438 439/1/439 
f 414/1/414 438/1/438 434/1/434 411/1/411 
f 419/1/419 441/1/441 442/1/442 418/1/418 
f 443/1/443 442/1/442 441/1/441 444/1/444 
f 442/1/442 443/1/443 440/1/440 
f 418/1/418 442/1/442 437/1/437 415/1/415 
f 445/1/445 446/1/446 424/1/424 423/1/423 
f 447/1/447 448/1/448 446/1/446 445/1/445 
f 444/1/444 441/1/441 446/1/446 448/1/448 
f 424/1/424 446/1/446 441/1/441 419/1/419 
f 432/1/432 449/1/449 450/1/450 428/1/428 
f 445/1/445 450/1/450 449/1/449 447/1/447 
f 423/1/423 425/1/425 450/1/450 445/1/445 
f 425/1/425 406/1/406 428/1/428 
f 451/1/451 452/1/452 453/1/453 454/1/454 
f 455/1/455 456/1/456 453/1/453 452/1/452 
f 457/1/457 458/1/458 453/1/453 456/1/456 
f 454/1/454 453/1/453 458/1/458 459/1/459 
f 460/1/460 461/1/461 462/1/462 
f 463/1/463 460/1/460 464/1/464 465/1/465 
f 451/1/451 466/1/466 460/1/460 463/1/463 
f 461/1/461 460/1/460 466/1/466 467/1/467 
f 468/1/468 469/1/469 470/1/470 471/1/471 
f 469/1/469 472/1/472 473/1/473 470/1/470 
f 465/1/465 464/1/464 470/1/470 473/1/473 
f 471/1/471 470/1/470 464/1/464 462/1/462 
f 468/1/468 474/1/474 475/1/475 469/1/469 
f 476/1/476 475/1/475 474/1/474 477/1/477 
f 478/1/478 479/1/479 475/1/475 476/1/476 
f 469/1/469 475/1/475 479/1/479 472/1/472 
f 477/1/477 480/1/480 481/1/481 476/1/476 
f 482/1/482 481/1/481 480/1/480 483/1/483 
f 484/1/484 485/1/485 481/1/481 482/1/482 
f 476/1/476 481/1/481 485/1/485 478/1/478 
f 486/1/486 487/1/487 488/1/488 
f 489/1/489 486/1/486 490/1/490 459/1/459 
f 482/1/482 486/1/486 489/1/489 484/1/484 
f 486/1/486 482/1/482 483/1/483 487/1/487 
f 459/1/459 490/1/490 491/1/491 454/1/454 
f 488/1/488 492/1/492 491/1/491 490/1/490 
f 491/1/491 492/1/492 467/1/467 
f 454/1/454 491/1/491 466/1/466 451/1/451 
f 430/1/430 436/1/436 493/1/493 494/1/494 
f 495/1/495 493/1/493 436/1/436 435/1/435 
f 496/1/496 493/1/493 495/1/495 497/1/497 
f 494/1/494 493/1/493 496/1/496 498/1/498 
f 497/1/497 495/1/495 499/1/499 500/1/500 
f 439/1/439 499/1/499 495/1/495 435/1/435 
f 440/1/440 501/1/501 499/1/499 439/1/439 
f 500/1/500 499/1/499 501/1/501 502/1/502 
f 444/1/444 503/1/503 504/1/504 443/1/443 
f 505/1/505 504/1/504 503/1/503 506/1/506 
f 502/1/502 501/1/501 504/1/504 505/1/505 
f 443/1/443 504/1/504 501/1/501 440/1/440 
f 447/1/447 507/1/507 508/1/508 448/1/448 
f 509/1/509 508/1/508 507/1/507 510/1/510 
f 506/1/506 503/1/503 508/1/508 509/1/509 
f 448/1/448 508/1/508 503/1/503 444/1/444 
f 447/1/447 449/1/449 511/1/511 507/1/507 
f 512/1/512 511/1/511 449/1/449 432/1/432 
f 513/1/513 514/1/514 511/1/511 512/1/512 
f 514/1/514 510/1/510 507/1/507 511/1/511 
f 498/1/498 515/1/515 516/1/516 494/1/494 
f 515/1/515 513/1/513 512/1/512 
f 432/1/432 431/1/431 516/1/516 512/1/512 
f 494/1/494 516/1/516 431/1/431 430/1/430 
f 497/1/497 517/1/517 518/1/518 496/1/496 
f 519/1/519 518/1/518 517/1/517 520/1/520 
f 518/1/518 519/1/519 521/1/521 
f 498/1/498 496/1/496 518/1/518 522/1/522 
f 462/1/462 523/1/523 524/1/524 471/1/471 
f 525/1/525 524/1/524 523/1/523 526/1/526 
f 527/1/527 528/1/528 524/1/524 525/1/525 
f 471/1/471 524/1/524 528/1/528 468/1/468 
f 529/1/529 530/1/530 531/1/531 532/1/532 
f 533/1/533 531/1/531 530/1/530 534/1/534 
f 531/1/531 533/1/533 527/1/527 
f 532/1/532 531/1/531 535/1/535 520/1/520 
f 502/1/502 536/1/536 537/1/537 500/1/500 
f 532/1/532 537/1/537 536/1/536 529/1/529 
f 520/1/520 517/1/517 537/1/537 532/1/532 
f 500/1/500 537/1/537 517/1/517 497/1/497 
f 533/1/533 538/1/538 528/1/528 527/1/527 
f 539/1/539 538/1/538 533/1/533 534/1/534 
f 474/1/474 538/1/538 539/1/539 477/1/477 
f 468/1/468 528/1/528 538/1/538 474/1/474 
f 506/1/506 540/1/540 541/1/541 505/1/505 
f 542/1/542 541/1/541 540/1/540 543/1/543 
f 529/1/529 536/1/536 541/1/541 542/1/542 
f 505/1/505 541/1/541 536/1/536 502/1/502 
f 510/1/510 544/1/544 545/1/545 509/1/509 
f 546/1/546 545/1/545 544/1/544 547/1/547 
f 543/1/543 540/1/540 545/1/545 546/1/546 
f 509/1/509 545/1/545 540/1/540 506/1/506 
f 525/1/525 526/1/526 548/1/548 
f 548/1/548 521/1/521 519/1/519 
f 549/1/549 519/1/519 520/1/520 
f 535/1/535 527/1/527 525/1/525 
f 550/1/550 551/1/551 552/1/552 553/1/553 
f 480/1/480 552/1/552 551/1/551 483/1/483 
f 477/1/477 539/1/539 552/1/552 480/1/480 
f 553/1/553 552/1/552 539/1/539 534/1/534 
f 554/1/554 555/1/555 556/1/556 
f 557/1/557 558/1/558 559/1/559 
f 550/1/550 560/1/560 554/1/554 559/1/559 
f 555/1/555 554/1/554 560/1/560 561/1/561 
f 562/1/562 559/1/559 558/1/558 
f 487/1/487 562/1/562 563/1/563 488/1/488 
f 483/1/483 551/1/551 562/1/562 487/1/487 
f 559/1/559 562/1/562 551/1/551 550/1/550 
f 564/1/564 565/1/565 563/1/563 558/1/558 
f 566/1/566 565/1/565 564/1/564 567/1/567 
f 467/1/467 492/1/492 565/1/565 566/1/566 
f 492/1/492 488/1/488 563/1/563 
f 467/1/467 566/1/566 568/1/568 461/1/461 
f 569/1/569 568/1/568 566/1/566 567/1/567 
f 526/1/526 523/1/523 568/1/568 569/1/569 
f 523/1/523 462/1/462 461/1/461 
f 567/1/567 570/1/570 571/1/571 569/1/569 
f 572/1/572 571/1/571 570/1/570 573/1/573 
f 574/1/574 575/1/575 571/1/571 572/1/572 
f 569/1/569 571/1/571 575/1/575 526/1/526 
f 576/1/576 572/1/572 573/1/573 
f 577/1/577 576/1/576 578/1/578 579/1/579 
f 580/1/580 581/1/581 576/1/576 577/1/577 
f 572/1/572 576/1/576 581/1/581 574/1/574 
f 582/1/582 583/1/583 584/1/584 585/1/585 
f 586/1/586 587/1/587 584/1/584 583/1/583 
f 584/1/584 587/1/587 588/1/588 
f 586/1/586 583/1/583 589/1/589 590/1/590 
f 591/1/591 589/1/589 583/1/583 582/1/582 
f 579/1/579 578/1/578 589/1/589 591/1/591 
f 590/1/590 589/1/589 578/1/578 573/1/573 
f 592/1/592 593/1/593 594/1/594 595/1/595 
f 596/1/596 594/1/594 593/1/593 597/1/597 
f 594/1/594 596/1/596 598/1/598 
f 599/1/599 600/1/600 595/1/595 
f 601/1/601 602/1/602 603/1/603 604/1/604 
f 597/1/597 593/1/593 602/1/602 601/1/601 
f 605/1/605 602/1/602 593/1/593 592/1/592 
f 603/1/603 602/1/602 605/1/605 588/1/588 
f 604/1/604 606/1/606 607/1/607 601/1/601 
f 608/1/608 607/1/607 606/1/606 609/1/609 
f 610/1/610 611/1/611 607/1/607 608/1/608 
f 601/1/601 607/1/607 611/1/611 597/1/597 
f 612/1/612 613/1/613 614/1/614 615/1/615 
f 613/1/613 558/1/558 557/1/557 
f 556/1/556 616/1/616 614/1/614 557/1/557 
f 615/1/615 614/1/614 616/1/616 617/1/617 
f 618/1/618 619/1/619 620/1/620 
f 621/1/621 567/1/567 564/1/564 
f 558/1/558 613/1/613 618/1/618 564/1/564 
f 613/1/613 612/1/612 619/1/619 
f 622/1/622 620/1/620 619/1/619 
f 612/1/612 623/1/623 624/1/624 619/1/619 
f 625/1/625 622/1/622 624/1/624 623/1/623 
f 626/1/626 621/1/621 620/1/620 
f 590/1/590 626/1/626 627/1/627 586/1/586 
f 573/1/573 570/1/570 626/1/626 590/1/590 
f 570/1/570 567/1/567 621/1/621 
f 628/1/628 587/1/587 586/1/586 
f 629/1/629 628/1/628 627/1/627 620/1/620 
f 629/1/629 630/1/630 631/1/631 
f 631/1/631 588/1/588 587/1/587 
f 629/1/629 632/1/632 633/1/633 630/1/630 
f 622/1/622 632/1/632 629/1/629 620/1/620 
f 625/1/625 634/1/634 632/1/632 622/1/622 
f 633/1/633 632/1/632 634/1/634 635/1/635 
f 630/1/630 636/1/636 637/1/637 631/1/631 
f 636/1/636 638/1/638 639/1/639 
f 604/1/604 603/1/603 637/1/637 639/1/639 
f 631/1/631 637/1/637 603/1/603 588/1/588 
f 640/1/640 641/1/641 642/1/642 643/1/643 
f 644/1/644 642/1/642 641/1/641 645/1/645 
f 638/1/638 636/1/636 642/1/642 644/1/644 
f 643/1/643 642/1/642 636/1/636 630/1/630 
f 646/1/646 647/1/647 648/1/648 649/1/649 
f 650/1/650 651/1/651 648/1/648 647/1/647 
f 652/1/652 648/1/648 651/1/651 653/1/653 
f 652/1/652 609/1/609 649/1/649 
f 654/1/654 639/1/639 638/1/638 
f 646/1/646 649/1/649 654/1/654 655/1/655 
f 654/1/654 649/1/649 609/1/609 
f 639/1/639 654/1/654 606/1/606 604/1/604 
f 650/1/650 656/1/656 657/1/657 651/1/651 
f 658/1/658 659/1/659 657/1/657 656/1/656 
f 660/1/660 657/1/657 659/1/659 635/1/635 
f 653/1/653 651/1/651 657/1/657 660/1/660 
f 661/1/661 662/1/662 663/1/663 664/1/664 
f 655/1/655 663/1/663 662/1/662 646/1/646 
f 655/1/655 638/1/638 644/1/644 
f 645/1/645 664/1/664 663/1/663 644/1/644 
f 635/1/635 659/1/659 665/1/665 633/1/633 
f 666/1/666 665/1/665 659/1/659 658/1/658 
f 640/1/640 643/1/643 665/1/665 666/1/666 
f 633/1/633 665/1/665 643/1/643 630/1/630 
f 667/1/667 666/1/666 658/1/658 
f 668/1/668 661/1/661 664/1/664 667/1/667 
f 645/1/645 641/1/641 667/1/667 664/1/664 
f 641/1/641 640/1/640 666/1/666 
f 669/1/669 662/1/662 661/1/661 
f 668/1/668 658/1/658 656/1/656 
f 669/1/669 656/1/656 650/1/650 
f 647/1/647 646/1/646 662/1/662 
f 670/1/670 671/1/671 672/1/672 673/1/673 
f 97/1/97 672/1/672 671/1/671 94/1/94 
f 83/1/83 99/1/99 672/1/672 97/1/97 
f 673/1/673 672/1/672 99/1/99 98/1/98 
f 94/1/94 671/1/671 674/1/674 172/1/172 
f 675/1/675 674/1/674 671/1/671 670/1/670 
f 676/1/676 677/1/677 674/1/674 675/1/675 
f 172/1/172 674/1/674 677/1/677 174/1/174 
f 670/1/670 678/1/678 679/1/679 675/1/675 
f 680/1/680 679/1/679 678/1/678 681/1/681 
f 682/1/682 683/1/683 679/1/679 680/1/680 
f 675/1/675 679/1/679 683/1/683 676/1/676 
f 684/1/684 685/1/685 677/1/677 676/1/676 
f 686/1/686 687/1/687 685/1/685 684/1/684 
f 217/1/217 214/1/214 685/1/685 687/1/687 
f 677/1/677 685/1/685 214/1/214 174/1/174 
f 682/1/682 688/1/688 689/1/689 683/1/683 
f 690/1/690 689/1/689 688/1/688 691/1/691 
f 686/1/686 684/1/684 689/1/689 690/1/690 
f 676/1/676 683/1/683 689/1/689 684/1/684 
f 692/1/692 693/1/693 687/1/687 686/1/686 
f 693/1/693 692/1/692 694/1/694 
f 695/1/695 225/1/225 224/1/224 
f 687/1/687 693/1/693 224/1/224 217/1/217 
f 686/1/686 690/1/690 696/1/696 692/1/692 
f 691/1/691 697/1/697 696/1/696 690/1/690 
f 698/1/698 696/1/696 697/1/697 699/1/699 
f 692/1/692 696/1/696 698/1/698 694/1/694 
f 700/1/700 701/1/701 702/1/702 703/1/703 
f 368/1/368 702/1/702 701/1/701 369/1/369 
f 311/1/311 365/1/365 702/1/702 368/1/368 
f 702/1/702 365/1/365 305/1/305 
f 704/1/704 705/1/705 700/1/700 
f 703/1/703 305/1/305 308/1/308 
f 704/1/704 308/1/308 225/1/225 
f 695/1/695 694/1/694 705/1/705 
f 694/1/694 698/1/698 706/1/706 705/1/705 
f 699/1/699 707/1/707 706/1/706 698/1/698 
f 708/1/708 706/1/706 707/1/707 709/1/709 
f 700/1/700 705/1/705 706/1/706 708/1/708 
f 98/1/98 710/1/710 711/1/711 673/1/673 
f 712/1/712 711/1/711 710/1/710 713/1/713 
f 681/1/681 678/1/678 711/1/711 712/1/712 
f 673/1/673 711/1/711 678/1/678 670/1/670 
f 714/1/714 713/1/713 710/1/710 715/1/715 
f 101/1/101 715/1/715 710/1/710 98/1/98 
f 103/1/103 716/1/716 715/1/715 101/1/101 
f 714/1/714 715/1/715 716/1/716 717/1/717 
f 718/1/718 719/1/719 720/1/720 721/1/721 
f 714/1/714 719/1/719 718/1/718 713/1/713 
f 717/1/717 722/1/722 719/1/719 714/1/714 
f 722/1/722 723/1/723 720/1/720 719/1/719 
f 712/1/712 724/1/724 725/1/725 681/1/681 
f 726/1/726 724/1/724 712/1/712 713/1/713 
f 727/1/727 725/1/725 724/1/724 726/1/726 
f 721/1/721 728/1/728 729/1/729 718/1/718 
f 730/1/730 729/1/729 728/1/728 731/1/731 
f 726/1/726 729/1/729 730/1/730 727/1/727 
f 729/1/729 726/1/726 713/1/713 
f 732/1/732 733/1/733 734/1/734 735/1/735 
f 680/1/680 733/1/733 732/1/732 682/1/682 
f 681/1/681 725/1/725 733/1/733 680/1/680 
f 734/1/734 733/1/733 725/1/725 727/1/727 
f 736/1/736 737/1/737 738/1/738 739/1/739 
f 740/1/740 738/1/738 737/1/737 741/1/741 
f 731/1/731 728/1/728 738/1/738 740/1/740 
f 739/1/739 738/1/738 728/1/728 721/1/721 
f 741/1/741 737/1/737 742/1/742 743/1/743 
f 744/1/744 742/1/742 737/1/737 736/1/736 
f 7/1/7 11/1/11 742/1/742 744/1/744 
f 743/1/743 742/1/742 11/1/11 10/1/10 
f 745/1/745 746/1/746 747/1/747 748/1/748 
f 745/1/745 735/1/735 734/1/734 746/1/746 
f 727/1/727 730/1/730 746/1/746 734/1/734 
f 731/1/731 747/1/747 746/1/746 730/1/730 
f 740/1/740 749/1/749 747/1/747 731/1/731 
f 741/1/741 750/1/750 749/1/749 740/1/740 
f 748/1/748 747/1/747 749/1/749 750/1/750 
f 10/1/10 127/1/127 751/1/751 743/1/743 
f 128/1/128 752/1/752 751/1/751 127/1/127 
f 753/1/753 754/1/754 751/1/751 752/1/752 
f 743/1/743 751/1/751 754/1/754 741/1/741 
f 735/1/735 755/1/755 756/1/756 732/1/732 
f 757/1/757 756/1/756 755/1/755 758/1/758 
f 691/1/691 688/1/688 756/1/756 757/1/757 
f 732/1/732 756/1/756 688/1/688 682/1/682 
f 759/1/759 760/1/760 754/1/754 753/1/753 
f 761/1/761 760/1/760 759/1/759 762/1/762 
f 748/1/748 750/1/750 760/1/760 761/1/761 
f 754/1/754 760/1/760 750/1/750 741/1/741 
f 762/1/762 763/1/763 764/1/764 761/1/761 
f 755/1/755 764/1/764 763/1/763 758/1/758 
f 745/1/745 764/1/764 755/1/755 735/1/735 
f 761/1/761 764/1/764 745/1/745 748/1/748 
f 758/1/758 765/1/765 766/1/766 757/1/757 
f 767/1/767 766/1/766 765/1/765 768/1/768 
f 699/1/699 697/1/697 766/1/766 767/1/767 
f 757/1/757 766/1/766 697/1/697 691/1/691 
f 758/1/758 763/1/763 769/1/769 765/1/765 
f 770/1/770 769/1/769 763/1/763 762/1/762 
f 771/1/771 772/1/772 769/1/769 770/1/770 
f 765/1/765 769/1/769 772/1/772 768/1/768 
f 753/1/753 773/1/773 774/1/774 759/1/759 
f 773/1/773 775/1/775 776/1/776 774/1/774 
f 770/1/770 774/1/774 776/1/776 771/1/771 
f 759/1/759 774/1/774 770/1/770 762/1/762 
f 132/1/132 777/1/777 778/1/778 130/1/130 
f 773/1/773 778/1/778 777/1/777 775/1/775 
f 753/1/753 752/1/752 778/1/778 773/1/773 
f 130/1/130 778/1/778 752/1/752 128/1/128 
f 779/1/779 780/1/780 781/1/781 782/1/782 
f 783/1/783 781/1/781 780/1/780 784/1/784 
f 768/1/768 772/1/772 781/1/781 783/1/783 
f 782/1/782 781/1/781 772/1/772 771/1/771 
f 768/1/768 783/1/783 785/1/785 767/1/767 
f 786/1/786 785/1/785 783/1/783 784/1/784 
f 709/1/709 707/1/707 785/1/785 786/1/786 
f 767/1/767 785/1/785 707/1/707 699/1/699 
f 771/1/771 776/1/776 787/1/787 782/1/782 
f 788/1/788 787/1/787 776/1/776 775/1/775 
f 782/1/782 787/1/787 788/1/788 779/1/779 
f 709/1/709 789/1/789 790/1/790 708/1/708 
f 791/1/791 790/1/790 789/1/789 792/1/792 
f 369/1/369 701/1/701 790/1/790 791/1/791 
f 708/1/708 790/1/790 701/1/701 700/1/700 
f 322/1/322 793/1/793 794/1/794 321/1/321 
f 795/1/795 794/1/794 793/1/793 796/1/796 
f 775/1/775 777/1/777 794/1/794 795/1/795 
f 321/1/321 794/1/794 777/1/777 132/1/132 
f 786/1/786 797/1/797 789/1/789 709/1/709 
f 784/1/784 798/1/798 797/1/797 786/1/786 
f 797/1/797 798/1/798 792/1/792 
f 796/1/796 799/1/799 800/1/800 795/1/795 
f 801/1/801 800/1/800 799/1/799 802/1/802 
f 779/1/779 788/1/788 800/1/800 801/1/801 
f 795/1/795 800/1/800 788/1/788 775/1/775 
f 802/1/802 803/1/803 804/1/804 801/1/801 
f 798/1/798 804/1/804 803/1/803 792/1/792 
f 784/1/784 780/1/780 804/1/804 798/1/798 
f 801/1/801 804/1/804 780/1/780 779/1/779 
f 792/1/792 805/1/805 806/1/806 791/1/791 
f 807/1/807 806/1/806 805/1/805 808/1/808 
f 285/1/285 370/1/370 806/1/806 807/1/807 
f 791/1/791 806/1/806 370/1/370 369/1/369 
f 226/1/226 809/1/809 810/1/810 325/1/325 
f 811/1/811 810/1/810 809/1/809 812/1/812 
f 796/1/796 793/1/793 810/1/810 811/1/811 
f 325/1/325 810/1/810 793/1/793 322/1/322 
f 812/1/812 813/1/813 814/1/814 811/1/811 
f 815/1/815 814/1/814 813/1/813 816/1/816 
f 802/1/802 799/1/799 814/1/814 815/1/815 
f 811/1/811 814/1/814 799/1/799 796/1/796 
f 816/1/816 817/1/817 818/1/818 815/1/815 
f 805/1/805 818/1/818 817/1/817 808/1/808 
f 792/1/792 803/1/803 818/1/818 805/1/805 
f 815/1/815 818/1/818 803/1/803 802/1/802 
f 807/1/807 808/1/808 819/1/819 820/1/820 
f 821/1/821 822/1/822 820/1/820 819/1/819 
f 290/1/290 286/1/286 820/1/820 822/1/822 
f 807/1/807 820/1/820 286/1/286 285/1/285 
f 104/1/104 823/1/823 824/1/824 229/1/229 
f 825/1/825 824/1/824 823/1/823 826/1/826 
f 812/1/812 809/1/809 824/1/824 825/1/825 
f 229/1/229 824/1/824 809/1/809 226/1/226 
f 826/1/826 827/1/827 828/1/828 825/1/825 
f 829/1/829 828/1/828 827/1/827 830/1/830 
f 816/1/816 813/1/813 828/1/828 829/1/829 
f 825/1/825 828/1/828 813/1/813 812/1/812 
f 830/1/830 831/1/831 832/1/832 829/1/829 
f 819/1/819 832/1/832 831/1/831 821/1/821 
f 808/1/808 817/1/817 832/1/832 819/1/819 
f 829/1/829 832/1/832 817/1/817 816/1/816 
f 833/1/833 834/1/834 107/1/107 112/1/112 
f 835/1/835 834/1/834 833/1/833 836/1/836 
f 826/1/826 823/1/823 834/1/834 835/1/835 
f 107/1/107 834/1/834 823/1/823 104/1/104 
f 522/1/522 521/1/521 837/1/837 
f 838/1/838 839/1/839 837/1/837 840/1/840 
f 839/1/839 838/1/838 513/1/513 
f 515/1/515 498/1/498 522/1/522 
f 841/1/841 842/1/842 843/1/843 844/1/844 
f 845/1/845 843/1/843 842/1/842 840/1/840 
f 574/1/574 581/1/581 843/1/843 845/1/845 
f 844/1/844 843/1/843 581/1/581 580/1/580 
f 846/1/846 514/1/514 513/1/513 
f 847/1/847 846/1/846 838/1/838 840/1/840 
f 547/1/547 544/1/544 846/1/846 847/1/847 
f 514/1/514 846/1/846 544/1/544 510/1/510 
f 845/1/845 848/1/848 575/1/575 574/1/574 
f 837/1/837 848/1/848 845/1/845 840/1/840 
f 521/1/521 548/1/548 848/1/848 837/1/837 
f 575/1/575 848/1/848 548/1/548 526/1/526 
f 849/1/849 850/1/850 851/1/851 
f 852/1/852 853/1/853 854/1/854 
f 849/1/849 854/1/854 855/1/855 
f 856/1/856 840/1/840 850/1/850 
f 853/1/853 857/1/857 858/1/858 854/1/854 
f 857/1/857 859/1/859 860/1/860 
f 861/1/861 862/1/862 858/1/858 860/1/860 
f 854/1/854 858/1/858 862/1/862 855/1/855 
f 863/1/863 864/1/864 865/1/865 866/1/866 
f 867/1/867 868/1/868 865/1/865 864/1/864 
f 869/1/869 870/1/870 865/1/865 868/1/868 
f 866/1/866 865/1/865 870/1/870 871/1/871 
f 872/1/872 873/1/873 874/1/874 875/1/875 
f 876/1/876 874/1/874 873/1/873 877/1/877 
f 878/1/878 879/1/879 874/1/874 876/1/876 
f 875/1/875 874/1/874 879/1/879 880/1/880 
f 877/1/877 881/1/881 882/1/882 876/1/876 
f 883/1/883 882/1/882 881/1/881 884/1/884 
f 885/1/885 886/1/886 882/1/882 883/1/883 
f 876/1/876 882/1/882 886/1/886 878/1/878 
f 887/1/887 888/1/888 889/1/889 890/1/890 
f 891/1/891 889/1/889 888/1/888 892/1/892 
f 877/1/877 873/1/873 889/1/889 891/1/891 
f 890/1/890 889/1/889 873/1/873 872/1/872 
f 893/1/893 894/1/894 895/1/895 896/1/896 
f 897/1/897 895/1/895 894/1/894 898/1/898 
f 892/1/892 888/1/888 895/1/895 897/1/897 
f 896/1/896 895/1/895 888/1/888 887/1/887 
f 892/1/892 899/1/899 900/1/900 891/1/891 
f 901/1/901 900/1/900 899/1/899 902/1/902 
f 884/1/884 881/1/881 900/1/900 901/1/901 
f 891/1/891 900/1/900 881/1/881 877/1/877 
f 902/1/902 903/1/903 904/1/904 901/1/901 
f 833/1/833 904/1/904 903/1/903 836/1/836 
f 112/1/112 905/1/905 904/1/904 833/1/833 
f 901/1/901 904/1/904 905/1/905 884/1/884 
f 906/1/906 907/1/907 908/1/908 909/1/909 
f 910/1/910 908/1/908 907/1/907 911/1/911 
f 893/1/893 912/1/912 908/1/908 910/1/910 
f 909/1/909 908/1/908 912/1/912 913/1/913 
f 836/1/836 914/1/914 915/1/915 835/1/835 
f 916/1/916 915/1/915 914/1/914 917/1/917 
f 830/1/830 827/1/827 915/1/915 916/1/916 
f 835/1/835 915/1/915 827/1/827 826/1/826 
f 918/1/918 919/1/919 920/1/920 921/1/921 
f 922/1/922 919/1/919 918/1/918 923/1/923 
f 822/1/822 919/1/919 922/1/922 290/1/290 
f 822/1/822 821/1/821 920/1/920 
f 917/1/917 924/1/924 925/1/925 916/1/916 
f 920/1/920 925/1/925 924/1/924 921/1/921 
f 821/1/821 831/1/831 925/1/925 920/1/920 
f 916/1/916 925/1/925 831/1/831 830/1/830 
f 926/1/926 927/1/927 923/1/923 
f 926/1/926 918/1/918 921/1/921 
f 599/1/599 926/1/926 928/1/928 600/1/600 
f 927/1/927 926/1/926 599/1/599 598/1/598 
f 902/1/902 929/1/929 930/1/930 903/1/903 
f 931/1/931 930/1/930 929/1/929 932/1/932 
f 917/1/917 914/1/914 930/1/930 931/1/931 
f 903/1/903 930/1/930 914/1/914 836/1/836 
f 933/1/933 897/1/897 898/1/898 
f 934/1/934 932/1/932 929/1/929 
f 933/1/933 929/1/929 902/1/902 
f 897/1/897 933/1/933 899/1/899 892/1/892 
f 911/1/911 935/1/935 936/1/936 910/1/910 
f 935/1/935 932/1/932 934/1/934 
f 898/1/898 894/1/894 936/1/936 934/1/934 
f 910/1/910 936/1/936 894/1/894 893/1/893 
f 937/1/937 938/1/938 939/1/939 940/1/940 
f 937/1/937 932/1/932 935/1/935 
f 941/1/941 938/1/938 935/1/935 911/1/911 
f 938/1/938 941/1/941 942/1/942 
f 940/1/940 943/1/943 944/1/944 937/1/937 
f 945/1/945 944/1/944 943/1/943 946/1/946 
f 944/1/944 945/1/945 947/1/947 
f 948/1/948 932/1/932 937/1/937 
f 947/1/947 945/1/945 949/1/949 950/1/950 
f 951/1/951 949/1/949 945/1/945 946/1/946 
f 600/1/600 928/1/928 949/1/949 951/1/951 
f 950/1/950 949/1/949 928/1/928 921/1/921 
f 931/1/931 952/1/952 924/1/924 917/1/917 
f 948/1/948 952/1/952 931/1/931 932/1/932 
f 947/1/947 950/1/950 952/1/952 948/1/948 
f 921/1/921 924/1/924 952/1/952 950/1/950 
f 455/1/455 452/1/452 953/1/953 954/1/954 
f 463/1/463 953/1/953 452/1/452 451/1/451 
f 465/1/465 955/1/955 953/1/953 463/1/463 
f 956/1/956 954/1/954 953/1/953 955/1/955 
f 957/1/957 958/1/958 959/1/959 960/1/960 
f 484/1/484 489/1/489 959/1/959 958/1/958 
f 459/1/459 458/1/458 959/1/959 489/1/489 
f 457/1/457 960/1/960 959/1/959 458/1/458 
f 961/1/961 962/1/962 963/1/963 964/1/964 
f 965/1/965 963/1/963 962/1/962 966/1/966 
f 472/1/472 479/1/479 963/1/963 965/1/965 
f 964/1/964 963/1/963 479/1/479 478/1/478 
f 965/1/965 967/1/967 473/1/473 472/1/472 
f 968/1/968 967/1/967 965/1/965 966/1/966 
f 956/1/956 955/1/955 967/1/967 968/1/968 
f 473/1/473 967/1/967 955/1/955 465/1/465 
f 957/1/957 969/1/969 970/1/970 958/1/958 
f 964/1/964 970/1/970 969/1/969 961/1/961 
f 478/1/478 485/1/485 970/1/970 964/1/964 
f 958/1/958 970/1/970 485/1/485 484/1/484 
f 971/1/971 972/1/972 973/1/973 974/1/974 
f 973/1/973 972/1/972 966/1/966 
f 961/1/961 969/1/969 973/1/973 962/1/962 
f 974/1/974 973/1/973 969/1/969 957/1/957 
f 956/1/956 968/1/968 975/1/975 954/1/954 
f 968/1/968 966/1/966 972/1/972 
f 971/1/971 976/1/976 975/1/975 972/1/972 
f 455/1/455 954/1/954 975/1/975 
f 971/1/971 974/1/974 977/1/977 976/1/976 
f 960/1/960 977/1/977 974/1/974 957/1/957 
f 457/1/457 456/1/456 977/1/977 960/1/960 
f 977/1/977 456/1/456 455/1/455 
f 978/1/978 979/1/979 400/1/400 399/1/399 
f 980/1/980 979/1/979 978/1/978 388/1/388 
f 376/1/376 372/1/372 979/1/979 980/1/980 
f 400/1/400 979/1/979 372/1/372 371/1/371 
f 388/1/388 387/1/387 981/1/981 980/1/980 
f 408/1/408 981/1/981 387/1/387 386/1/386 
f 377/1/377 375/1/375 981/1/981 408/1/408 
f 376/1/376 980/1/980 981/1/981 375/1/375 
f 380/1/380 383/1/383 982/1/982 392/1/392 
f 978/1/978 982/1/982 383/1/383 388/1/388 
f 982/1/982 978/1/978 399/1/399 
f 392/1/392 982/1/982 983/1/983 389/1/389 
f 389/1/389 983/1/983 984/1/984 390/1/390 
f 397/1/397 984/1/984 983/1/983 399/1/399 
f 398/1/398 420/1/420 984/1/984 397/1/397 
f 390/1/390 984/1/984 420/1/420 394/1/394 
f 985/1/985 941/1/941 911/1/911 
f 986/1/986 985/1/985 907/1/907 906/1/906 
f 987/1/987 988/1/988 985/1/985 986/1/986 
f 941/1/941 985/1/985 988/1/988 942/1/942 
f 580/1/580 989/1/989 990/1/990 844/1/844 
f 991/1/991 990/1/990 989/1/989 992/1/992 
f 993/1/993 994/1/994 990/1/990 991/1/991 
f 844/1/844 990/1/990 994/1/994 841/1/841 
f 995/1/995 996/1/996 997/1/997 998/1/998 
f 939/1/939 997/1/997 996/1/996 940/1/940 
f 942/1/942 988/1/988 997/1/997 939/1/939 
f 998/1/998 997/1/997 988/1/988 987/1/987 
f 992/1/992 999/1/999 1000/1/1000 991/1/991 
f 998/1/998 1000/1/1000 999/1/999 995/1/995 
f 987/1/987 1001/1/1001 1000/1/1000 998/1/998 
f 991/1/991 1000/1/1000 1001/1/1001 993/1/993 
f 592/1/592 1002/1/1002 1003/1/1003 605/1/605 
f 1004/1/1004 1003/1/1003 1002/1/1002 1005/1/1005 
f 582/1/582 585/1/585 1003/1/1003 1004/1/1004 
f 605/1/605 1003/1/1003 585/1/585 588/1/588 
f 1006/1/1006 1005/1/1005 1007/1/1007 
f 943/1/943 1008/1/1008 1007/1/1007 946/1/946 
f 1008/1/1008 943/1/943 940/1/940 
f 996/1/996 995/1/995 1006/1/1006 
f 1009/1/1009 1010/1/1010 1011/1/1011 1012/1/1012 
f 1005/1/1005 1006/1/1006 1011/1/1011 1010/1/1010 
f 995/1/995 999/1/999 1011/1/1011 1006/1/1006 
f 1012/1/1012 1011/1/1011 999/1/999 992/1/992 
f 946/1/946 1007/1/1007 1013/1/1013 951/1/951 
f 1002/1/1002 1013/1/1013 1007/1/1007 1005/1/1005 
f 592/1/592 595/1/595 1013/1/1013 
f 951/1/951 1013/1/1013 595/1/595 600/1/600 
f 1014/1/1014 591/1/591 582/1/582 
f 1004/1/1004 1005/1/1005 1010/1/1010 
f 1009/1/1009 1015/1/1015 1014/1/1014 1010/1/1010 
f 591/1/591 1014/1/1014 1015/1/1015 579/1/579 
f 579/1/579 1015/1/1015 1016/1/1016 577/1/577 
f 1012/1/1012 1016/1/1016 1015/1/1015 1009/1/1009 
f 992/1/992 989/1/989 1016/1/1016 1012/1/1012 
f 577/1/577 1016/1/1016 989/1/989 580/1/580 
f 867/1/867 1017/1/1017 1018/1/1018 1019/1/1019 
f 1020/1/1020 1018/1/1018 1017/1/1017 1021/1/1021 
f 1022/1/1022 1023/1/1023 1018/1/1018 1020/1/1020 
f 1019/1/1019 1018/1/1018 1023/1/1023 1024/1/1024 
f 841/1/841 1025/1/1025 1026/1/1026 842/1/842 
f 1027/1/1027 1026/1/1026 1025/1/1025 1028/1/1028 
f 851/1/851 850/1/850 1026/1/1026 1027/1/1027 
f 842/1/842 1026/1/1026 850/1/850 840/1/840 
f 1029/1/1029 994/1/994 993/1/993 
f 1030/1/1030 1031/1/1031 1032/1/1032 
f 1028/1/1028 1025/1/1025 1029/1/1029 1032/1/1032 
f 994/1/994 1029/1/1029 1025/1/1025 841/1/841 
f 1033/1/1033 1034/1/1034 1031/1/1031 
f 1030/1/1030 993/1/993 1001/1/1001 
f 1033/1/1033 1001/1/1001 987/1/987 
f 986/1/986 906/1/906 1034/1/1034 
f 1031/1/1031 1035/1/1035 1036/1/1036 1032/1/1032 
f 1037/1/1037 1036/1/1036 1035/1/1035 1038/1/1038 
f 1039/1/1039 1040/1/1040 1036/1/1036 1037/1/1037 
f 1040/1/1040 1028/1/1028 1032/1/1032 
f 1035/1/1035 1041/1/1041 1042/1/1042 1038/1/1038 
f 1034/1/1034 1041/1/1041 1035/1/1035 1031/1/1031 
f 909/1/909 1041/1/1041 1034/1/1034 906/1/906 
f 913/1/913 1042/1/1042 1041/1/1041 909/1/909 
f 1043/1/1043 1044/1/1044 1045/1/1045 1046/1/1046 
f 1047/1/1047 1045/1/1045 1044/1/1044 1048/1/1048 
f 1049/1/1049 1045/1/1045 1047/1/1047 1050/1/1050 
f 1046/1/1046 1045/1/1045 1049/1/1049 1021/1/1021 
f 1051/1/1051 1052/1/1052 1053/1/1053 1054/1/1054 
f 1055/1/1055 1053/1/1053 1052/1/1052 1056/1/1056 
f 1038/1/1038 1042/1/1042 1053/1/1053 1055/1/1055 
f 1054/1/1054 1053/1/1053 1042/1/1042 913/1/913 
f 1057/1/1057 1058/1/1058 864/1/864 863/1/863 
f 1046/1/1046 1058/1/1058 1057/1/1057 1043/1/1043 
f 1021/1/1021 1017/1/1017 1058/1/1058 1046/1/1046 
f 864/1/864 1058/1/1058 1017/1/1017 867/1/867 
f 1039/1/1039 1037/1/1037 1059/1/1059 1060/1/1060 
f 1055/1/1055 1059/1/1059 1037/1/1037 1038/1/1038 
f 1056/1/1056 1061/1/1061 1059/1/1059 1055/1/1055 
f 1062/1/1062 1060/1/1060 1059/1/1059 1061/1/1061 
f 1051/1/1051 1063/1/1063 1064/1/1064 1065/1/1065 
f 890/1/890 1064/1/1064 1063/1/1063 887/1/887 
f 872/1/872 1066/1/1066 1064/1/1064 890/1/890 
f 1065/1/1065 1064/1/1064 1066/1/1066 1048/1/1048 
f 1044/1/1044 1043/1/1043 1067/1/1067 1068/1/1068 
f 1056/1/1056 1052/1/1052 1068/1/1068 1067/1/1067 
f 1065/1/1065 1068/1/1068 1052/1/1052 1051/1/1051 
f 1048/1/1048 1044/1/1044 1068/1/1068 1065/1/1065 
f 887/1/887 1063/1/1063 1069/1/1069 896/1/896 
f 1054/1/1054 1069/1/1069 1063/1/1063 1051/1/1051 
f 913/1/913 912/1/912 1069/1/1069 1054/1/1054 
f 896/1/896 1069/1/1069 912/1/912 893/1/893 
f 1061/1/1061 1056/1/1056 1067/1/1067 1070/1/1070 
f 1057/1/1057 1070/1/1070 1067/1/1067 1043/1/1043 
f 863/1/863 1071/1/1071 1070/1/1070 1057/1/1057 
f 1061/1/1061 1070/1/1070 1071/1/1071 1062/1/1062 
f 1072/1/1072 1073/1/1073 1074/1/1074 1075/1/1075 
f 289/1/289 1074/1/1074 1073/1/1073 272/1/272 
f 290/1/290 922/1/922 1074/1/1074 289/1/289 
f 1075/1/1075 1074/1/1074 922/1/922 923/1/923 
f 272/1/272 1073/1/1073 1076/1/1076 271/1/271 
f 1077/1/1077 1076/1/1076 1073/1/1073 1072/1/1072 
f 1078/1/1078 1079/1/1079 1076/1/1076 1077/1/1077 
f 271/1/271 1076/1/1076 1079/1/1079 273/1/273 
f 1072/1/1072 1080/1/1080 1081/1/1081 1077/1/1077 
f 1082/1/1082 1081/1/1081 1080/1/1080 1083/1/1083 
f 1084/1/1084 1085/1/1085 1081/1/1081 1082/1/1082 
f 1077/1/1077 1081/1/1081 1085/1/1085 1078/1/1078 
f 1086/1/1086 1087/1/1087 265/1/265 264/1/264 
f 1088/1/1088 1089/1/1089 1087/1/1087 1086/1/1086 
f 1090/1/1090 1087/1/1087 1089/1/1089 1091/1/1091 
f 266/1/266 265/1/265 1087/1/1087 1090/1/1090 
f 1092/1/1092 251/1/251 257/1/257 
f 1093/1/1093 1094/1/1094 1095/1/1095 
f 1096/1/1096 1097/1/1097 1092/1/1092 1095/1/1095 
f 1097/1/1097 252/1/252 251/1/251 
f 1098/1/1098 1099/1/1099 1100/1/1100 1101/1/1101 
f 279/1/279 1100/1/1100 1099/1/1099 276/1/276 
f 284/1/284 1102/1/1102 1100/1/1100 279/1/279 
f 1101/1/1101 1100/1/1100 1102/1/1102 1103/1/1103 
f 1104/1/1104 1105/1/1105 1106/1/1106 1107/1/1107 
f 1108/1/1108 1106/1/1106 1105/1/1105 1109/1/1109 
f 242/1/242 249/1/249 1106/1/1106 1108/1/1108 
f 1107/1/1107 1106/1/1106 249/1/249 248/1/248 
f 1110/1/1110 1111/1/1111 1112/1/1112 1113/1/1113 
f 108/1/108 1112/1/1112 1111/1/1111 110/1/110 
f 109/1/109 237/1/237 1112/1/1112 108/1/108 
f 1113/1/1113 1112/1/1112 237/1/237 236/1/236 
f 1109/1/1109 1114/1/1114 1115/1/1115 1108/1/1108 
f 1113/1/1113 1115/1/1115 1114/1/1114 1110/1/1110 
f 236/1/236 243/1/243 1115/1/1115 1113/1/1113 
f 1108/1/1108 1115/1/1115 243/1/243 242/1/242 
f 1116/1/1116 1117/1/1117 1118/1/1118 1119/1/1119 
f 1120/1/1120 1118/1/1118 1117/1/1117 1121/1/1121 
f 1110/1/1110 1114/1/1114 1118/1/1118 1120/1/1120 
f 1119/1/1119 1118/1/1118 1114/1/1114 1109/1/1109 
f 1122/1/1122 1123/1/1123 111/1/111 110/1/110 
f 1122/1/1122 1124/1/1124 1125/1/1125 
f 905/1/905 1123/1/1123 1125/1/1125 884/1/884 
f 111/1/111 1123/1/1123 905/1/905 112/1/112 
f 1121/1/1121 1126/1/1126 1127/1/1127 1120/1/1120 
f 1122/1/1122 1127/1/1127 1126/1/1126 1124/1/1124 
f 110/1/110 1111/1/1111 1127/1/1127 1122/1/1122 
f 1120/1/1120 1127/1/1127 1111/1/1111 1110/1/1110 
f 1128/1/1128 1129/1/1129 1130/1/1130 1131/1/1131 
f 1129/1/1129 1132/1/1132 1133/1/1133 
f 1130/1/1130 1133/1/1133 1134/1/1134 
f 1135/1/1135 1136/1/1136 1131/1/1131 
f 1137/1/1137 1138/1/1138 1139/1/1139 1140/1/1140 
f 1131/1/1131 1139/1/1139 1138/1/1138 1128/1/1128 
f 1136/1/1136 1141/1/1141 1139/1/1139 1131/1/1131 
f 1140/1/1140 1139/1/1139 1141/1/1141 1142/1/1142 
f 1143/1/1143 1144/1/1144 1145/1/1145 1146/1/1146 
f 1147/1/1147 1148/1/1148 1144/1/1144 1143/1/1143 
f 1149/1/1149 1144/1/1144 1148/1/1148 1150/1/1150 
f 1151/1/1151 1145/1/1145 1144/1/1144 1149/1/1149 
f 1152/1/1152 1153/1/1153 1154/1/1154 1155/1/1155 
f 1156/1/1156 1154/1/1154 1153/1/1153 1157/1/1157 
f 1158/1/1158 1159/1/1159 1154/1/1154 1156/1/1156 
f 1155/1/1155 1154/1/1154 1159/1/1159 1160/1/1160 
f 1083/1/1083 1161/1/1161 1162/1/1162 1082/1/1082 
f 1163/1/1163 1162/1/1162 1161/1/1161 1164/1/1164 
f 1162/1/1162 1163/1/1163 1165/1/1165 
f 1082/1/1082 1162/1/1162 1166/1/1166 1084/1/1084 
f 1167/1/1167 1168/1/1168 1169/1/1169 
f 1170/1/1170 1171/1/1171 1169/1/1169 1172/1/1172 
f 1171/1/1171 1170/1/1170 1173/1/1173 
f 1167/1/1167 1171/1/1171 1174/1/1174 1175/1/1175 
f 1176/1/1176 1163/1/1163 1164/1/1164 
f 1177/1/1177 1178/1/1178 1176/1/1176 1179/1/1179 
f 1176/1/1176 1178/1/1178 1180/1/1180 
f 1181/1/1181 1165/1/1165 1163/1/1163 1176/1/1176 
f 1182/1/1182 1178/1/1178 1177/1/1177 
f 1182/1/1182 1183/1/1183 1172/1/1172 
f 1168/1/1168 1184/1/1184 1182/1/1182 1169/1/1169 
f 1184/1/1184 1180/1/1180 1178/1/1178 
f 1185/1/1185 1075/1/1075 923/1/923 
f 1186/1/1186 1185/1/1185 1187/1/1187 1188/1/1188 
f 1083/1/1083 1080/1/1080 1185/1/1185 1186/1/1186 
f 1075/1/1075 1185/1/1185 1080/1/1080 1072/1/1072 
f 1186/1/1186 1188/1/1188 1189/1/1189 
f 1164/1/1164 1161/1/1161 1190/1/1190 1189/1/1189 
f 1083/1/1083 1186/1/1186 1190/1/1190 1161/1/1161 
f 1191/1/1191 1192/1/1192 1193/1/1193 
f 1194/1/1194 1177/1/1177 1179/1/1179 
f 1179/1/1179 1164/1/1164 1189/1/1189 
f 1191/1/1191 1189/1/1189 1188/1/1188 
f 1177/1/1177 1194/1/1194 1195/1/1195 1183/1/1183 
f 1194/1/1194 1193/1/1193 1196/1/1196 
f 1197/1/1197 1198/1/1198 1195/1/1195 1196/1/1196 
f 1198/1/1198 1172/1/1172 1183/1/1183 
f 597/1/597 611/1/611 1199/1/1199 596/1/596 
f 1200/1/1200 1199/1/1199 611/1/611 610/1/610 
f 1201/1/1201 1202/1/1202 1199/1/1199 1200/1/1200 
f 596/1/596 1199/1/1199 1202/1/1202 598/1/598 
f 598/1/598 1202/1/1202 1203/1/1203 927/1/927 
f 1202/1/1202 1201/1/1201 1204/1/1204 
f 1188/1/1188 1187/1/1187 1203/1/1203 1204/1/1204 
f 927/1/927 1203/1/1203 1187/1/1187 923/1/923 
f 617/1/617 1205/1/1205 1206/1/1206 615/1/615 
f 1207/1/1207 1206/1/1206 1205/1/1205 1208/1/1208 
f 625/1/625 623/1/623 1206/1/1206 1207/1/1207 
f 623/1/623 612/1/612 615/1/615 
f 1204/1/1204 1209/1/1209 1192/1/1192 1188/1/1188 
f 1201/1/1201 1210/1/1210 1209/1/1209 1204/1/1204 
f 1211/1/1211 1209/1/1209 1210/1/1210 1212/1/1212 
f 1192/1/1192 1209/1/1209 1211/1/1211 1193/1/1193 
f 1213/1/1213 1208/1/1208 1214/1/1214 
f 1215/1/1215 1216/1/1216 1217/1/1217 1214/1/1214 
f 1213/1/1213 1217/1/1217 1216/1/1216 1212/1/1212 
f 610/1/610 1218/1/1218 1219/1/1219 1200/1/1200 
f 1213/1/1213 1219/1/1219 1218/1/1218 1208/1/1208 
f 1212/1/1212 1210/1/1210 1219/1/1219 1213/1/1213 
f 1200/1/1200 1219/1/1219 1210/1/1210 1201/1/1201 
f 653/1/653 1220/1/1220 1221/1/1221 652/1/652 
f 1220/1/1220 1208/1/1208 1218/1/1218 
f 608/1/608 1221/1/1221 1218/1/1218 610/1/610 
f 652/1/652 1221/1/1221 608/1/608 609/1/609 
f 1207/1/1207 1222/1/1222 634/1/634 625/1/625 
f 1207/1/1207 1208/1/1208 1220/1/1220 
f 1220/1/1220 653/1/653 660/1/660 
f 635/1/635 634/1/634 1222/1/1222 660/1/660 
f 1223/1/1223 1196/1/1196 1193/1/1193 
f 1212/1/1212 1216/1/1216 1223/1/1223 1211/1/1211 
f 1223/1/1223 1216/1/1216 1215/1/1215 
f 1224/1/1224 1197/1/1197 1196/1/1196 
f 1225/1/1225 1226/1/1226 1227/1/1227 1228/1/1228 
f 1229/1/1229 1227/1/1227 1226/1/1226 1230/1/1230 
f 1231/1/1231 1232/1/1232 1227/1/1227 1229/1/1229 
f 1228/1/1228 1227/1/1227 1232/1/1232 1233/1/1233 
f 1231/1/1231 1234/1/1234 1235/1/1235 1232/1/1232 
f 1236/1/1236 1235/1/1235 1234/1/1234 1237/1/1237 
f 1238/1/1238 1239/1/1239 1235/1/1235 1236/1/1236 
f 1239/1/1239 1233/1/1233 1232/1/1232 
f 1229/1/1229 1240/1/1240 1234/1/1234 1231/1/1231 
f 1241/1/1241 1240/1/1240 1229/1/1229 1230/1/1230 
f 1242/1/1242 1243/1/1243 1240/1/1240 1241/1/1241 
f 1234/1/1234 1240/1/1240 1243/1/1243 1237/1/1237 
f 1244/1/1244 1245/1/1245 1246/1/1246 1247/1/1247 
f 1248/1/1248 1249/1/1249 1245/1/1245 1244/1/1244 
f 1241/1/1241 1245/1/1245 1249/1/1249 1242/1/1242 
f 1230/1/1230 1246/1/1246 1245/1/1245 1241/1/1241 
f 1237/1/1237 1243/1/1243 1250/1/1250 1251/1/1251 
f 1252/1/1252 1250/1/1250 1243/1/1243 1242/1/1242 
f 1253/1/1253 1254/1/1254 1250/1/1250 1252/1/1252 
f 1251/1/1251 1250/1/1250 1254/1/1254 1255/1/1255 
f 1248/1/1248 1256/1/1256 1257/1/1257 1249/1/1249 
f 1258/1/1258 1257/1/1257 1256/1/1256 1259/1/1259 
f 1258/1/1258 1253/1/1253 1252/1/1252 1257/1/1257 
f 1242/1/1242 1249/1/1249 1257/1/1257 1252/1/1252 
f 1260/1/1260 1261/1/1261 1258/1/1258 1259/1/1259 
f 1262/1/1262 1263/1/1263 1261/1/1261 1260/1/1260 
f 1264/1/1264 1261/1/1261 1263/1/1263 1265/1/1265 
f 1253/1/1253 1258/1/1258 1261/1/1261 1264/1/1264 
f 1266/1/1266 1267/1/1267 1268/1/1268 1269/1/1269 
f 1270/1/1270 1271/1/1271 1268/1/1268 1267/1/1267 
f 1141/1/1141 1268/1/1268 1271/1/1271 1142/1/1142 
f 1269/1/1269 1268/1/1268 1141/1/1141 1136/1/1136 
f 1272/1/1272 1273/1/1273 1274/1/1274 1275/1/1275 
f 1276/1/1276 1274/1/1274 1273/1/1273 1277/1/1277 
f 1121/1/1121 1117/1/1117 1274/1/1274 1276/1/1276 
f 1275/1/1275 1274/1/1274 1117/1/1117 1116/1/1116 
f 1278/1/1278 1276/1/1276 1277/1/1277 
f 1126/1/1126 1278/1/1278 1279/1/1279 1124/1/1124 
f 1276/1/1276 1278/1/1278 1126/1/1126 1121/1/1121 
f 1134/1/1134 1280/1/1280 1281/1/1281 1135/1/1135 
f 1280/1/1280 1282/1/1282 1283/1/1283 
f 1266/1/1266 1269/1/1269 1281/1/1281 
f 1136/1/1136 1135/1/1135 1281/1/1281 1269/1/1269 
f 1284/1/1284 1285/1/1285 1286/1/1286 
f 1287/1/1287 1284/1/1284 1288/1/1288 1289/1/1289 
f 1284/1/1284 1287/1/1287 1282/1/1282 
f 1280/1/1280 1134/1/1134 1285/1/1285 
f 1290/1/1290 1283/1/1283 1282/1/1282 
f 1291/1/1291 1290/1/1290 1292/1/1292 1293/1/1293 
f 1294/1/1294 1295/1/1295 1290/1/1290 1291/1/1291 
f 1283/1/1283 1290/1/1290 1295/1/1295 1266/1/1266 
f 1293/1/1293 1296/1/1296 1297/1/1297 
f 1296/1/1296 1289/1/1289 1298/1/1298 
f 1298/1/1298 1124/1/1124 1279/1/1279 
f 1279/1/1279 1277/1/1277 1299/1/1299 
f 1124/1/1124 1298/1/1298 1300/1/1300 1125/1/1125 
f 1298/1/1298 1289/1/1289 1301/1/1301 
f 885/1/885 883/1/883 1300/1/1300 1301/1/1301 
f 883/1/883 884/1/884 1125/1/1125 
f 1293/1/1293 1292/1/1292 1302/1/1302 1296/1/1296 
f 1282/1/1282 1287/1/1287 1302/1/1302 1292/1/1292 
f 1296/1/1296 1302/1/1302 1287/1/1287 1289/1/1289 
f 878/1/878 886/1/886 1303/1/1303 1304/1/1304 
f 1301/1/1301 1303/1/1303 886/1/886 885/1/885 
f 1289/1/1289 1288/1/1288 1303/1/1303 1301/1/1301 
f 1304/1/1304 1303/1/1303 1288/1/1288 1286/1/1286 
f 1305/1/1305 1306/1/1306 1294/1/1294 
f 1291/1/1291 1293/1/1293 1299/1/1299 1305/1/1305 
f 1277/1/1277 1273/1/1273 1305/1/1305 1299/1/1299 
f 1273/1/1273 1272/1/1272 1306/1/1306 
f 880/1/880 1307/1/1307 1308/1/1308 875/1/875 
f 1047/1/1047 1308/1/1308 1307/1/1307 1050/1/1050 
f 1048/1/1048 1066/1/1066 1308/1/1308 1047/1/1047 
f 875/1/875 1308/1/1308 1066/1/1066 872/1/872 
f 1021/1/1021 1049/1/1049 1309/1/1309 1020/1/1020 
f 1050/1/1050 1310/1/1310 1309/1/1309 1049/1/1049 
f 1311/1/1311 1309/1/1309 1310/1/1310 1312/1/1312 
f 1020/1/1020 1309/1/1309 1311/1/1311 1022/1/1022 
f 1313/1/1313 1304/1/1304 1286/1/1286 
f 1314/1/1314 1313/1/1313 1315/1/1315 1316/1/1316 
f 880/1/880 879/1/879 1313/1/1313 1314/1/1314 
f 1304/1/1304 1313/1/1313 879/1/879 878/1/878 
f 1134/1/1134 1133/1/1133 1317/1/1317 1285/1/1285 
f 1318/1/1318 1317/1/1317 1133/1/1133 1132/1/1132 
f 1316/1/1316 1315/1/1315 1317/1/1317 1318/1/1318 
f 1315/1/1315 1286/1/1286 1285/1/1285 
f 1319/1/1319 1320/1/1320 1321/1/1321 1322/1/1322 
f 1050/1/1050 1307/1/1307 1320/1/1320 1319/1/1319 
f 1314/1/1314 1320/1/1320 1307/1/1307 880/1/880 
f 1316/1/1316 1321/1/1321 1320/1/1320 
f 1312/1/1312 1310/1/1310 1323/1/1323 1324/1/1324 
f 1319/1/1319 1323/1/1323 1310/1/1310 1050/1/1050 
f 1322/1/1322 1324/1/1324 1323/1/1323 1319/1/1319 
f 1318/1/1318 1325/1/1325 1326/1/1326 1316/1/1316 
f 1132/1/1132 1327/1/1327 1325/1/1325 1318/1/1318 
f 1328/1/1328 1326/1/1326 1325/1/1325 1327/1/1327 
f 1312/1/1312 1329/1/1329 1330/1/1330 1311/1/1311 
f 1331/1/1331 1332/1/1332 1330/1/1330 1329/1/1329 
f 1333/1/1333 1330/1/1330 1332/1/1332 1334/1/1334 
f 1022/1/1022 1311/1/1311 1330/1/1330 1333/1/1333 
f 1335/1/1335 1336/1/1336 1324/1/1324 1322/1/1322 
f 1336/1/1336 1335/1/1335 1337/1/1337 
f 1329/1/1329 1336/1/1336 1338/1/1338 1331/1/1331 
f 1324/1/1324 1336/1/1336 1329/1/1329 1312/1/1312 
f 1328/1/1328 1339/1/1339 1340/1/1340 1326/1/1326 
f 1335/1/1335 1340/1/1340 1339/1/1339 1337/1/1337 
f 1322/1/1322 1321/1/1321 1340/1/1340 1335/1/1335 
f 1326/1/1326 1340/1/1340 1321/1/1321 1316/1/1316 
f 1332/1/1332 1331/1/1331 1341/1/1341 
f 1342/1/1342 1343/1/1343 1344/1/1344 1341/1/1341 
f 1345/1/1345 1344/1/1344 1343/1/1343 1346/1/1346 
f 1334/1/1334 1332/1/1332 1344/1/1344 1345/1/1345 
f 1347/1/1347 1348/1/1348 1129/1/1129 1128/1/1128 
f 1347/1/1347 1349/1/1349 1350/1/1350 1348/1/1348 
f 1328/1/1328 1327/1/1327 1348/1/1348 1350/1/1350 
f 1129/1/1129 1348/1/1348 1327/1/1327 1132/1/1132 
f 1349/1/1349 1351/1/1351 1352/1/1352 1350/1/1350 
f 1353/1/1353 1352/1/1352 1351/1/1351 1354/1/1354 
f 1352/1/1352 1353/1/1353 1337/1/1337 
f 1350/1/1350 1352/1/1352 1339/1/1339 1328/1/1328 
f 1354/1/1354 1355/1/1355 1356/1/1356 1353/1/1353 
f 1341/1/1341 1356/1/1356 1355/1/1355 1342/1/1342 
f 1331/1/1331 1338/1/1338 1356/1/1356 1341/1/1341 
f 1338/1/1338 1337/1/1337 1353/1/1353 
f 1357/1/1357 1358/1/1358 1359/1/1359 1360/1/1360 
f 1361/1/1361 1359/1/1359 1358/1/1358 1362/1/1362 
f 1346/1/1346 1343/1/1343 1359/1/1359 1361/1/1361 
f 1343/1/1343 1342/1/1342 1360/1/1360 
f 1128/1/1128 1138/1/1138 1363/1/1363 1347/1/1347 
f 1364/1/1364 1363/1/1363 1138/1/1138 1137/1/1137 
f 1365/1/1365 1363/1/1363 1364/1/1364 1366/1/1366 
f 1347/1/1347 1363/1/1363 1365/1/1365 1349/1/1349 
f 1366/1/1366 1367/1/1367 1368/1/1368 1365/1/1365 
f 1369/1/1369 1368/1/1368 1367/1/1367 1370/1/1370 
f 1354/1/1354 1351/1/1351 1368/1/1368 1369/1/1369 
f 1365/1/1365 1368/1/1368 1351/1/1351 1349/1/1349 
f 1370/1/1370 1371/1/1371 1372/1/1372 1369/1/1369 
f 1360/1/1360 1372/1/1372 1371/1/1371 1357/1/1357 
f 1342/1/1342 1355/1/1355 1372/1/1372 1360/1/1360 
f 1369/1/1369 1372/1/1372 1355/1/1355 1354/1/1354 
f 1373/1/1373 1374/1/1374 1375/1/1375 1376/1/1376 
f 1377/1/1377 1375/1/1375 1374/1/1374 1378/1/1378 
f 1379/1/1379 1380/1/1380 1375/1/1375 1377/1/1377 
f 1376/1/1376 1375/1/1375 1380/1/1380 1381/1/1381 
f 1382/1/1382 1374/1/1374 1373/1/1373 
f 1383/1/1383 1382/1/1382 1384/1/1384 1385/1/1385 
f 1386/1/1386 1387/1/1387 1382/1/1382 1383/1/1383 
f 1374/1/1374 1382/1/1382 1387/1/1387 1378/1/1378 
f 1388/1/1388 1389/1/1389 1390/1/1390 1391/1/1391 
f 1390/1/1390 1392/1/1392 1393/1/1393 
f 1394/1/1394 1395/1/1395 1391/1/1391 1393/1/1393 
f 1395/1/1395 1396/1/1396 1388/1/1388 1391/1/1391 
f 1392/1/1392 1397/1/1397 1398/1/1398 1393/1/1393 
f 1399/1/1399 1398/1/1398 1397/1/1397 1400/1/1400 
f 1401/1/1401 1402/1/1402 1398/1/1398 1399/1/1399 
f 1393/1/1393 1398/1/1398 1402/1/1402 1394/1/1394 
f 1175/1/1175 1174/1/1174 1403/1/1403 1404/1/1404 
f 1405/1/1405 1403/1/1403 1174/1/1174 1173/1/1173 
f 1406/1/1406 1407/1/1407 1403/1/1403 1405/1/1405 
f 1404/1/1404 1403/1/1403 1407/1/1407 1408/1/1408 
f 1409/1/1409 1410/1/1410 1411/1/1411 1412/1/1412 
f 1410/1/1410 1413/1/1413 1414/1/1414 
f 1400/1/1400 1397/1/1397 1411/1/1411 1414/1/1414 
f 1397/1/1397 1392/1/1392 1412/1/1412 
f 1413/1/1413 1410/1/1410 1415/1/1415 1416/1/1416 
f 1417/1/1417 1415/1/1415 1410/1/1410 1409/1/1409 
f 1408/1/1408 1407/1/1407 1415/1/1415 1417/1/1417 
f 1416/1/1416 1415/1/1415 1407/1/1407 1406/1/1406 
f 1418/1/1418 1419/1/1419 1420/1/1420 1421/1/1421 
f 1422/1/1422 1420/1/1420 1419/1/1419 1423/1/1423 
f 1424/1/1424 1425/1/1425 1420/1/1420 1422/1/1422 
f 1421/1/1421 1420/1/1420 1425/1/1425 1426/1/1426 
f 1427/1/1427 1428/1/1428 1429/1/1429 1430/1/1430 
f 1170/1/1170 1429/1/1429 1428/1/1428 1173/1/1173 
f 1429/1/1429 1170/1/1170 1172/1/1172 
f 1430/1/1430 1429/1/1429 1198/1/1198 1197/1/1197 
f 1431/1/1431 1432/1/1432 1428/1/1428 1427/1/1427 
f 1405/1/1405 1432/1/1432 1431/1/1431 1406/1/1406 
f 1432/1/1432 1405/1/1405 1173/1/1173 
f 1400/1/1400 1433/1/1433 1434/1/1434 1399/1/1399 
f 1421/1/1421 1434/1/1434 1433/1/1433 1418/1/1418 
f 1426/1/1426 1435/1/1435 1434/1/1434 1421/1/1421 
f 1399/1/1399 1434/1/1434 1435/1/1435 1401/1/1401 
f 1197/1/1197 1224/1/1224 1436/1/1436 1430/1/1430 
f 1224/1/1224 1215/1/1215 1437/1/1437 
f 1438/1/1438 1439/1/1439 1436/1/1436 1437/1/1437 
f 1439/1/1439 1427/1/1427 1430/1/1430 
f 1440/1/1440 1441/1/1441 1442/1/1442 
f 1440/1/1440 1443/1/1443 1427/1/1427 
f 1441/1/1441 1440/1/1440 1439/1/1439 1438/1/1438 
f 1423/1/1423 1444/1/1444 1445/1/1445 
f 1438/1/1438 1446/1/1446 1445/1/1445 
f 616/1/616 1445/1/1445 1446/1/1446 617/1/617 
f 616/1/616 556/1/556 1447/1/1447 
f 1448/1/1448 1442/1/1442 1441/1/1441 
f 1444/1/1444 1449/1/1449 1441/1/1441 1438/1/1438 
f 1449/1/1449 1444/1/1444 1423/1/1423 
f 1448/1/1448 1449/1/1449 1419/1/1419 1418/1/1418 
f 617/1/617 1446/1/1446 1450/1/1450 1205/1/1205 
f 1437/1/1437 1450/1/1450 1446/1/1446 1438/1/1438 
f 1215/1/1215 1214/1/1214 1450/1/1450 1437/1/1437 
f 1205/1/1205 1450/1/1450 1214/1/1214 1208/1/1208 
f 1413/1/1413 1451/1/1451 1452/1/1452 1414/1/1414 
f 1448/1/1448 1452/1/1452 1451/1/1451 1442/1/1442 
f 1452/1/1452 1448/1/1448 1418/1/1418 
f 1414/1/1414 1452/1/1452 1433/1/1433 1400/1/1400 
f 1431/1/1431 1427/1/1427 1443/1/1443 
f 1451/1/1451 1453/1/1453 1443/1/1443 1442/1/1442 
f 1451/1/1451 1413/1/1413 1416/1/1416 
f 1453/1/1453 1416/1/1416 1406/1/1406 
f 1454/1/1454 1455/1/1455 1456/1/1456 1457/1/1457 
f 1435/1/1435 1456/1/1456 1455/1/1455 1401/1/1401 
f 1426/1/1426 1425/1/1425 1456/1/1456 1435/1/1435 
f 1425/1/1425 1424/1/1424 1457/1/1457 
f 1458/1/1458 1459/1/1459 1455/1/1455 1454/1/1454 
f 1460/1/1460 1459/1/1459 1458/1/1458 1461/1/1461 
f 1459/1/1459 1460/1/1460 1394/1/1394 
f 1455/1/1455 1459/1/1459 1402/1/1402 1401/1/1401 
f 1462/1/1462 1463/1/1463 1464/1/1464 1465/1/1465 
f 1466/1/1466 1464/1/1464 1463/1/1463 1467/1/1467 
f 1464/1/1464 1466/1/1466 1461/1/1461 
f 1465/1/1465 1464/1/1464 1458/1/1458 1454/1/1454 
f 1460/1/1460 1468/1/1468 1395/1/1395 1394/1/1394 
f 1461/1/1461 1469/1/1469 1468/1/1468 1460/1/1460 
f 1470/1/1470 1471/1/1471 1468/1/1468 1469/1/1469 
f 1396/1/1396 1395/1/1395 1468/1/1468 
f 1466/1/1466 1472/1/1472 1469/1/1469 1461/1/1461 
f 1466/1/1466 1467/1/1467 1473/1/1473 1472/1/1472 
f 1474/1/1474 1475/1/1475 1472/1/1472 1473/1/1473 
f 1469/1/1469 1472/1/1472 1475/1/1475 1470/1/1470 
f 1476/1/1476 1477/1/1477 1478/1/1478 1479/1/1479 
f 1480/1/1480 1478/1/1478 1477/1/1477 1481/1/1481 
f 1482/1/1482 1483/1/1483 1478/1/1478 1480/1/1480 
f 1479/1/1479 1478/1/1478 1483/1/1483 1484/1/1484 
f 1485/1/1485 1486/1/1486 1487/1/1487 1488/1/1488 
f 1489/1/1489 1487/1/1487 1486/1/1486 1490/1/1490 
f 1381/1/1381 1380/1/1380 1487/1/1487 1489/1/1489 
f 1488/1/1488 1487/1/1487 1380/1/1380 1379/1/1379 
f 1491/1/1491 1492/1/1492 1493/1/1493 1494/1/1494 
f 1361/1/1361 1493/1/1493 1492/1/1492 1346/1/1346 
f 1362/1/1362 1495/1/1495 1493/1/1493 1361/1/1361 
f 1494/1/1494 1493/1/1493 1495/1/1495 1496/1/1496 
f 1334/1/1334 1497/1/1497 1498/1/1498 1333/1/1333 
f 1499/1/1499 1498/1/1498 1497/1/1497 1500/1/1500 
f 1024/1/1024 1023/1/1023 1498/1/1498 1499/1/1499 
f 1333/1/1333 1498/1/1498 1023/1/1023 1022/1/1022 
f 1500/1/1500 1497/1/1497 1501/1/1501 1502/1/1502 
f 1345/1/1345 1501/1/1501 1497/1/1497 1334/1/1334 
f 1346/1/1346 1492/1/1492 1501/1/1501 1345/1/1345 
f 1502/1/1502 1501/1/1501 1492/1/1492 1491/1/1491 
f 1500/1/1500 1503/1/1503 1504/1/1504 1499/1/1499 
f 1503/1/1503 1505/1/1505 1506/1/1506 
f 1504/1/1504 1506/1/1506 1507/1/1507 
f 1499/1/1499 1504/1/1504 1508/1/1508 1024/1/1024 
f 1024/1/1024 1508/1/1508 1509/1/1509 1019/1/1019 
f 1510/1/1510 1509/1/1509 1508/1/1508 1507/1/1507 
f 869/1/869 868/1/868 1509/1/1509 1510/1/1510 
f 1019/1/1019 1509/1/1509 868/1/868 867/1/867 
f 1511/1/1511 1512/1/1512 1505/1/1505 
f 1502/1/1502 1511/1/1511 1503/1/1503 1500/1/1500 
f 1491/1/1491 1513/1/1513 1511/1/1511 1502/1/1502 
f 1514/1/1514 1512/1/1512 1511/1/1511 
f 1506/1/1506 1515/1/1515 1516/1/1516 1507/1/1507 
f 1505/1/1505 1517/1/1517 1515/1/1515 1506/1/1506 
f 1518/1/1518 1516/1/1516 1515/1/1515 1517/1/1517 
f 1454/1/1454 1519/1/1519 1520/1/1520 1465/1/1465 
f 1521/1/1521 1520/1/1520 1519/1/1519 1522/1/1522 
f 1523/1/1523 1524/1/1524 1520/1/1520 1521/1/1521 
f 1465/1/1465 1520/1/1520 1524/1/1524 1462/1/1462 
f 1525/1/1525 1526/1/1526 1527/1/1527 1528/1/1528 
f 1529/1/1529 1527/1/1527 1526/1/1526 1522/1/1522 
f 1528/1/1528 1527/1/1527 1529/1/1529 1530/1/1530 
f 1531/1/1531 1457/1/1457 1424/1/1424 
f 1532/1/1532 1530/1/1530 1529/1/1529 
f 1522/1/1522 1519/1/1519 1531/1/1531 1529/1/1529 
f 1519/1/1519 1454/1/1454 1457/1/1457 
f 1533/1/1533 1534/1/1534 1535/1/1535 1536/1/1536 
f 1537/1/1537 1538/1/1538 1534/1/1534 1533/1/1533 
f 1539/1/1539 1540/1/1540 1534/1/1534 1538/1/1538 
f 1535/1/1535 1534/1/1534 1540/1/1540 1541/1/1541 
f 1542/1/1542 1543/1/1543 1544/1/1544 
f 1545/1/1545 1546/1/1546 1542/1/1542 1547/1/1547 
f 1548/1/1548 1542/1/1542 1546/1/1546 1549/1/1549 
f 1543/1/1543 1542/1/1542 1548/1/1548 1550/1/1550 
f 1551/1/1551 1552/1/1552 1553/1/1553 1554/1/1554 
f 1555/1/1555 1556/1/1556 1553/1/1553 1552/1/1552 
f 1556/1/1556 1544/1/1544 1543/1/1543 1553/1/1553 
f 1550/1/1550 1554/1/1554 1553/1/1553 1543/1/1543 
f 1557/1/1557 1558/1/1558 1556/1/1556 1555/1/1555 
f 1559/1/1559 1560/1/1560 1558/1/1558 1557/1/1557 
f 1545/1/1545 1547/1/1547 1558/1/1558 1560/1/1560 
f 1544/1/1544 1556/1/1556 1558/1/1558 1547/1/1547 
f 1561/1/1561 1562/1/1562 1540/1/1540 1539/1/1539 
f 1561/1/1561 1555/1/1555 1552/1/1552 1562/1/1562 
f 1563/1/1563 1562/1/1562 1552/1/1552 1551/1/1551 
f 1541/1/1541 1540/1/1540 1562/1/1562 1563/1/1563 
f 1564/1/1564 1538/1/1538 1537/1/1537 
f 1565/1/1565 1559/1/1559 1557/1/1557 
f 1555/1/1555 1561/1/1561 1564/1/1564 1557/1/1557 
f 1538/1/1538 1564/1/1564 1561/1/1561 1539/1/1539 
f 1536/1/1536 1566/1/1566 1567/1/1567 1533/1/1533 
f 1568/1/1568 1567/1/1567 1566/1/1566 1569/1/1569 
f 1559/1/1559 1565/1/1565 1567/1/1567 1568/1/1568 
f 1533/1/1533 1567/1/1567 1565/1/1565 1537/1/1537 
f 1549/1/1549 1546/1/1546 1570/1/1570 1571/1/1571 
f 1560/1/1560 1570/1/1570 1546/1/1546 1545/1/1545 
f 1559/1/1559 1568/1/1568 1570/1/1570 1560/1/1560 
f 1571/1/1571 1570/1/1570 1568/1/1568 1569/1/1569 
f 1572/1/1572 1573/1/1573 1574/1/1574 1575/1/1575 
f 1576/1/1576 1574/1/1574 1573/1/1573 1577/1/1577 
f 1578/1/1578 1579/1/1579 1574/1/1574 1576/1/1576 
f 1575/1/1575 1574/1/1574 1579/1/1579 1580/1/1580 
f 1572/1/1572 1581/1/1581 1582/1/1582 1573/1/1573 
f 1583/1/1583 1582/1/1582 1581/1/1581 1584/1/1584 
f 1585/1/1585 1586/1/1586 1582/1/1582 1583/1/1583 
f 1573/1/1573 1582/1/1582 1586/1/1586 1577/1/1577 
f 1587/1/1587 1588/1/1588 1589/1/1589 1590/1/1590 
f 1575/1/1575 1589/1/1589 1588/1/1588 1572/1/1572 
f 1580/1/1580 1591/1/1591 1589/1/1589 1575/1/1575 
f 1590/1/1590 1589/1/1589 1591/1/1591 1592/1/1592 
f 1587/1/1587 1593/1/1593 1594/1/1594 1588/1/1588 
f 1595/1/1595 1594/1/1594 1593/1/1593 1596/1/1596 
f 1584/1/1584 1581/1/1581 1594/1/1594 1595/1/1595 
f 1588/1/1588 1594/1/1594 1581/1/1581 1572/1/1572 
f 1530/1/1530 1597/1/1597 1598/1/1598 1528/1/1528 
f 1599/1/1599 1598/1/1598 1597/1/1597 1600/1/1600 
f 1592/1/1592 1601/1/1601 1598/1/1598 1599/1/1599 
f 1528/1/1528 1598/1/1598 1601/1/1601 1525/1/1525 
f 1602/1/1602 1596/1/1596 1603/1/1603 
f 1604/1/1604 1605/1/1605 1603/1/1603 1606/1/1606 
f 1604/1/1604 855/1/855 862/1/862 
f 1602/1/1602 1605/1/1605 862/1/862 861/1/861 
f 1607/1/1607 856/1/856 855/1/855 
f 1604/1/1604 1606/1/1606 1608/1/1608 
f 547/1/547 847/1/847 1607/1/1607 1608/1/1608 
f 856/1/856 1607/1/1607 847/1/847 840/1/840 
f 1609/1/1609 1610/1/1610 1600/1/1600 
f 1611/1/1611 1423/1/1423 1447/1/1447 
f 1609/1/1609 1447/1/1447 556/1/556 
f 555/1/555 561/1/561 1610/1/1610 
f 1597/1/1597 1612/1/1612 1611/1/1611 1600/1/1600 
f 1532/1/1532 1612/1/1612 1597/1/1597 1530/1/1530 
f 1422/1/1422 1612/1/1612 1532/1/1532 1424/1/1424 
f 1422/1/1422 1423/1/1423 1611/1/1611 
f 547/1/547 1608/1/1608 1613/1/1613 546/1/546 
f 1614/1/1614 1613/1/1613 1608/1/1608 1606/1/1606 
f 1614/1/1614 1615/1/1615 1616/1/1616 
f 1616/1/1616 543/1/543 546/1/546 
f 1617/1/1617 1590/1/1590 1592/1/1592 
f 1599/1/1599 1600/1/1600 1618/1/1618 
f 1619/1/1619 1620/1/1620 1617/1/1617 1618/1/1618 
f 1620/1/1620 1587/1/1587 1590/1/1590 
f 534/1/534 1621/1/1621 1622/1/1622 553/1/553 
f 1623/1/1623 1622/1/1622 1621/1/1621 1615/1/1615 
f 560/1/560 1622/1/1622 1623/1/1623 561/1/561 
f 553/1/553 1622/1/1622 560/1/560 550/1/550 
f 1624/1/1624 530/1/530 529/1/529 
f 542/1/542 543/1/543 1616/1/1616 
f 1621/1/1621 1624/1/1624 1616/1/1616 1615/1/1615 
f 1621/1/1621 534/1/534 530/1/530 
f 1614/1/1614 1625/1/1625 1626/1/1626 1615/1/1615 
f 1625/1/1625 1614/1/1614 1606/1/1606 
f 1619/1/1619 1626/1/1626 1625/1/1625 1627/1/1627 
f 561/1/561 1623/1/1623 1628/1/1628 1610/1/1610 
f 1626/1/1626 1628/1/1628 1623/1/1623 1615/1/1615 
f 1626/1/1626 1619/1/1619 1618/1/1618 
f 1610/1/1610 1628/1/1628 1618/1/1618 1600/1/1600 
f 1587/1/1587 1620/1/1620 1629/1/1629 1593/1/1593 
f 1627/1/1627 1629/1/1629 1620/1/1620 1619/1/1619 
f 1606/1/1606 1603/1/1603 1629/1/1629 1627/1/1627 
f 1593/1/1593 1629/1/1629 1603/1/1603 1596/1/1596 
f 861/1/861 860/1/860 1630/1/1630 1602/1/1602 
f 1630/1/1630 860/1/860 859/1/859 
f 1631/1/1631 1630/1/1630 1632/1/1632 1633/1/1633 
f 1631/1/1631 1596/1/1596 1602/1/1602 
f 1634/1/1634 1635/1/1635 1636/1/1636 1637/1/1637 
f 1634/1/1634 1638/1/1638 1639/1/1639 
f 1635/1/1635 1639/1/1639 869/1/869 
f 1636/1/1636 1635/1/1635 1510/1/1510 1507/1/1507 
f 1634/1/1634 1640/1/1640 1641/1/1641 1638/1/1638 
f 1637/1/1637 1642/1/1642 1640/1/1640 1634/1/1634 
f 1640/1/1640 1642/1/1642 1643/1/1643 
f 1644/1/1644 1645/1/1645 1638/1/1638 
f 1646/1/1646 1644/1/1644 1641/1/1641 1643/1/1643 
f 1644/1/1644 1646/1/1646 1633/1/1633 
f 1645/1/1645 1644/1/1644 1632/1/1632 859/1/859 
f 1647/1/1647 1648/1/1648 1649/1/1649 
f 1637/1/1637 1636/1/1636 1649/1/1649 
f 1649/1/1649 1636/1/1636 1507/1/1507 
f 1650/1/1650 1649/1/1649 1516/1/1516 1518/1/1518 
f 1633/1/1633 1651/1/1651 1652/1/1652 1631/1/1631 
f 1653/1/1653 1652/1/1652 1651/1/1651 1654/1/1654 
f 1584/1/1584 1595/1/1595 1652/1/1652 1653/1/1653 
f 1631/1/1631 1652/1/1652 1595/1/1595 1596/1/1596 
f 1643/1/1643 1655/1/1655 1656/1/1656 1646/1/1646 
f 1657/1/1657 1656/1/1656 1655/1/1655 1658/1/1658 
f 1654/1/1654 1651/1/1651 1656/1/1656 1657/1/1657 
f 1646/1/1646 1656/1/1656 1651/1/1651 1633/1/1633 
f 1647/1/1647 1659/1/1659 1660/1/1660 1648/1/1648 
f 1655/1/1655 1660/1/1660 1659/1/1659 1658/1/1658 
f 1642/1/1642 1660/1/1660 1655/1/1655 1643/1/1643 
f 1637/1/1637 1648/1/1648 1660/1/1660 1642/1/1642 
f 1654/1/1654 1661/1/1661 1662/1/1662 1653/1/1653 
f 1663/1/1663 1662/1/1662 1661/1/1661 1664/1/1664 
f 1585/1/1585 1583/1/1583 1662/1/1662 1663/1/1663 
f 1653/1/1653 1662/1/1662 1583/1/1583 1584/1/1584 
f 1665/1/1665 1666/1/1666 1667/1/1667 1668/1/1668 
f 1669/1/1669 1667/1/1667 1666/1/1666 1670/1/1670 
f 1658/1/1658 1659/1/1659 1667/1/1667 1669/1/1669 
f 1668/1/1668 1667/1/1667 1659/1/1659 1647/1/1647 
f 1669/1/1669 1671/1/1671 1657/1/1657 1658/1/1658 
f 1670/1/1670 1672/1/1672 1671/1/1671 1669/1/1669 
f 1664/1/1664 1661/1/1661 1671/1/1671 1672/1/1672 
f 1657/1/1657 1671/1/1671 1661/1/1661 1654/1/1654 
f 1664/1/1664 1673/1/1673 1674/1/1674 1663/1/1663 
f 1675/1/1675 1676/1/1676 1674/1/1674 1673/1/1673 
f 1677/1/1677 1678/1/1678 1674/1/1674 1676/1/1676 
f 1663/1/1663 1674/1/1674 1678/1/1678 1585/1/1585 
f 1679/1/1679 1680/1/1680 1681/1/1681 1682/1/1682 
f 1683/1/1683 1681/1/1681 1680/1/1680 1684/1/1684 
f 1670/1/1670 1666/1/1666 1681/1/1681 1683/1/1683 
f 1682/1/1682 1681/1/1681 1666/1/1666 1665/1/1665 
f 1684/1/1684 1685/1/1685 1686/1/1686 1683/1/1683 
f 1673/1/1673 1686/1/1686 1685/1/1685 1675/1/1675 
f 1664/1/1664 1672/1/1672 1686/1/1686 1673/1/1673 
f 1683/1/1683 1686/1/1686 1672/1/1672 1670/1/1670 
f 1687/1/1687 1688/1/1688 1689/1/1689 1690/1/1690 
f 1691/1/1691 1689/1/1689 1688/1/1688 1692/1/1692 
f 1693/1/1693 1694/1/1694 1689/1/1689 1691/1/1691 
f 1690/1/1690 1689/1/1689 1694/1/1694 1695/1/1695 
f 1696/1/1696 1697/1/1697 1698/1/1698 1699/1/1699 
f 1700/1/1700 1701/1/1701 1697/1/1697 1696/1/1696 
f 1690/1/1690 1697/1/1697 1701/1/1701 1687/1/1687 
f 1695/1/1695 1698/1/1698 1697/1/1697 1690/1/1690 
f 1702/1/1702 1703/1/1703 1704/1/1704 1705/1/1705 
f 1696/1/1696 1704/1/1704 1703/1/1703 1700/1/1700 
f 1699/1/1699 1706/1/1706 1704/1/1704 1696/1/1696 
f 1705/1/1705 1704/1/1704 1706/1/1706 1707/1/1707 
f 1708/1/1708 1709/1/1709 1710/1/1710 1711/1/1711 
f 194/1/194 1710/1/1710 1709/1/1709 198/1/198 
f 193/1/193 1712/1/1712 1710/1/1710 194/1/194 
f 1711/1/1711 1710/1/1710 1712/1/1712 1713/1/1713 
f 1714/1/1714 1715/1/1715 203/1/203 202/1/202 
f 1716/1/1716 1717/1/1717 1715/1/1715 1714/1/1714 
f 1715/1/1715 1717/1/1717 1713/1/1713 
f 203/1/203 1715/1/1715 1712/1/1712 193/1/193 
f 202/1/202 213/1/213 1718/1/1718 1714/1/1714 
f 1719/1/1719 1718/1/1718 213/1/213 212/1/212 
f 1718/1/1718 1719/1/1719 1720/1/1720 
f 1714/1/1714 1718/1/1718 1721/1/1721 1716/1/1716 
f 1722/1/1722 1723/1/1723 1724/1/1724 1725/1/1725 
f 1726/1/1726 1727/1/1727 1723/1/1723 1722/1/1722 
f 1728/1/1728 1723/1/1723 1727/1/1727 1729/1/1729 
f 1152/1/1152 1724/1/1724 1723/1/1723 1728/1/1728 
f 298/1/298 1730/1/1730 1731/1/1731 297/1/297 
f 1730/1/1730 1732/1/1732 1733/1/1733 
f 159/1/159 158/1/158 1731/1/1731 1733/1/1733 
f 297/1/297 1731/1/1731 158/1/158 163/1/163 
f 157/1/157 1734/1/1734 1735/1/1735 152/1/152 
f 1736/1/1736 1737/1/1737 1735/1/1735 1734/1/1734 
f 165/1/165 1735/1/1735 1737/1/1737 166/1/166 
f 152/1/152 1735/1/1735 165/1/165 149/1/149 
f 1738/1/1738 1739/1/1739 1740/1/1740 1741/1/1741 
f 1730/1/1730 1740/1/1740 1739/1/1739 1732/1/1732 
f 298/1/298 350/1/350 1740/1/1740 1730/1/1730 
f 1741/1/1741 1740/1/1740 350/1/350 351/1/351 
f 1255/1/1255 1742/1/1742 1743/1/1743 1251/1/1251 
f 1742/1/1742 1744/1/1744 1745/1/1745 
f 1238/1/1238 1236/1/1236 1743/1/1743 1745/1/1745 
f 1237/1/1237 1251/1/1251 1743/1/1743 1236/1/1236 
f 1746/1/1746 1747/1/1747 1748/1/1748 1749/1/1749 
f 1745/1/1745 1748/1/1748 1747/1/1747 1238/1/1238 
f 1748/1/1748 1745/1/1745 1744/1/1744 
f 1749/1/1749 1748/1/1748 1750/1/1750 1751/1/1751 
f 1265/1/1265 1752/1/1752 1753/1/1753 1264/1/1264 
f 1742/1/1742 1753/1/1753 1752/1/1752 1744/1/1744 
f 1255/1/1255 1254/1/1254 1753/1/1753 1742/1/1742 
f 1264/1/1264 1753/1/1753 1254/1/1254 1253/1/1253 
f 1259/1/1259 1256/1/1256 1754/1/1754 1260/1/1260 
f 1755/1/1755 1754/1/1754 1256/1/1256 1248/1/1248 
f 1755/1/1755 1756/1/1756 1757/1/1757 
f 1757/1/1757 1262/1/1262 1260/1/1260 
f 1758/1/1758 1759/1/1759 1760/1/1760 1761/1/1761 
f 1550/1/1550 1548/1/1548 1759/1/1759 1758/1/1758 
f 1549/1/1549 1762/1/1762 1759/1/1759 1548/1/1548 
f 1760/1/1760 1759/1/1759 1762/1/1762 1763/1/1763 
f 1764/1/1764 1765/1/1765 1551/1/1551 
f 1758/1/1758 1764/1/1764 1554/1/1554 1550/1/1550 
f 1764/1/1764 1758/1/1758 1761/1/1761 
f 1765/1/1765 1764/1/1764 1766/1/1766 1767/1/1767 
f 1768/1/1768 1769/1/1769 1770/1/1770 1771/1/1771 
f 1772/1/1772 1770/1/1770 1769/1/1769 1773/1/1773 
f 1569/1/1569 1566/1/1566 1770/1/1770 1772/1/1772 
f 1771/1/1771 1770/1/1770 1566/1/1566 1536/1/1536 
f 1569/1/1569 1772/1/1772 1774/1/1774 1571/1/1571 
f 1775/1/1775 1774/1/1774 1772/1/1772 1773/1/1773 
f 1762/1/1762 1774/1/1774 1775/1/1775 1763/1/1763 
f 1571/1/1571 1774/1/1774 1762/1/1762 1549/1/1549 
f 1776/1/1776 1777/1/1777 1226/1/1226 1225/1/1225 
f 1778/1/1778 1777/1/1777 1776/1/1776 1779/1/1779 
f 1247/1/1247 1246/1/1246 1777/1/1777 1778/1/1778 
f 1226/1/1226 1777/1/1777 1246/1/1246 1230/1/1230 
f 1247/1/1247 1778/1/1778 1780/1/1780 1244/1/1244 
f 1781/1/1781 1780/1/1780 1778/1/1778 1779/1/1779 
f 1780/1/1780 1781/1/1781 1756/1/1756 
f 1244/1/1244 1780/1/1780 1755/1/1755 1248/1/1248 
f 1150/1/1150 1148/1/1148 1782/1/1782 1783/1/1783 
f 1784/1/1784 1782/1/1782 1148/1/1148 1147/1/1147 
f 1785/1/1785 1786/1/1786 1782/1/1782 1784/1/1784 
f 1783/1/1783 1782/1/1782 1786/1/1786 1787/1/1787 
f 1787/1/1787 1786/1/1786 1788/1/1788 1789/1/1789 
f 1790/1/1790 1788/1/1788 1786/1/1786 1785/1/1785 
f 1790/1/1790 1386/1/1386 1383/1/1383 1788/1/1788 
f 1383/1/1383 1385/1/1385 1789/1/1789 1788/1/1788 
f 1791/1/1791 1792/1/1792 1793/1/1793 1794/1/1794 
f 1795/1/1795 1793/1/1793 1792/1/1792 1796/1/1796 
f 1797/1/1797 1798/1/1798 1793/1/1793 1795/1/1795 
f 1794/1/1794 1793/1/1793 1798/1/1798 1799/1/1799 
f 1800/1/1800 1801/1/1801 1802/1/1802 1803/1/1803 
f 1804/1/1804 1803/1/1803 1802/1/1802 1805/1/1805 
f 178/1/178 181/1/181 1803/1/1803 1804/1/1804 
f 1800/1/1800 1803/1/1803 181/1/181 186/1/186 
f 1806/1/1806 1807/1/1807 1808/1/1808 1809/1/1809 
f 1810/1/1810 1811/1/1811 1807/1/1807 1806/1/1806 
f 1812/1/1812 1813/1/1813 1807/1/1807 1811/1/1811 
f 1814/1/1814 1808/1/1808 1807/1/1807 1813/1/1813 
f 1812/1/1812 1811/1/1811 1815/1/1815 1816/1/1816 
f 1817/1/1817 1815/1/1815 1811/1/1811 1810/1/1810 
f 166/1/166 1737/1/1737 1815/1/1815 1817/1/1817 
f 1816/1/1816 1815/1/1815 1737/1/1737 1736/1/1736 
f 1818/1/1818 1817/1/1817 1810/1/1810 
f 1819/1/1819 1818/1/1818 1820/1/1820 1821/1/1821 
f 1818/1/1818 1819/1/1819 169/1/169 
f 1817/1/1817 1818/1/1818 168/1/168 166/1/166 
f 1822/1/1822 1806/1/1806 1809/1/1809 
f 1823/1/1823 1824/1/1824 1825/1/1825 
f 1821/1/1821 1820/1/1820 1822/1/1822 1825/1/1825 
f 1806/1/1806 1822/1/1822 1820/1/1820 1810/1/1810 
f 1826/1/1826 1827/1/1827 1828/1/1828 1829/1/1829 
f 1830/1/1830 1828/1/1828 1827/1/1827 1831/1/1831 
f 198/1/198 1709/1/1709 1828/1/1828 1830/1/1830 
f 1829/1/1829 1828/1/1828 1709/1/1709 1708/1/1708 
f 1831/1/1831 1827/1/1827 1832/1/1832 1833/1/1833 
f 1834/1/1834 1832/1/1832 1827/1/1827 1826/1/1826 
f 1796/1/1796 1792/1/1792 1832/1/1832 1834/1/1834 
f 1833/1/1833 1832/1/1832 1792/1/1792 1791/1/1791 
f 1751/1/1751 1835/1/1835 1836/1/1836 1749/1/1749 
f 1835/1/1835 1837/1/1837 1838/1/1838 
f 1096/1/1096 1839/1/1839 1836/1/1836 1838/1/1838 
f 1749/1/1749 1836/1/1836 1839/1/1839 1746/1/1746 
f 1091/1/1091 1840/1/1840 1841/1/1841 1090/1/1090 
f 1842/1/1842 1841/1/1841 1840/1/1840 1843/1/1843 
f 1844/1/1844 1845/1/1845 1841/1/1841 1842/1/1842 
f 1090/1/1090 1841/1/1841 1845/1/1845 266/1/266 
f 1729/1/1729 1727/1/1727 1846/1/1846 1847/1/1847 
f 1848/1/1848 1846/1/1846 1727/1/1727 1726/1/1726 
f 1843/1/1843 1840/1/1840 1846/1/1846 1848/1/1848 
f 1847/1/1847 1846/1/1846 1840/1/1840 1091/1/1091 
f 1849/1/1849 1838/1/1838 1837/1/1837 
f 1850/1/1850 1849/1/1849 1851/1/1851 1852/1/1852 
f 252/1/252 1097/1/1097 1849/1/1849 1850/1/1850 
f 1097/1/1097 1096/1/1096 1838/1/1838 
f 1853/1/1853 1854/1/1854 1855/1/1855 
f 1741/1/1741 1853/1/1853 1856/1/1856 1738/1/1738 
f 351/1/351 354/1/354 1853/1/1853 1741/1/1741 
f 1854/1/1854 1853/1/1853 354/1/354 253/1/253 
f 1857/1/1857 1850/1/1850 1852/1/1852 
f 1854/1/1854 1857/1/1857 1858/1/1858 1855/1/1855 
f 253/1/253 1859/1/1859 1857/1/1857 1854/1/1854 
f 1850/1/1850 1857/1/1857 1859/1/1859 252/1/252 
f 1860/1/1860 1861/1/1861 1862/1/1862 1863/1/1863 
f 261/1/261 1862/1/1862 1861/1/1861 258/1/258 
f 266/1/266 1845/1/1845 1862/1/1862 261/1/261 
f 1863/1/1863 1862/1/1862 1845/1/1845 1844/1/1844 
f 1864/1/1864 1865/1/1865 1866/1/1866 1867/1/1867 
f 1868/1/1868 1866/1/1866 1865/1/1865 1869/1/1869 
f 1146/1/1146 1145/1/1145 1866/1/1866 1868/1/1868 
f 1145/1/1145 1151/1/1151 1867/1/1867 
f 154/1/154 1870/1/1870 1871/1/1871 162/1/162 
f 1872/1/1872 1871/1/1871 1870/1/1870 1873/1/1873 
f 294/1/294 1871/1/1871 1872/1/1872 291/1/291 
f 163/1/163 162/1/162 1871/1/1871 294/1/294 
f 149/1/149 171/1/171 1874/1/1874 150/1/150 
f 1875/1/1875 1874/1/1874 171/1/171 170/1/170 
f 1875/1/1875 1873/1/1873 1870/1/1870 1874/1/1874 
f 150/1/150 1874/1/1874 1870/1/1870 154/1/154 
f 1732/1/1732 1876/1/1876 1877/1/1877 1733/1/1733 
f 1878/1/1878 1877/1/1877 1876/1/1876 1879/1/1879 
f 155/1/155 160/1/160 1877/1/1877 1878/1/1878 
f 1733/1/1733 1877/1/1877 160/1/160 159/1/159 
f 1879/1/1879 1880/1/1880 1881/1/1881 1878/1/1878 
f 1734/1/1734 1881/1/1881 1880/1/1880 1736/1/1736 
f 156/1/156 1881/1/1881 1734/1/1734 157/1/157 
f 1878/1/1878 1881/1/1881 156/1/156 155/1/155 
f 1882/1/1882 1883/1/1883 1884/1/1884 1885/1/1885 
f 361/1/361 1884/1/1884 1883/1/1883 359/1/359 
f 258/1/258 1861/1/1861 1884/1/1884 361/1/361 
f 1885/1/1885 1884/1/1884 1861/1/1861 1860/1/1860 
f 359/1/359 1883/1/1883 1886/1/1886 360/1/360 
f 1887/1/1887 1886/1/1886 1883/1/1883 1882/1/1882 
f 1887/1/1887 1720/1/1720 1719/1/1719 1886/1/1886 
f 212/1/212 360/1/360 1886/1/1886 1719/1/1719 
f 281/1/281 1888/1/1888 1889/1/1889 280/1/280 
f 1890/1/1890 1891/1/1891 1889/1/1889 1888/1/1888 
f 1892/1/1892 1893/1/1893 1889/1/1889 1891/1/1891 
f 280/1/280 1889/1/1889 1893/1/1893 282/1/282 
f 304/1/304 301/1/301 1894/1/1894 1895/1/1895 
f 301/1/301 302/1/302 1896/1/1896 1894/1/1894 
f 1892/1/1892 1891/1/1891 1894/1/1894 1896/1/1896 
f 1895/1/1895 1894/1/1894 1891/1/1891 1890/1/1890 
f 1541/1/1541 1897/1/1897 1898/1/1898 1535/1/1535 
f 1899/1/1899 1898/1/1898 1897/1/1897 1900/1/1900 
f 1899/1/1899 1768/1/1768 1771/1/1771 
f 1536/1/1536 1535/1/1535 1898/1/1898 1771/1/1771 
f 1901/1/1901 1902/1/1902 1900/1/1900 
f 1563/1/1563 1901/1/1901 1897/1/1897 1541/1/1541 
f 1551/1/1551 1765/1/1765 1901/1/1901 1563/1/1563 
f 1765/1/1765 1767/1/1767 1902/1/1902 
f 1903/1/1903 1904/1/1904 1905/1/1905 1906/1/1906 
f 1907/1/1907 1905/1/1905 1904/1/1904 1908/1/1908 
f 1909/1/1909 1910/1/1910 1905/1/1905 1907/1/1907 
f 1906/1/1906 1905/1/1905 1910/1/1910 1911/1/1911 
f 1476/1/1476 1479/1/1479 1912/1/1912 1913/1/1913 
f 1914/1/1914 1912/1/1912 1479/1/1479 1484/1/1484 
f 1908/1/1908 1904/1/1904 1912/1/1912 1914/1/1914 
f 1913/1/1913 1912/1/1912 1904/1/1904 1903/1/1903 
f 1915/1/1915 1916/1/1916 1917/1/1917 1918/1/1918 
f 1919/1/1919 1917/1/1917 1916/1/1916 1920/1/1920 
f 1921/1/1921 1922/1/1922 1917/1/1917 1919/1/1919 
f 1918/1/1918 1917/1/1917 1922/1/1922 1923/1/1923 
f 1924/1/1924 1925/1/1925 1926/1/1926 1927/1/1927 
f 1919/1/1919 1926/1/1926 1925/1/1925 1921/1/1921 
f 1920/1/1920 1928/1/1928 1926/1/1926 1919/1/1919 
f 1927/1/1927 1926/1/1926 1928/1/1928 1929/1/1929 
f 1746/1/1746 1930/1/1930 1931/1/1931 1747/1/1747 
f 1932/1/1932 1931/1/1931 1930/1/1930 1933/1/1933 
f 1233/1/1233 1239/1/1239 1931/1/1931 1932/1/1932 
f 1747/1/1747 1931/1/1931 1239/1/1239 1238/1/1238 
f 1094/1/1094 1934/1/1934 1935/1/1935 1095/1/1095 
f 1933/1/1933 1930/1/1930 1935/1/1935 1934/1/1934 
f 1930/1/1930 1746/1/1746 1839/1/1839 1935/1/1935 
f 1095/1/1095 1935/1/1935 1839/1/1839 1096/1/1096 
f 1103/1/1103 1936/1/1936 1937/1/1937 1101/1/1101 
f 1938/1/1938 1937/1/1937 1936/1/1936 1939/1/1939 
f 1940/1/1940 1941/1/1941 1937/1/1937 1938/1/1938 
f 1101/1/1101 1937/1/1937 1941/1/1941 1098/1/1098 
f 1942/1/1942 1943/1/1943 1944/1/1944 1945/1/1945 
f 1938/1/1938 1944/1/1944 1943/1/1943 1940/1/1940 
f 1939/1/1939 1946/1/1946 1944/1/1944 1938/1/1938 
f 1947/1/1947 1945/1/1945 1944/1/1944 1946/1/1946 
f 1948/1/1948 1949/1/1949 1950/1/1950 
f 1951/1/1951 1948/1/1948 1952/1/1952 1953/1/1953 
f 1954/1/1954 1955/1/1955 1948/1/1948 1951/1/1951 
f 1955/1/1955 1956/1/1956 1949/1/1949 
f 1953/1/1953 1952/1/1952 1957/1/1957 1958/1/1958 
f 1952/1/1952 1950/1/1950 1959/1/1959 
f 1781/1/1781 1957/1/1957 1959/1/1959 1756/1/1756 
f 1781/1/1781 1779/1/1779 1958/1/1958 
f 1923/1/1923 1960/1/1960 1961/1/1961 1918/1/1918 
f 1962/1/1962 1961/1/1961 1960/1/1960 1963/1/1963 
f 1160/1/1160 1964/1/1964 1961/1/1961 1962/1/1962 
f 1918/1/1918 1961/1/1961 1964/1/1964 1915/1/1915 
f 1965/1/1965 1155/1/1155 1160/1/1160 
f 1966/1/1966 1965/1/1965 1962/1/1962 1963/1/1963 
f 1965/1/1965 1966/1/1966 1725/1/1725 
f 1155/1/1155 1965/1/1965 1724/1/1724 1152/1/1152 
f 1967/1/1967 1968/1/1968 1969/1/1969 1970/1/1970 
f 1971/1/1971 1969/1/1969 1968/1/1968 1972/1/1972 
f 1869/1/1869 1865/1/1865 1969/1/1969 1971/1/1971 
f 1970/1/1970 1969/1/1969 1865/1/1865 1864/1/1864 
f 1972/1/1972 1968/1/1968 1973/1/1973 1974/1/1974 
f 1968/1/1968 1967/1/1967 1975/1/1975 
f 1942/1/1942 1945/1/1945 1973/1/1973 1975/1/1975 
f 1974/1/1974 1973/1/1973 1945/1/1945 1947/1/1947 
f 1955/1/1955 1954/1/1954 1976/1/1976 
f 1977/1/1977 1978/1/1978 1976/1/1976 1979/1/1979 
f 1977/1/1977 1980/1/1980 1981/1/1981 1978/1/1978 
f 1978/1/1978 1981/1/1981 1956/1/1956 
f 1982/1/1982 1980/1/1980 1977/1/1977 
f 1977/1/1977 1979/1/1979 1983/1/1983 1984/1/1984 
f 1769/1/1769 1984/1/1984 1983/1/1983 1773/1/1773 
f 1982/1/1982 1984/1/1984 1769/1/1769 1768/1/1768 
f 1929/1/1929 1985/1/1985 1986/1/1986 1927/1/1927 
f 1987/1/1987 1988/1/1988 1986/1/1986 1985/1/1985 
f 1989/1/1989 1986/1/1986 1988/1/1988 1990/1/1990 
f 1927/1/1927 1986/1/1986 1989/1/1989 1924/1/1924 
f 1990/1/1990 1988/1/1988 1991/1/1991 1992/1/1992 
f 1993/1/1993 1991/1/1991 1988/1/1988 1987/1/1987 
f 1911/1/1911 1910/1/1910 1991/1/1991 1993/1/1993 
f 1910/1/1910 1909/1/1909 1992/1/1992 
f 1994/1/1994 1995/1/1995 1996/1/1996 
f 1997/1/1997 1998/1/1998 1999/1/1999 
f 1767/1/1767 1766/1/1766 1994/1/1994 1999/1/1999 
f 1995/1/1995 1994/1/1994 1766/1/1766 1761/1/1761 
f 2000/1/2000 2001/1/2001 2002/1/2002 2003/1/2003 
f 2004/1/2004 2002/1/2002 2001/1/2001 2005/1/2005 
f 1490/1/1490 1486/1/1486 2002/1/2002 2004/1/2004 
f 2003/1/2003 2002/1/2002 1486/1/1486 1485/1/1485 
f 2006/1/2006 2007/1/2007 2008/1/2008 2009/1/2009 
f 2010/1/2010 2008/1/2008 2007/1/2007 2011/1/2011 
f 2012/1/2012 2013/1/2013 2008/1/2008 2010/1/2010 
f 2009/1/2009 2008/1/2008 2013/1/2013 2014/1/2014 
f 2011/1/2011 2007/1/2007 2015/1/2015 2016/1/2016 
f 2017/1/2017 2015/1/2015 2007/1/2007 2006/1/2006 
f 1693/1/1693 1691/1/1691 2015/1/2015 2017/1/2017 
f 2016/1/2016 2015/1/2015 1691/1/1691 1692/1/1692 
f 2018/1/2018 2019/1/2019 2020/1/2020 2021/1/2021 
f 1711/1/1711 2020/1/2020 2019/1/2019 1708/1/1708 
f 1713/1/1713 2022/1/2022 2020/1/2020 1711/1/1711 
f 2021/1/2021 2020/1/2020 2022/1/2022 2023/1/2023 
f 2024/1/2024 2025/1/2025 2026/1/2026 
f 2027/1/2027 2028/1/2028 2029/1/2029 
f 2024/1/2024 2029/1/2029 1716/1/1716 
f 2025/1/2025 2024/1/2024 1721/1/1721 1720/1/1720 
f 2030/1/2030 2031/1/2031 2032/1/2032 2033/1/2033 
f 1842/1/1842 2032/1/2032 2031/1/2031 1844/1/1844 
f 1843/1/1843 2034/1/2034 2032/1/2032 1842/1/1842 
f 2033/1/2033 2032/1/2032 2034/1/2034 2035/1/2035 
f 2036/1/2036 2037/1/2037 2038/1/2038 2039/1/2039 
f 1966/1/1966 2038/1/2038 2037/1/2037 1725/1/1725 
f 1963/1/1963 2040/1/2040 2038/1/2038 1966/1/1966 
f 2039/1/2039 2038/1/2038 2040/1/2040 2041/1/2041 
f 2042/1/2042 2043/1/2043 2044/1/2044 2045/1/2045 
f 2046/1/2046 2044/1/2044 2043/1/2043 2047/1/2047 
f 1732/1/1732 1739/1/1739 2044/1/2044 2046/1/2046 
f 2045/1/2045 2044/1/2044 1739/1/1739 1738/1/1738 
f 2048/1/2048 2049/1/2049 2050/1/2050 2051/1/2051 
f 2052/1/2052 2050/1/2050 2049/1/2049 2053/1/2053 
f 1744/1/1744 1752/1/1752 2050/1/2050 2052/1/2052 
f 2051/1/2051 2050/1/2050 1752/1/1752 1265/1/1265 
f 2054/1/2054 2055/1/2055 2056/1/2056 2057/1/2057 
f 2058/1/2058 2056/1/2056 2055/1/2055 2059/1/2059 
f 1852/1/1852 1851/1/1851 2056/1/2056 2058/1/2058 
f 2057/1/2057 2056/1/2056 1851/1/1851 1837/1/1837 
f 2060/1/2060 2061/1/2061 2062/1/2062 2063/1/2063 
f 1760/1/1760 2061/1/2061 2060/1/2060 1761/1/1761 
f 1763/1/1763 2064/1/2064 2061/1/2061 1760/1/1760 
f 2062/1/2062 2061/1/2061 2064/1/2064 2065/1/2065 
f 2066/1/2066 2067/1/2067 2068/1/2068 
f 1776/1/1776 2066/1/2066 2069/1/2069 1779/1/1779 
f 1225/1/1225 2070/1/2070 2066/1/2066 1776/1/1776 
f 2067/1/2067 2066/1/2066 2070/1/2070 2041/1/2041 
f 2071/1/2071 2072/1/2072 2073/1/2073 2074/1/2074 
f 2072/1/2072 1924/1/1924 1989/1/1989 
f 1990/1/1990 2075/1/2075 2073/1/2073 1989/1/1989 
f 2074/1/2074 2073/1/2073 2075/1/2075 2076/1/2076 
f 2077/1/2077 2078/1/2078 2079/1/2079 2080/1/2080 
f 1795/1/1795 2079/1/2079 2078/1/2078 1797/1/1797 
f 1796/1/1796 2081/1/2081 2079/1/2079 1795/1/1795 
f 2080/1/2080 2079/1/2079 2081/1/2081 2082/1/2082 
f 169/1/169 2083/1/2083 2084/1/2084 167/1/167 
f 2085/1/2085 2084/1/2084 2083/1/2083 2086/1/2086 
f 2018/1/2018 2087/1/2087 2084/1/2084 2085/1/2085 
f 167/1/167 2084/1/2084 2087/1/2087 170/1/170 
f 2021/1/2021 2088/1/2088 2087/1/2087 2018/1/2018 
f 2023/1/2023 2089/1/2089 2088/1/2088 2021/1/2021 
f 1873/1/1873 1875/1/1875 2088/1/2088 2089/1/2089 
f 170/1/170 2087/1/2087 2088/1/2088 1875/1/1875 
f 1708/1/1708 2019/1/2019 2090/1/2090 1829/1/1829 
f 2085/1/2085 2090/1/2090 2019/1/2019 2018/1/2018 
f 2086/1/2086 2091/1/2091 2090/1/2090 2085/1/2085 
f 1829/1/1829 2090/1/2090 2091/1/2091 1826/1/1826 
f 1873/1/1873 2089/1/2089 2092/1/2092 1872/1/1872 
f 2093/1/2093 2092/1/2092 2089/1/2089 2023/1/2023 
f 2094/1/2094 2092/1/2092 2093/1/2093 2028/1/2028 
f 291/1/291 1872/1/1872 2092/1/2092 2094/1/2094 
f 2028/1/2028 2027/1/2027 2095/1/2095 2094/1/2094 
f 2096/1/2096 2095/1/2095 2027/1/2027 2026/1/2026 
f 296/1/296 292/1/292 2095/1/2095 2096/1/2096 
f 2094/1/2094 2095/1/2095 292/1/292 291/1/291 
f 1717/1/1717 1716/1/1716 2029/1/2029 
f 2028/1/2028 2093/1/2093 2097/1/2097 2029/1/2029 
f 2097/1/2097 2093/1/2093 2023/1/2023 
f 1717/1/1717 2097/1/2097 2022/1/2022 1713/1/1713 
f 296/1/296 2096/1/2096 2098/1/2098 349/1/349 
f 2026/1/2026 2099/1/2099 2098/1/2098 2096/1/2096 
f 2100/1/2100 2101/1/2101 2098/1/2098 2099/1/2099 
f 349/1/349 2098/1/2098 2101/1/2101 346/1/346 
f 2025/1/2025 2102/1/2102 2099/1/2099 2026/1/2026 
f 1720/1/1720 1887/1/1887 2102/1/2102 2025/1/2025 
f 2102/1/2102 1887/1/1887 1882/1/1882 
f 2099/1/2099 2102/1/2102 2103/1/2103 2100/1/2100 
f 256/1/256 2104/1/2104 2105/1/2105 255/1/255 
f 2106/1/2106 2105/1/2105 2104/1/2104 2107/1/2107 
f 2030/1/2030 2108/1/2108 2105/1/2105 2106/1/2106 
f 255/1/255 2105/1/2105 2108/1/2108 257/1/257 
f 257/1/257 2108/1/2108 2109/1/2109 1093/1/1093 
f 2033/1/2033 2109/1/2109 2108/1/2108 2030/1/2030 
f 2035/1/2035 2110/1/2110 2109/1/2109 2033/1/2033 
f 1093/1/1093 2109/1/2109 2110/1/2110 1094/1/1094 
f 1844/1/1844 2031/1/2031 2111/1/2111 1863/1/1863 
f 2106/1/2106 2111/1/2111 2031/1/2031 2030/1/2030 
f 2107/1/2107 2112/1/2112 2111/1/2111 2106/1/2106 
f 1863/1/1863 2111/1/2111 2112/1/2112 1860/1/1860 
f 1933/1/1933 2113/1/2113 2114/1/2114 1932/1/1932 
f 2115/1/2115 2114/1/2114 2113/1/2113 2116/1/2116 
f 2036/1/2036 2117/1/2117 2114/1/2114 2115/1/2115 
f 1932/1/1932 2114/1/2114 2117/1/2117 1233/1/1233 
f 1233/1/1233 2117/1/2117 2118/1/2118 1228/1/1228 
f 2039/1/2039 2118/1/2118 2117/1/2117 2036/1/2036 
f 2041/1/2041 2070/1/2070 2118/1/2118 2039/1/2039 
f 1228/1/1228 2118/1/2118 2070/1/2070 1225/1/1225 
f 1725/1/1725 2037/1/2037 2119/1/2119 1722/1/1722 
f 2115/1/2115 2119/1/2119 2037/1/2037 2036/1/2036 
f 2116/1/2116 2120/1/2120 2119/1/2119 2115/1/2115 
f 1722/1/1722 2119/1/2119 2120/1/2120 1726/1/1726 
f 2121/1/2121 2122/1/2122 2123/1/2123 2124/1/2124 
f 2125/1/2125 2123/1/2123 2122/1/2122 2126/1/2126 
f 183/1/183 179/1/179 2123/1/2123 2125/1/2125 
f 2124/1/2124 2123/1/2123 179/1/179 178/1/178 
f 2126/1/2126 2127/1/2127 2128/1/2128 2125/1/2125 
f 2129/1/2129 2128/1/2128 2127/1/2127 2130/1/2130 
f 190/1/190 187/1/187 2128/1/2128 2129/1/2129 
f 2125/1/2125 2128/1/2128 187/1/187 183/1/183 
f 2127/1/2127 2126/1/2126 2131/1/2131 2132/1/2132 
f 1880/1/1880 2132/1/2132 2131/1/2131 1736/1/1736 
f 2133/1/2133 2132/1/2132 1880/1/1880 1879/1/1879 
f 2130/1/2130 2127/1/2127 2132/1/2132 2133/1/2133 
f 1812/1/1812 1816/1/1816 2134/1/2134 2135/1/2135 
f 2131/1/2131 2134/1/2134 1816/1/1816 1736/1/1736 
f 2126/1/2126 2122/1/2122 2134/1/2134 2131/1/2131 
f 2135/1/2135 2134/1/2134 2122/1/2122 2121/1/2121 
f 2130/1/2130 2136/1/2136 2137/1/2137 2129/1/2129 
f 2138/1/2138 2137/1/2137 2136/1/2136 2047/1/2047 
f 302/1/302 299/1/299 2137/1/2137 2138/1/2138 
f 2129/1/2129 2137/1/2137 299/1/299 190/1/190 
f 2047/1/2047 2043/1/2043 2139/1/2139 2138/1/2138 
f 2140/1/2140 2139/1/2139 2043/1/2043 2042/1/2042 
f 1892/1/1892 1896/1/1896 2139/1/2139 2140/1/2140 
f 2138/1/2138 2139/1/2139 1896/1/1896 302/1/302 
f 1879/1/1879 1876/1/1876 2141/1/2141 2133/1/2133 
f 2046/1/2046 2141/1/2141 1876/1/1876 1732/1/1732 
f 2047/1/2047 2136/1/2136 2141/1/2141 2046/1/2046 
f 2133/1/2133 2141/1/2141 2136/1/2136 2130/1/2130 
f 2142/1/2142 2143/1/2143 2144/1/2144 2145/1/2145 
f 2146/1/2146 2144/1/2144 2143/1/2143 2053/1/2053 
f 1947/1/1947 1946/1/1946 2144/1/2144 2146/1/2146 
f 2145/1/2145 2144/1/2144 1946/1/1946 1939/1/1939 
f 2147/1/2147 1974/1/1974 1947/1/1947 
f 2053/1/2053 2049/1/2049 2147/1/2147 2146/1/2146 
f 2049/1/2049 2048/1/2048 2148/1/2148 
f 1974/1/1974 2147/1/2147 2148/1/2148 1972/1/1972 
f 1751/1/1751 1750/1/1750 2149/1/2149 2150/1/2150 
f 2052/1/2052 2149/1/2149 1750/1/1750 1744/1/1744 
f 2053/1/2053 2143/1/2143 2149/1/2149 2052/1/2052 
f 2143/1/2143 2142/1/2142 2150/1/2150 
f 2151/1/2151 2152/1/2152 2153/1/2153 2154/1/2154 
f 2155/1/2155 2153/1/2153 2152/1/2152 2059/1/2059 
f 284/1/284 283/1/283 2153/1/2153 2155/1/2155 
f 2154/1/2154 2153/1/2153 283/1/283 282/1/282 
f 2059/1/2059 2055/1/2055 2156/1/2156 2155/1/2155 
f 2157/1/2157 2156/1/2156 2055/1/2055 2054/1/2054 
f 1103/1/1103 1102/1/1102 2156/1/2156 2157/1/2157 
f 2155/1/2155 2156/1/2156 1102/1/1102 284/1/284 
f 1855/1/1855 1858/1/1858 2158/1/2158 2159/1/2159 
f 2058/1/2058 2158/1/2158 1858/1/1858 1852/1/1852 
f 2059/1/2059 2152/1/2152 2158/1/2158 2058/1/2058 
f 2159/1/2159 2158/1/2158 2152/1/2152 2151/1/2151 
f 2160/1/2160 2161/1/2161 2162/1/2162 2163/1/2163 
f 2161/1/2161 2164/1/2164 2165/1/2165 
f 2162/1/2162 2165/1/2165 1146/1/1146 
f 2163/1/2163 2162/1/2162 1868/1/1868 1869/1/1869 
f 2165/1/2165 2166/1/2166 1143/1/1143 1146/1/1146 
f 2166/1/2166 2165/1/2165 2164/1/2164 
f 2167/1/2167 2168/1/2168 2166/1/2166 2169/1/2169 
f 1143/1/1143 2166/1/2166 2168/1/2168 1147/1/1147 
f 2170/1/2170 2171/1/2171 2169/1/2169 2164/1/2164 
f 1756/1/1756 1959/1/1959 2171/1/2171 2170/1/2170 
f 1950/1/1950 2172/1/2172 2171/1/2171 1959/1/1959 
f 2169/1/2169 2171/1/2171 2172/1/2172 2167/1/2167 
f 1262/1/1262 1757/1/1757 2173/1/2173 2174/1/2174 
f 2170/1/2170 2173/1/2173 1757/1/1757 1756/1/1756 
f 2164/1/2164 2161/1/2161 2173/1/2173 2170/1/2170 
f 2161/1/2161 2160/1/2160 2174/1/2174 
f 2175/1/2175 2176/1/2176 2177/1/2177 2178/1/2178 
f 2176/1/2176 2179/1/2179 2180/1/2180 
f 2177/1/2177 2180/1/2180 1378/1/1378 
f 2178/1/2178 2177/1/2177 1387/1/1387 1386/1/1386 
f 1378/1/1378 2180/1/2180 2181/1/2181 1377/1/1377 
f 2180/1/2180 2179/1/2179 2182/1/2182 
f 2183/1/2183 2184/1/2184 2181/1/2181 2182/1/2182 
f 1377/1/1377 2181/1/2181 2184/1/2184 1379/1/1379 
f 2179/1/2179 2185/1/2185 2186/1/2186 2182/1/2182 
f 1899/1/1899 2186/1/2186 2185/1/2185 1768/1/1768 
f 1900/1/1900 2187/1/2187 2186/1/2186 1899/1/1899 
f 2182/1/2182 2186/1/2186 2187/1/2187 2183/1/2183 
f 1980/1/1980 1982/1/1982 2188/1/2188 2189/1/2189 
f 2185/1/2185 2188/1/2188 1982/1/1982 1768/1/1768 
f 2179/1/2179 2176/1/2176 2188/1/2188 2185/1/2185 
f 2189/1/2189 2188/1/2188 2176/1/2176 2175/1/2175 
f 1379/1/1379 2184/1/2184 2190/1/2190 1488/1/1488 
f 2191/1/2191 2190/1/2190 2184/1/2184 2183/1/2183 
f 2192/1/2192 2193/1/2193 2190/1/2190 2191/1/2191 
f 2193/1/2193 1485/1/1485 1488/1/1488 
f 1485/1/1485 2193/1/2193 2194/1/2194 2003/1/2003 
f 2195/1/2195 2194/1/2194 2193/1/2193 2192/1/2192 
f 2196/1/2196 2197/1/2197 2194/1/2194 2195/1/2195 
f 2003/1/2003 2194/1/2194 2197/1/2197 2000/1/2000 
f 2192/1/2192 2198/1/2198 2199/1/2199 2195/1/2195 
f 1999/1/1999 2199/1/2199 2198/1/2198 1767/1/1767 
f 2199/1/2199 1999/1/1999 1998/1/1998 
f 2195/1/2195 2199/1/2199 2200/1/2200 2196/1/2196 
f 1767/1/1767 2198/1/2198 2201/1/2201 1902/1/1902 
f 2191/1/2191 2201/1/2201 2198/1/2198 2192/1/2192 
f 2183/1/2183 2187/1/2187 2201/1/2201 2191/1/2191 
f 1902/1/1902 2201/1/2201 2187/1/2187 1900/1/1900 
f 1702/1/1702 2202/1/2202 2203/1/2203 1703/1/1703 
f 2204/1/2204 2203/1/2203 2202/1/2202 2205/1/2205 
f 2206/1/2206 2207/1/2207 2203/1/2203 2204/1/2204 
f 1703/1/1703 2203/1/2203 2207/1/2207 1700/1/1700 
f 2207/1/2207 2206/1/2206 2208/1/2208 2209/1/2209 
f 2210/1/2210 2209/1/2209 2208/1/2208 2211/1/2211 
f 1687/1/1687 1701/1/1701 2209/1/2209 2210/1/2210 
f 2207/1/2207 2209/1/2209 1701/1/1701 1700/1/1700 
f 2211/1/2211 2212/1/2212 2213/1/2213 2210/1/2210 
f 2214/1/2214 2213/1/2213 2212/1/2212 2215/1/2215 
f 1692/1/1692 1688/1/1688 2213/1/2213 2214/1/2214 
f 2210/1/2210 2213/1/2213 1688/1/1688 1687/1/1687 
f 1692/1/1692 2214/1/2214 2216/1/2216 2016/1/2016 
f 2217/1/2217 2216/1/2216 2214/1/2214 2215/1/2215 
f 2218/1/2218 2219/1/2219 2216/1/2216 2217/1/2217 
f 2016/1/2016 2216/1/2216 2219/1/2219 2011/1/2011 
f 2011/1/2011 2219/1/2219 2220/1/2220 2010/1/2010 
f 2221/1/2221 2220/1/2220 2219/1/2219 2218/1/2218 
f 2222/1/2222 2223/1/2223 2220/1/2220 2221/1/2221 
f 2223/1/2223 2012/1/2012 2010/1/2010 
f 2224/1/2224 2225/1/2225 2226/1/2226 2227/1/2227 
f 2228/1/2228 2226/1/2226 2225/1/2225 2063/1/2063 
f 1484/1/1484 1483/1/1483 2226/1/2226 2228/1/2228 
f 2227/1/2227 2226/1/2226 1483/1/1483 1482/1/1482 
f 1484/1/1484 2228/1/2228 2229/1/2229 1914/1/1914 
f 2062/1/2062 2229/1/2229 2228/1/2228 2063/1/2063 
f 2065/1/2065 2230/1/2230 2229/1/2229 2062/1/2062 
f 2230/1/2230 1908/1/1908 1914/1/1914 
f 1996/1/1996 1995/1/1995 2231/1/2231 2232/1/2232 
f 2060/1/2060 2231/1/2231 1995/1/1995 1761/1/1761 
f 2063/1/2063 2225/1/2225 2231/1/2231 2060/1/2060 
f 2232/1/2232 2231/1/2231 2225/1/2225 2224/1/2224 
f 1908/1/1908 2230/1/2230 2233/1/2233 1907/1/1907 
f 2234/1/2234 2233/1/2233 2230/1/2230 2065/1/2065 
f 2235/1/2235 2236/1/2236 2233/1/2233 2234/1/2234 
f 1907/1/1907 2233/1/2233 2236/1/2236 1909/1/1909 
f 1909/1/1909 2236/1/2236 2237/1/2237 1992/1/1992 
f 2238/1/2238 2237/1/2237 2236/1/2236 2235/1/2235 
f 2076/1/2076 2075/1/2075 2237/1/2237 2238/1/2238 
f 2075/1/2075 1990/1/1990 1992/1/1992 
f 2238/1/2238 2239/1/2239 2240/1/2240 2076/1/2076 
f 2235/1/2235 2241/1/2241 2239/1/2239 2238/1/2238 
f 1773/1/1773 1983/1/1983 2239/1/2239 2241/1/2241 
f 1983/1/1983 1979/1/1979 2240/1/2240 2239/1/2239 
f 1763/1/1763 1775/1/1775 2242/1/2242 2064/1/2064 
f 2241/1/2241 2242/1/2242 1775/1/1775 1773/1/1773 
f 2235/1/2235 2234/1/2234 2242/1/2242 2241/1/2241 
f 2065/1/2065 2064/1/2064 2242/1/2242 2234/1/2234 
f 2243/1/2243 2244/1/2244 2245/1/2245 2246/1/2246 
f 2247/1/2247 2245/1/2245 2244/1/2244 2068/1/2068 
f 1923/1/1923 1922/1/1922 2245/1/2245 2247/1/2247 
f 1922/1/1922 1921/1/1921 2246/1/2246 
f 1960/1/1960 1923/1/1923 2247/1/2247 
f 2067/1/2067 2248/1/2248 2247/1/2247 2068/1/2068 
f 2041/1/2041 2040/1/2040 2248/1/2248 2067/1/2067 
f 2040/1/2040 1963/1/1963 1960/1/1960 
f 1953/1/1953 1958/1/1958 2249/1/2249 2250/1/2250 
f 2069/1/2069 2249/1/2249 1958/1/1958 1779/1/1779 
f 2068/1/2068 2244/1/2244 2249/1/2249 2069/1/2069 
f 2244/1/2244 2243/1/2243 2250/1/2250 
f 1953/1/1953 2250/1/2250 2251/1/2251 1951/1/1951 
f 2252/1/2252 2251/1/2251 2250/1/2250 2243/1/2243 
f 2071/1/2071 2253/1/2253 2251/1/2251 2252/1/2252 
f 1951/1/1951 2251/1/2251 2253/1/2253 1954/1/1954 
f 1954/1/1954 2253/1/2253 2254/1/2254 1976/1/1976 
f 2074/1/2074 2254/1/2254 2253/1/2253 2071/1/2071 
f 2254/1/2254 2074/1/2074 2076/1/2076 
f 2240/1/2240 1979/1/1979 1976/1/1976 2254/1/2254 
f 1924/1/1924 2072/1/2072 2255/1/2255 1925/1/1925 
f 2252/1/2252 2255/1/2255 2072/1/2072 2071/1/2071 
f 2243/1/2243 2246/1/2246 2255/1/2255 2252/1/2252 
f 2255/1/2255 2246/1/2246 1921/1/1921 
f 2256/1/2256 1981/1/1981 1980/1/1980 
f 2189/1/2189 2175/1/2175 2257/1/2257 2256/1/2256 
f 2258/1/2258 2259/1/2259 2256/1/2256 2257/1/2257 
f 1981/1/1981 2256/1/2256 2259/1/2259 1956/1/1956 
f 2260/1/2260 1949/1/1949 1956/1/1956 
f 2259/1/2259 2258/1/2258 2261/1/2261 
f 2167/1/2167 2172/1/2172 2260/1/2260 2261/1/2261 
f 1949/1/1949 2260/1/2260 2172/1/2172 1950/1/1950 
f 2258/1/2258 2262/1/2262 2263/1/2263 2261/1/2261 
f 1784/1/1784 2263/1/2263 2262/1/2262 1785/1/1785 
f 1147/1/1147 2168/1/2168 2263/1/2263 1784/1/1784 
f 2168/1/2168 2167/1/2167 2261/1/2261 
f 1785/1/1785 2262/1/2262 2264/1/2264 1790/1/1790 
f 2257/1/2257 2264/1/2264 2262/1/2262 2258/1/2258 
f 2175/1/2175 2178/1/2178 2264/1/2264 2257/1/2257 
f 1790/1/1790 2264/1/2264 2178/1/2178 1386/1/1386 
f 2265/1/2265 1825/1/1825 1824/1/1824 
f 2080/1/2080 2265/1/2265 2266/1/2266 2077/1/2077 
f 2265/1/2265 2080/1/2080 2082/1/2082 
f 1825/1/1825 2265/1/2265 2267/1/2267 1821/1/1821 
f 2121/1/2121 2268/1/2268 2269/1/2269 2135/1/2135 
f 2270/1/2270 2269/1/2269 2268/1/2268 2271/1/2271 
f 1814/1/1814 1813/1/1813 2269/1/2269 2270/1/2270 
f 2135/1/2135 2269/1/2269 1813/1/1813 1812/1/1812 
f 2272/1/2272 2273/1/2273 1804/1/1804 1805/1/1805 
f 2271/1/2271 2268/1/2268 2273/1/2273 2272/1/2272 
f 2124/1/2124 2273/1/2273 2268/1/2268 2121/1/2121 
f 178/1/178 1804/1/1804 2273/1/2273 2124/1/2124 
f 1826/1/1826 2091/1/2091 2274/1/2274 1834/1/1834 
f 2275/1/2275 2274/1/2274 2091/1/2091 2086/1/2086 
f 2082/1/2082 2081/1/2081 2274/1/2274 2275/1/2275 
f 1834/1/1834 2274/1/2274 2081/1/2081 1796/1/1796 
f 1821/1/1821 2267/1/2267 2276/1/2276 1819/1/1819 
f 2275/1/2275 2276/1/2276 2267/1/2267 2082/1/2082 
f 2086/1/2086 2083/1/2083 2276/1/2276 2275/1/2275 
f 1819/1/1819 2276/1/2276 2083/1/2083 169/1/169 
f 1094/1/1094 2110/1/2110 2277/1/2277 1934/1/1934 
f 2278/1/2278 2277/1/2277 2110/1/2110 2035/1/2035 
f 2116/1/2116 2113/1/2113 2277/1/2277 2278/1/2278 
f 1934/1/1934 2277/1/2277 2113/1/2113 1933/1/1933 
f 2035/1/2035 2034/1/2034 2279/1/2279 2278/1/2278 
f 1848/1/1848 2279/1/2279 2034/1/2034 1843/1/1843 
f 1726/1/1726 2120/1/2120 2279/1/2279 1848/1/1848 
f 2278/1/2278 2279/1/2279 2120/1/2120 2116/1/2116 
f 2054/1/2054 2280/1/2280 2281/1/2281 2157/1/2157 
f 2145/1/2145 2281/1/2281 2280/1/2280 2142/1/2142 
f 1939/1/1939 1936/1/1936 2281/1/2281 2145/1/2145 
f 2157/1/2157 2281/1/2281 1936/1/1936 1103/1/1103 
f 2142/1/2142 2280/1/2280 2282/1/2282 2150/1/2150 
f 2057/1/2057 2282/1/2282 2280/1/2280 2054/1/2054 
f 1837/1/1837 1835/1/1835 2282/1/2282 2057/1/2057 
f 1835/1/1835 1751/1/1751 2150/1/2150 
f 2042/1/2042 2283/1/2283 2284/1/2284 2140/1/2140 
f 2154/1/2154 2284/1/2284 2283/1/2283 2151/1/2151 
f 282/1/282 1893/1/1893 2284/1/2284 2154/1/2154 
f 2140/1/2140 2284/1/2284 1893/1/1893 1892/1/1892 
f 2285/1/2285 2045/1/2045 1738/1/1738 
f 2159/1/2159 2285/1/2285 1856/1/1856 1855/1/1855 
f 2151/1/2151 2283/1/2283 2285/1/2285 2159/1/2159 
f 2045/1/2045 2285/1/2285 2283/1/2283 2042/1/2042 
f 2286/1/2286 353/1/353 346/1/346 
f 2287/1/2287 2286/1/2286 2101/1/2101 2100/1/2100 
f 2286/1/2286 2287/1/2287 2107/1/2107 
f 2104/1/2104 256/1/256 353/1/353 
f 1860/1/1860 2112/1/2112 2288/1/2288 1885/1/1885 
f 2287/1/2287 2288/1/2288 2112/1/2112 2107/1/2107 
f 2100/1/2100 2103/1/2103 2288/1/2288 2287/1/2287 
f 2103/1/2103 1882/1/1882 1885/1/1885 
f 2174/1/2174 2289/1/2289 1263/1/1263 1262/1/1262 
f 2289/1/2289 2174/1/2174 2160/1/2160 
f 2051/1/2051 2289/1/2289 2290/1/2290 2048/1/2048 
f 1265/1/1265 1263/1/1263 2289/1/2289 2051/1/2051 
f 2163/1/2163 2291/1/2291 2290/1/2290 2160/1/2160 
f 2163/1/2163 1869/1/1869 1971/1/1971 2291/1/2291 
f 1972/1/1972 2148/1/2148 2291/1/2291 1971/1/1971 
f 2290/1/2290 2291/1/2291 2148/1/2148 2048/1/2048 
f 1638/1/1638 2292/1/2292 2293/1/2293 1639/1/1639 
f 2292/1/2292 2294/1/2294 2295/1/2295 
f 2293/1/2293 2295/1/2295 871/1/871 
f 1639/1/1639 2293/1/2293 870/1/870 869/1/869 
f 1039/1/1039 2296/1/2296 2297/1/2297 1040/1/1040 
f 2298/1/2298 2297/1/2297 2296/1/2296 2299/1/2299 
f 851/1/851 1027/1/1027 2297/1/2297 2298/1/2298 
f 1028/1/1028 1040/1/1040 2297/1/2297 1027/1/1027 
f 2300/1/2300 2301/1/2301 2302/1/2302 2303/1/2303 
f 2296/1/2296 2302/1/2302 2301/1/2301 2299/1/2299 
f 1039/1/1039 1060/1/1060 2302/1/2302 2296/1/2296 
f 2303/1/2303 2302/1/2302 1060/1/1060 1062/1/1062 
f 2299/1/2299 2304/1/2304 2305/1/2305 2298/1/2298 
f 2306/1/2306 2307/1/2307 2305/1/2305 2304/1/2304 
f 853/1/853 852/1/852 2305/1/2305 2307/1/2307 
f 2298/1/2298 2305/1/2305 852/1/852 851/1/851 
f 2299/1/2299 2301/1/2301 2308/1/2308 2304/1/2304 
f 2309/1/2309 2308/1/2308 2301/1/2301 2300/1/2300 
f 2310/1/2310 2311/1/2311 2308/1/2308 2309/1/2309 
f 2304/1/2304 2308/1/2308 2311/1/2311 2306/1/2306 
f 2311/1/2311 2310/1/2310 2312/1/2312 
f 2312/1/2312 859/1/859 857/1/857 
f 2307/1/2307 2313/1/2313 857/1/857 853/1/853 
f 2313/1/2313 2307/1/2307 2306/1/2306 
f 1645/1/1645 859/1/859 2312/1/2312 
f 2310/1/2310 2314/1/2314 2315/1/2315 2312/1/2312 
f 2294/1/2294 2292/1/2292 2315/1/2315 2314/1/2314 
f 2292/1/2292 1638/1/1638 1645/1/1645 
f 2314/1/2314 2316/1/2316 2295/1/2295 2294/1/2294 
f 2309/1/2309 2316/1/2316 2314/1/2314 2310/1/2310 
f 2300/1/2300 2317/1/2317 2316/1/2316 2309/1/2309 
f 2295/1/2295 2316/1/2316 2317/1/2317 871/1/871 
f 871/1/871 2317/1/2317 2318/1/2318 866/1/866 
f 2303/1/2303 2318/1/2318 2317/1/2317 2300/1/2300 
f 1062/1/1062 1071/1/1071 2318/1/2318 2303/1/2303 
f 866/1/866 2318/1/2318 1071/1/1071 863/1/863 
f 1522/1/1522 1526/1/1526 2319/1/2319 1521/1/1521 
f 2320/1/2320 2319/1/2319 1526/1/1526 1525/1/1525 
f 2320/1/2320 2321/1/2321 2322/1/2322 2319/1/2319 
f 1521/1/1521 2319/1/2319 2322/1/2322 1523/1/1523 
f 2323/1/2323 2324/1/2324 1591/1/1591 1580/1/1580 
f 2320/1/2320 2324/1/2324 2323/1/2323 2321/1/2321 
f 2324/1/2324 2320/1/2320 1525/1/1525 
f 1601/1/1601 1592/1/1592 1591/1/1591 
f 1579/1/1579 1578/1/1578 2325/1/2325 
f 2325/1/2325 2326/1/2326 2327/1/2327 
f 2321/1/2321 2323/1/2323 2328/1/2328 2327/1/2327 
f 1580/1/1580 1579/1/1579 2328/1/2328 2323/1/2323 
f 1523/1/1523 2329/1/2329 2330/1/2330 1524/1/1524 
f 2331/1/2331 2330/1/2330 2329/1/2329 2332/1/2332 
f 1467/1/1467 1463/1/1463 2330/1/2330 2331/1/2331 
f 1462/1/1462 1524/1/1524 2330/1/2330 1463/1/1463 
f 1523/1/1523 2322/1/2322 2333/1/2333 2329/1/2329 
f 2321/1/2321 2334/1/2334 2333/1/2333 2322/1/2322 
f 2335/1/2335 2336/1/2336 2333/1/2333 2334/1/2334 
f 2329/1/2329 2333/1/2333 2336/1/2336 2332/1/2332 
f 2335/1/2335 2334/1/2334 2337/1/2337 2338/1/2338 
f 2327/1/2327 2337/1/2337 2334/1/2334 2321/1/2321 
f 2326/1/2326 2338/1/2338 2337/1/2337 2327/1/2327 
f 2339/1/2339 2340/1/2340 2341/1/2341 2342/1/2342 
f 1480/1/1480 2341/1/2341 2340/1/2340 1482/1/1482 
f 1481/1/1481 2343/1/2343 2341/1/2341 1480/1/1480 
f 2342/1/2342 2341/1/2341 2343/1/2343 2344/1/2344 
f 2345/1/2345 2346/1/2346 2347/1/2347 2348/1/2348 
f 2349/1/2349 2347/1/2347 2346/1/2346 2350/1/2350 
f 2014/1/2014 2013/1/2013 2347/1/2347 2349/1/2349 
f 2348/1/2348 2347/1/2347 2013/1/2013 2012/1/2012 
f 2344/1/2344 2351/1/2351 2352/1/2352 2342/1/2342 
f 2353/1/2353 2352/1/2352 2351/1/2351 2354/1/2354 
f 2355/1/2355 2356/1/2356 2352/1/2352 2353/1/2353 
f 2342/1/2342 2352/1/2352 2356/1/2356 2339/1/2339 
f 2357/1/2357 2358/1/2358 2346/1/2346 2345/1/2345 
f 2355/1/2355 2353/1/2353 2358/1/2358 2357/1/2357 
f 2354/1/2354 2359/1/2359 2358/1/2358 2353/1/2353 
f 2359/1/2359 2350/1/2350 2346/1/2346 2358/1/2358 
f 1482/1/1482 2340/1/2340 2360/1/2360 2227/1/2227 
f 2361/1/2361 2360/1/2360 2340/1/2340 2339/1/2339 
f 2362/1/2362 2363/1/2363 2360/1/2360 2361/1/2361 
f 2227/1/2227 2360/1/2360 2363/1/2363 2224/1/2224 
f 2364/1/2364 2365/1/2365 2366/1/2366 2367/1/2367 
f 2348/1/2348 2366/1/2366 2365/1/2365 2345/1/2345 
f 2012/1/2012 2223/1/2223 2366/1/2366 2348/1/2348 
f 2367/1/2367 2366/1/2366 2223/1/2223 2222/1/2222 
f 2368/1/2368 2369/1/2369 2370/1/2370 2371/1/2371 
f 2357/1/2357 2370/1/2370 2369/1/2369 2355/1/2355 
f 2345/1/2345 2365/1/2365 2370/1/2370 2357/1/2357 
f 2371/1/2371 2370/1/2370 2365/1/2365 2364/1/2364 
f 2355/1/2355 2369/1/2369 2372/1/2372 2356/1/2356 
f 2373/1/2373 2372/1/2372 2369/1/2369 2368/1/2368 
f 2361/1/2361 2372/1/2372 2373/1/2373 2362/1/2362 
f 2339/1/2339 2356/1/2356 2372/1/2372 2361/1/2361 
f 2374/1/2374 2375/1/2375 2376/1/2376 2377/1/2377 
f 2232/1/2232 2375/1/2375 2374/1/2374 1996/1/1996 
f 2224/1/2224 2363/1/2363 2375/1/2375 2232/1/2232 
f 2376/1/2376 2375/1/2375 2363/1/2363 2362/1/2362 
f 2368/1/2368 2378/1/2378 2379/1/2379 2373/1/2373 
f 2380/1/2380 2379/1/2379 2378/1/2378 2381/1/2381 
f 2377/1/2377 2376/1/2376 2379/1/2379 2380/1/2380 
f 2373/1/2373 2379/1/2379 2376/1/2376 2362/1/2362 
f 2377/1/2377 2382/1/2382 2383/1/2383 2374/1/2374 
f 2384/1/2384 2383/1/2383 2382/1/2382 2385/1/2385 
f 1998/1/1998 1997/1/1997 2383/1/2383 2384/1/2384 
f 2374/1/2374 2383/1/2383 1997/1/1997 1996/1/1996 
f 2381/1/2381 2386/1/2386 2387/1/2387 2380/1/2380 
f 2388/1/2388 2387/1/2387 2386/1/2386 2389/1/2389 
f 2385/1/2385 2382/1/2382 2387/1/2387 2388/1/2388 
f 2382/1/2382 2377/1/2377 2380/1/2380 
f 2390/1/2390 2384/1/2384 2385/1/2385 
f 2391/1/2391 2390/1/2390 2392/1/2392 2393/1/2393 
f 2196/1/2196 2200/1/2200 2390/1/2390 2391/1/2391 
f 2384/1/2384 2390/1/2390 2200/1/2200 1998/1/1998 
f 2394/1/2394 2395/1/2395 2396/1/2396 2397/1/2397 
f 2393/1/2393 2392/1/2392 2396/1/2396 2395/1/2395 
f 2388/1/2388 2396/1/2396 2392/1/2392 2385/1/2385 
f 2388/1/2388 2389/1/2389 2397/1/2397 
f 2398/1/2398 2399/1/2399 2400/1/2400 2401/1/2401 
f 2402/1/2402 2403/1/2403 2399/1/2399 2398/1/2398 
f 2205/1/2205 2202/1/2202 2399/1/2399 2403/1/2403 
f 2400/1/2400 2399/1/2399 2202/1/2202 1702/1/1702 
f 2393/1/2393 2404/1/2404 2405/1/2405 2391/1/2391 
f 2406/1/2406 2405/1/2405 2404/1/2404 2407/1/2407 
f 2000/1/2000 2197/1/2197 2405/1/2405 2406/1/2406 
f 2391/1/2391 2405/1/2405 2197/1/2197 2196/1/2196 
f 2395/1/2395 2408/1/2408 2404/1/2404 2393/1/2393 
f 2409/1/2409 2408/1/2408 2395/1/2395 2394/1/2394 
f 2410/1/2410 2411/1/2411 2408/1/2408 2409/1/2409 
f 2407/1/2407 2404/1/2404 2408/1/2408 2411/1/2411 
f 2401/1/2401 2412/1/2412 2413/1/2413 2398/1/2398 
f 2409/1/2409 2413/1/2413 2412/1/2412 2410/1/2410 
f 2394/1/2394 2414/1/2414 2413/1/2413 2409/1/2409 
f 2398/1/2398 2413/1/2413 2414/1/2414 2402/1/2402 
f 1707/1/1707 2415/1/2415 2416/1/2416 1705/1/1705 
f 2417/1/2417 2416/1/2416 2415/1/2415 2418/1/2418 
f 2401/1/2401 2400/1/2400 2416/1/2416 2417/1/2417 
f 1705/1/1705 2416/1/2416 2400/1/2400 1702/1/1702 
f 2407/1/2407 2419/1/2419 2420/1/2420 2406/1/2406 
f 2421/1/2421 2420/1/2420 2419/1/2419 2422/1/2422 
f 2005/1/2005 2001/1/2001 2420/1/2420 2421/1/2421 
f 2406/1/2406 2420/1/2420 2001/1/2001 2000/1/2000 
f 2411/1/2411 2423/1/2423 2419/1/2419 2407/1/2407 
f 2424/1/2424 2423/1/2423 2411/1/2411 2410/1/2410 
f 2425/1/2425 2426/1/2426 2423/1/2423 2424/1/2424 
f 2422/1/2422 2419/1/2419 2423/1/2423 2426/1/2426 
f 2418/1/2418 2427/1/2427 2428/1/2428 2417/1/2417 
f 2424/1/2424 2428/1/2428 2427/1/2427 2425/1/2425 
f 2410/1/2410 2412/1/2412 2428/1/2428 2424/1/2424 
f 2417/1/2417 2428/1/2428 2412/1/2412 2401/1/2401 
f 2429/1/2429 2430/1/2430 2431/1/2431 2432/1/2432 
f 2433/1/2433 2434/1/2434 2431/1/2431 2430/1/2430 
f 2421/1/2421 2431/1/2431 2434/1/2434 2005/1/2005 
f 2421/1/2421 2422/1/2422 2432/1/2432 2431/1/2431 
f 2422/1/2422 2426/1/2426 2435/1/2435 2432/1/2432 
f 2436/1/2436 2435/1/2435 2426/1/2426 2425/1/2425 
f 2437/1/2437 2438/1/2438 2435/1/2435 2436/1/2436 
f 2432/1/2432 2435/1/2435 2438/1/2438 2429/1/2429 
f 1665/1/1665 2439/1/2439 2440/1/2440 1682/1/1682 
f 2439/1/2439 2441/1/2441 2442/1/2442 2440/1/2440 
f 2443/1/2443 2444/1/2444 2440/1/2440 2442/1/2442 
f 1682/1/1682 2440/1/2440 2444/1/2444 1679/1/1679 
f 2441/1/2441 2445/1/2445 2446/1/2446 2447/1/2447 
f 2448/1/2448 2446/1/2446 2445/1/2445 1518/1/1518 
f 2449/1/2449 2450/1/2450 2446/1/2446 2448/1/2448 
f 2447/1/2447 2446/1/2446 2450/1/2450 2451/1/2451 
f 1505/1/1505 1512/1/1512 2452/1/2452 
f 1512/1/1512 1514/1/1514 2453/1/2453 2452/1/2452 
f 2448/1/2448 2452/1/2452 2453/1/2453 2449/1/2449 
f 1518/1/1518 1517/1/1517 2452/1/2452 2448/1/2448 
f 2439/1/2439 2454/1/2454 2445/1/2445 2441/1/2441 
f 1668/1/1668 2454/1/2454 2439/1/2439 1665/1/1665 
f 2454/1/2454 1668/1/1668 1647/1/1647 
f 2454/1/2454 1650/1/1650 1518/1/1518 
f 50/1/50 2455/1/2455 2456/1/2456 47/1/47 
f 2457/1/2457 2455/1/2455 50/1/50 55/1/55 
f 2458/1/2458 2459/1/2459 2460/1/2460 
f 2461/1/2461 2458/1/2458 2462/1/2462 2463/1/2463 
f 52/1/52 48/1/48 2458/1/2458 2461/1/2461 
f 48/1/48 47/1/47 2459/1/2459 
f 2464/1/2464 2465/1/2465 2466/1/2466 
f 2467/1/2467 2468/1/2468 2469/1/2469 
f 2463/1/2463 2462/1/2462 2464/1/2464 2469/1/2469 
f 2462/1/2462 2460/1/2460 2465/1/2465 
f 2470/1/2470 2471/1/2471 2472/1/2472 
f 2473/1/2473 2470/1/2470 2474/1/2474 2475/1/2475 
f 2476/1/2476 2477/1/2477 2470/1/2470 2473/1/2473 
f 2471/1/2471 2470/1/2470 2477/1/2477 2478/1/2478 
f 2479/1/2479 2480/1/2480 2481/1/2481 
f 2482/1/2482 2479/1/2479 2483/1/2483 2484/1/2484 
f 2476/1/2476 2473/1/2473 2479/1/2479 2482/1/2482 
f 2480/1/2480 2479/1/2479 2473/1/2473 2475/1/2475 
f 2485/1/2485 2486/1/2486 2487/1/2487 2488/1/2488 
f 2489/1/2489 2486/1/2486 2485/1/2485 2490/1/2490 
f 2484/1/2484 2483/1/2483 2486/1/2486 2489/1/2489 
f 2481/1/2481 2487/1/2487 2486/1/2486 
f 2460/1/2460 2459/1/2459 2491/1/2491 2492/1/2492 
f 2456/1/2456 2491/1/2491 2459/1/2459 47/1/47 
f 2493/1/2493 2466/1/2466 2465/1/2465 2494/1/2494 
f 2492/1/2492 2494/1/2494 2465/1/2465 2460/1/2460 
f 2495/1/2495 2496/1/2496 2497/1/2497 2498/1/2498 
f 2496/1/2496 2468/1/2468 2467/1/2467 
f 2466/1/2466 2493/1/2493 2497/1/2497 2467/1/2467 
f 2499/1/2499 2500/1/2500 2501/1/2501 
f 2502/1/2502 2499/1/2499 2503/1/2503 2504/1/2504 
f 2502/1/2502 2468/1/2468 2496/1/2496 
f 2500/1/2500 2499/1/2499 2496/1/2496 2495/1/2495 
f 2501/1/2501 2505/1/2505 2506/1/2506 2503/1/2503 
f 2507/1/2507 2506/1/2506 2505/1/2505 2508/1/2508 
f 2506/1/2506 2507/1/2507 2509/1/2509 
f 2504/1/2504 2503/1/2503 2506/1/2506 2510/1/2510 
f 2511/1/2511 2512/1/2512 2507/1/2507 2508/1/2508 
f 2471/1/2471 2512/1/2512 2511/1/2511 2472/1/2472 
f 2478/1/2478 2513/1/2513 2512/1/2512 2471/1/2471 
f 2513/1/2513 2509/1/2509 2507/1/2507 
f 2514/1/2514 2515/1/2515 2516/1/2516 
f 2517/1/2517 2516/1/2516 2518/1/2518 
f 2517/1/2517 2519/1/2519 2520/1/2520 
f 2515/1/2515 2521/1/2521 2522/1/2522 2516/1/2516 
f 2522/1/2522 2521/1/2521 2523/1/2523 
f 2524/1/2524 2525/1/2525 2522/1/2522 2526/1/2526 
f 2516/1/2516 2522/1/2522 2525/1/2525 2518/1/2518 
f 2524/1/2524 2526/1/2526 2527/1/2527 2528/1/2528 
f 2529/1/2529 2527/1/2527 2526/1/2526 2523/1/2523 
f 2530/1/2530 2531/1/2531 2527/1/2527 2529/1/2529 
f 2528/1/2528 2527/1/2527 2531/1/2531 2532/1/2532 
f 721/1/721 720/1/720 2533/1/2533 739/1/739 
f 2534/1/2534 2533/1/2533 720/1/720 723/1/723 
f 2533/1/2533 2534/1/2534 2535/1/2535 
f 739/1/739 2533/1/2533 2536/1/2536 736/1/736 
f 736/1/736 2536/1/2536 2537/1/2537 744/1/744 
f 2538/1/2538 2537/1/2537 2536/1/2536 2535/1/2535 
f 9/1/9 8/1/8 2537/1/2537 2538/1/2538 
f 744/1/744 2537/1/2537 8/1/8 7/1/7 
f 2539/1/2539 2540/1/2540 2541/1/2541 
f 2542/1/2542 2539/1/2539 2543/1/2543 2544/1/2544 
f 185/1/185 192/1/192 2539/1/2539 2542/1/2542 
f 2540/1/2540 2539/1/2539 192/1/192 191/1/191 
f 191/1/191 303/1/303 2545/1/2545 2540/1/2540 
f 2546/1/2546 2545/1/2545 303/1/303 304/1/304 
f 2547/1/2547 2548/1/2548 2545/1/2545 2546/1/2546 
f 2540/1/2540 2545/1/2545 2548/1/2548 2541/1/2541 
f 2549/1/2549 2550/1/2550 2551/1/2551 2552/1/2552 
f 89/1/89 2551/1/2551 2550/1/2550 86/1/86 
f 93/1/93 177/1/177 2551/1/2551 89/1/89 
f 177/1/177 176/1/176 2552/1/2552 
f 2553/1/2553 2554/1/2554 2555/1/2555 2556/1/2556 
f 2557/1/2557 2554/1/2554 2553/1/2553 2558/1/2558 
f 1942/1/1942 1975/1/1975 2554/1/2554 2557/1/2557 
f 1967/1/1967 2555/1/2555 2554/1/2554 1975/1/1975 
f 2559/1/2559 2557/1/2557 2558/1/2558 
f 2560/1/2560 2559/1/2559 2561/1/2561 2562/1/2562 
f 1940/1/1940 1943/1/1943 2559/1/2559 2560/1/2560 
f 2557/1/2557 2559/1/2559 1943/1/1943 1942/1/1942 
f 2563/1/2563 2564/1/2564 2565/1/2565 2566/1/2566 
f 2567/1/2567 2566/1/2566 2565/1/2565 2568/1/2568 
f 1084/1/1084 1166/1/1166 2566/1/2566 2567/1/2567 
f 2563/1/2563 2566/1/2566 1166/1/1166 1165/1/1165 
f 310/1/310 2569/1/2569 2570/1/2570 309/1/309 
f 2571/1/2571 2570/1/2570 2569/1/2569 2572/1/2572 
f 2573/1/2573 2574/1/2574 2570/1/2570 2571/1/2571 
f 309/1/309 2570/1/2570 2574/1/2574 220/1/220 
f 2575/1/2575 2576/1/2576 2577/1/2577 2578/1/2578 
f 2004/1/2004 2577/1/2577 2576/1/2576 1490/1/1490 
f 2005/1/2005 2434/1/2434 2577/1/2577 2004/1/2004 
f 2578/1/2578 2577/1/2577 2434/1/2434 2433/1/2433 
f 1695/1/1695 1694/1/1694 2579/1/2579 2580/1/2580 
f 2581/1/2581 2579/1/2579 1694/1/1694 1693/1/1693 
f 2582/1/2582 2583/1/2583 2579/1/2579 2581/1/2581 
f 2580/1/2580 2579/1/2579 2583/1/2583 2584/1/2584 
f 2582/1/2582 2581/1/2581 2585/1/2585 2586/1/2586 
f 2017/1/2017 2585/1/2585 2581/1/2581 1693/1/1693 
f 2006/1/2006 2587/1/2587 2585/1/2585 2017/1/2017 
f 2586/1/2586 2585/1/2585 2587/1/2587 2588/1/2588 
f 2014/1/2014 2589/1/2589 2590/1/2590 2009/1/2009 
f 2591/1/2591 2590/1/2590 2589/1/2589 2592/1/2592 
f 2588/1/2588 2587/1/2587 2590/1/2590 2591/1/2591 
f 2009/1/2009 2590/1/2590 2587/1/2587 2006/1/2006 
f 2592/1/2592 2589/1/2589 2593/1/2593 2594/1/2594 
f 2349/1/2349 2593/1/2593 2589/1/2589 2014/1/2014 
f 2350/1/2350 2595/1/2595 2593/1/2593 2349/1/2349 
f 2594/1/2594 2593/1/2593 2595/1/2595 2596/1/2596 
f 2597/1/2597 2598/1/2598 2599/1/2599 2600/1/2600 
f 1993/1/1993 2599/1/2599 2598/1/2598 1911/1/1911 
f 1987/1/1987 2601/1/2601 2599/1/2599 1993/1/1993 
f 2600/1/2600 2599/1/2599 2601/1/2601 2602/1/2602 
f 2603/1/2603 2604/1/2604 2605/1/2605 2606/1/2606 
f 2607/1/2607 2605/1/2605 2604/1/2604 2608/1/2608 
f 1920/1/1920 1916/1/1916 2605/1/2605 2607/1/2607 
f 2606/1/2606 2605/1/2605 1916/1/1916 1915/1/1915 
f 1158/1/1158 2609/1/2609 2610/1/2610 1159/1/1159 
f 2606/1/2606 2610/1/2610 2609/1/2609 2603/1/2603 
f 1915/1/1915 1964/1/1964 2610/1/2610 2606/1/2606 
f 1159/1/1159 2610/1/2610 1964/1/1964 1160/1/1160 
f 2611/1/2611 2612/1/2612 2613/1/2613 2614/1/2614 
f 2615/1/2615 2613/1/2613 2612/1/2612 2616/1/2616 
f 2332/1/2332 2336/1/2336 2613/1/2613 2615/1/2615 
f 2614/1/2614 2613/1/2613 2336/1/2336 2335/1/2335 
f 2616/1/2616 2617/1/2617 2618/1/2618 2615/1/2615 
f 1473/1/1473 2618/1/2618 2617/1/2617 1474/1/1474 
f 1467/1/1467 2331/1/2331 2618/1/2618 1473/1/1473 
f 2615/1/2615 2618/1/2618 2331/1/2331 2332/1/2332 
f 2619/1/2619 2620/1/2620 2621/1/2621 2622/1/2622 
f 2602/1/2602 2601/1/2601 2621/1/2621 2620/1/2620 
f 1985/1/1985 2621/1/2621 2601/1/2601 1987/1/1987 
f 2622/1/2622 2621/1/2621 1985/1/1985 1929/1/1929 
f 2608/1/2608 2623/1/2623 2624/1/2624 2607/1/2607 
f 2622/1/2622 2624/1/2624 2623/1/2623 2619/1/2619 
f 1929/1/1929 1928/1/1928 2624/1/2624 2622/1/2622 
f 2607/1/2607 2624/1/2624 1928/1/1928 1920/1/1920 
f 91/1/91 2625/1/2625 2626/1/2626 90/1/90 
f 2627/1/2627 2626/1/2626 2625/1/2625 2628/1/2628 
f 77/1/77 80/1/80 2626/1/2626 2627/1/2627 
f 90/1/90 2626/1/2626 80/1/80 85/1/85 
f 2544/1/2544 2629/1/2629 2630/1/2630 2542/1/2542 
f 2631/1/2631 2630/1/2630 2629/1/2629 2632/1/2632 
f 184/1/184 2630/1/2630 2631/1/2631 186/1/186 
f 184/1/184 185/1/185 2542/1/2542 2630/1/2630 
f 2633/1/2633 2634/1/2634 2635/1/2635 2636/1/2636 
f 2633/1/2633 2637/1/2637 2638/1/2638 2634/1/2634 
f 2639/1/2639 2634/1/2634 2638/1/2638 2632/1/2632 
f 2640/1/2640 2635/1/2635 2634/1/2634 2639/1/2639 
f 2641/1/2641 2642/1/2642 2643/1/2643 2644/1/2644 
f 2639/1/2639 2643/1/2643 2642/1/2642 2640/1/2640 
f 2632/1/2632 2629/1/2629 2643/1/2643 2639/1/2639 
f 2644/1/2644 2643/1/2643 2629/1/2629 2544/1/2544 
f 2640/1/2640 2642/1/2642 2645/1/2645 2646/1/2646 
f 2647/1/2647 2645/1/2645 2642/1/2642 2641/1/2641 
f 147/1/147 146/1/146 2645/1/2645 2647/1/2647 
f 2646/1/2646 2645/1/2645 146/1/146 26/1/26 
f 2637/1/2637 2648/1/2648 2649/1/2649 2638/1/2638 
f 2648/1/2648 1801/1/1801 1800/1/1800 2649/1/2649 
f 186/1/186 2631/1/2631 2649/1/2649 1800/1/1800 
f 2631/1/2631 2632/1/2632 2638/1/2638 2649/1/2649 
f 34/1/34 2650/1/2650 2651/1/2651 29/1/29 
f 2636/1/2636 2635/1/2635 2651/1/2651 2650/1/2650 
f 2646/1/2646 2651/1/2651 2635/1/2635 2640/1/2640 
f 29/1/29 2651/1/2651 2646/1/2646 26/1/26 
f 55/1/55 2652/1/2652 2653/1/2653 2457/1/2457 
f 2654/1/2654 2653/1/2653 2652/1/2652 2655/1/2655 
f 2656/1/2656 2657/1/2657 2658/1/2658 2659/1/2659 
f 2660/1/2660 2657/1/2657 2656/1/2656 2661/1/2661 
f 61/1/61 57/1/57 2657/1/2657 2660/1/2660 
f 57/1/57 56/1/56 2658/1/2658 
f 2655/1/2655 2662/1/2662 2663/1/2663 2654/1/2654 
f 2659/1/2659 2664/1/2664 2665/1/2665 2666/1/2666 
f 2666/1/2666 2665/1/2665 2662/1/2662 2655/1/2655 
f 2659/1/2659 2658/1/2658 2667/1/2667 2664/1/2664 
f 66/1/66 2667/1/2667 2658/1/2658 56/1/56 
f 2668/1/2668 2669/1/2669 2670/1/2670 2671/1/2671 
f 2672/1/2672 2670/1/2670 2669/1/2669 2673/1/2673 
f 2672/1/2672 1791/1/1791 1794/1/1794 2670/1/2670 
f 2671/1/2671 2670/1/2670 1794/1/1794 1799/1/1799 
f 2674/1/2674 2675/1/2675 2676/1/2676 2677/1/2677 
f 2678/1/2678 2676/1/2676 2675/1/2675 2679/1/2679 
f 2673/1/2673 2669/1/2669 2676/1/2676 2678/1/2678 
f 2677/1/2677 2676/1/2676 2669/1/2669 2668/1/2668 
f 2679/1/2679 2675/1/2675 2680/1/2680 2681/1/2681 
f 2682/1/2682 2680/1/2680 2675/1/2675 2674/1/2674 
f 2628/1/2628 2625/1/2625 2680/1/2680 2682/1/2682 
f 2681/1/2681 2680/1/2680 2625/1/2625 91/1/91 
f 2679/1/2679 2683/1/2683 2684/1/2684 2678/1/2678 
f 2685/1/2685 2684/1/2684 2683/1/2683 2686/1/2686 
f 2687/1/2687 2688/1/2688 2684/1/2684 2685/1/2685 
f 2678/1/2678 2684/1/2684 2688/1/2688 2673/1/2673 
f 2686/1/2686 2683/1/2683 2689/1/2689 2690/1/2690 
f 2681/1/2681 2689/1/2689 2683/1/2683 2679/1/2679 
f 91/1/91 87/1/87 2689/1/2689 2681/1/2681 
f 2690/1/2690 2689/1/2689 87/1/87 86/1/86 
f 1830/1/1830 2691/1/2691 197/1/197 198/1/198 
f 1831/1/1831 2692/1/2692 2691/1/2691 1830/1/1830 
f 2687/1/2687 2693/1/2693 2691/1/2691 2692/1/2692 
f 2693/1/2693 199/1/199 197/1/197 
f 2687/1/2687 2685/1/2685 2694/1/2694 2693/1/2693 
f 2695/1/2695 2694/1/2694 2685/1/2685 2686/1/2686 
f 2694/1/2694 2695/1/2695 2696/1/2696 
f 2693/1/2693 2694/1/2694 2697/1/2697 199/1/199 
f 2673/1/2673 2688/1/2688 2698/1/2698 2672/1/2672 
f 2692/1/2692 2698/1/2698 2688/1/2688 2687/1/2687 
f 1833/1/1833 2698/1/2698 2692/1/2692 1831/1/1831 
f 1791/1/1791 2672/1/2672 2698/1/2698 1833/1/1833 
f 2562/1/2562 2699/1/2699 2700/1/2700 2560/1/2560 
f 2701/1/2701 2700/1/2700 2699/1/2699 2702/1/2702 
f 1098/1/1098 1941/1/1941 2700/1/2700 2701/1/2701 
f 2560/1/2560 2700/1/2700 1941/1/1941 1940/1/1940 
f 2703/1/2703 2704/1/2704 2550/1/2550 2549/1/2549 
f 2703/1/2703 2696/1/2696 2695/1/2695 
f 2695/1/2695 2686/1/2686 2690/1/2690 2704/1/2704 
f 86/1/86 2550/1/2550 2704/1/2704 2690/1/2690 
f 2701/1/2701 2705/1/2705 1099/1/1099 1098/1/1098 
f 2706/1/2706 2705/1/2705 2701/1/2701 2702/1/2702 
f 2707/1/2707 2708/1/2708 2705/1/2705 2706/1/2706 
f 276/1/276 1099/1/1099 2705/1/2705 2708/1/2708 
f 2702/1/2702 2709/1/2709 2710/1/2710 2706/1/2706 
f 2711/1/2711 2710/1/2710 2709/1/2709 2712/1/2712 
f 2713/1/2713 2714/1/2714 2710/1/2710 2711/1/2711 
f 2706/1/2706 2710/1/2710 2714/1/2714 2707/1/2707 
f 2715/1/2715 2716/1/2716 2567/1/2567 2568/1/2568 
f 2715/1/2715 2717/1/2717 2718/1/2718 2716/1/2716 
f 1078/1/1078 1085/1/1085 2716/1/2716 2718/1/2718 
f 2567/1/2567 2716/1/2716 1085/1/1085 1084/1/1084 
f 248/1/248 2719/1/2719 2720/1/2720 1107/1/1107 
f 2711/1/2711 2720/1/2720 2719/1/2719 2713/1/2713 
f 2712/1/2712 2721/1/2721 2720/1/2720 2711/1/2711 
f 1107/1/1107 2720/1/2720 2721/1/2721 1104/1/1104 
f 2717/1/2717 2722/1/2722 2723/1/2723 2718/1/2718 
f 2724/1/2724 2723/1/2723 2722/1/2722 2725/1/2725 
f 273/1/273 1079/1/1079 2723/1/2723 2724/1/2724 
f 2718/1/2718 2723/1/2723 1079/1/1079 1078/1/1078 
f 2717/1/2717 2726/1/2726 2727/1/2727 2722/1/2722 
f 2728/1/2728 2727/1/2727 2726/1/2726 2729/1/2729 
f 2730/1/2730 2731/1/2731 2727/1/2727 2728/1/2728 
f 2722/1/2722 2727/1/2727 2731/1/2731 2725/1/2725 
f 264/1/264 2732/1/2732 2733/1/2733 1086/1/1086 
f 2728/1/2728 2733/1/2733 2732/1/2732 2730/1/2730 
f 2729/1/2729 2734/1/2734 2733/1/2733 2728/1/2728 
f 1086/1/1086 2733/1/2733 2734/1/2734 1088/1/1088 
f 2707/1/2707 2735/1/2735 2736/1/2736 2708/1/2708 
f 2735/1/2735 2737/1/2737 2738/1/2738 2736/1/2736 
f 281/1/281 277/1/277 2736/1/2736 2738/1/2738 
f 2708/1/2708 2736/1/2736 277/1/277 276/1/276 
f 2714/1/2714 2713/1/2713 2739/1/2739 2740/1/2740 
f 2741/1/2741 2742/1/2742 2740/1/2740 2739/1/2739 
f 2735/1/2735 2740/1/2740 2742/1/2742 2737/1/2737 
f 2735/1/2735 2707/1/2707 2714/1/2714 2740/1/2740 
f 2739/1/2739 2743/1/2743 2744/1/2744 2741/1/2741 
f 2713/1/2713 2719/1/2719 2743/1/2743 2739/1/2739 
f 246/1/246 2743/1/2743 2719/1/2719 248/1/248 
f 246/1/246 247/1/247 2744/1/2744 2743/1/2743 
f 2724/1/2724 2745/1/2745 274/1/274 273/1/273 
f 2746/1/2746 2745/1/2745 2724/1/2724 2725/1/2725 
f 2747/1/2747 2748/1/2748 2745/1/2745 2746/1/2746 
f 274/1/274 2745/1/2745 2748/1/2748 275/1/275 
f 2749/1/2749 2750/1/2750 2751/1/2751 2752/1/2752 
f 2746/1/2746 2751/1/2751 2750/1/2750 2747/1/2747 
f 2725/1/2725 2731/1/2731 2751/1/2751 2746/1/2746 
f 2752/1/2752 2751/1/2751 2731/1/2731 2730/1/2730 
f 1864/1/1864 2753/1/2753 2754/1/2754 1970/1/1970 
f 2755/1/2755 2754/1/2754 2753/1/2753 2756/1/2756 
f 2556/1/2556 2555/1/2555 2754/1/2754 2755/1/2755 
f 1970/1/1970 2754/1/2754 2555/1/2555 1967/1/1967 
f 263/1/263 2757/1/2757 2758/1/2758 262/1/262 
f 2752/1/2752 2758/1/2758 2757/1/2757 2749/1/2749 
f 2730/1/2730 2732/1/2732 2758/1/2758 2752/1/2752 
f 262/1/262 2758/1/2758 2732/1/2732 264/1/264 
f 1151/1/1151 2759/1/2759 2760/1/2760 1867/1/1867 
f 2759/1/2759 2761/1/2761 2762/1/2762 
f 2756/1/2756 2753/1/2753 2760/1/2760 2762/1/2762 
f 1867/1/1867 2760/1/2760 2753/1/2753 1864/1/1864 
f 2763/1/2763 2764/1/2764 2765/1/2765 2766/1/2766 
f 2762/1/2762 2765/1/2765 2764/1/2764 2756/1/2756 
f 2765/1/2765 2762/1/2762 2761/1/2761 
f 2766/1/2766 2765/1/2765 2767/1/2767 2768/1/2768 
f 220/1/220 2574/1/2574 2769/1/2769 221/1/221 
f 2770/1/2770 2769/1/2769 2574/1/2574 2573/1/2573 
f 2771/1/2771 2772/1/2772 2769/1/2769 2770/1/2770 
f 218/1/218 221/1/221 2769/1/2769 2772/1/2772 
f 2766/1/2766 2773/1/2773 2774/1/2774 2763/1/2763 
f 2773/1/2773 2766/1/2766 2768/1/2768 
f 1142/1/1142 1271/1/1271 2773/1/2773 2775/1/2775 
f 2774/1/2774 2773/1/2773 1271/1/1271 1270/1/1270 
f 2641/1/2641 2776/1/2776 2777/1/2777 2647/1/2647 
f 2778/1/2778 2777/1/2777 2776/1/2776 2779/1/2779 
f 2780/1/2780 2777/1/2777 2778/1/2778 2781/1/2781 
f 2780/1/2780 147/1/147 2647/1/2647 2777/1/2777 
f 2771/1/2771 2782/1/2782 2783/1/2783 2772/1/2772 
f 2552/1/2552 2783/1/2783 2782/1/2782 2549/1/2549 
f 2783/1/2783 2552/1/2552 176/1/176 
f 2772/1/2772 2783/1/2783 219/1/219 218/1/218 
f 2779/1/2779 2776/1/2776 2784/1/2784 2785/1/2785 
f 2644/1/2644 2784/1/2784 2776/1/2776 2641/1/2641 
f 2544/1/2544 2543/1/2543 2784/1/2784 2644/1/2644 
f 2785/1/2785 2784/1/2784 2543/1/2543 2541/1/2541 
f 139/1/139 2786/1/2786 2787/1/2787 142/1/142 
f 2788/1/2788 2787/1/2787 2786/1/2786 2781/1/2781 
f 343/1/343 342/1/342 2787/1/2787 2788/1/2788 
f 142/1/142 2787/1/2787 342/1/342 143/1/143 
f 2781/1/2781 2778/1/2778 2789/1/2789 2788/1/2788 
f 2779/1/2779 2790/1/2790 2789/1/2789 2778/1/2778 
f 2791/1/2791 2789/1/2789 2790/1/2790 2792/1/2792 
f 2788/1/2788 2789/1/2789 2791/1/2791 343/1/343 
f 135/1/135 148/1/148 2793/1/2793 138/1/138 
f 2780/1/2780 2793/1/2793 148/1/148 147/1/147 
f 2793/1/2793 2780/1/2780 2781/1/2781 
f 138/1/138 2793/1/2793 2786/1/2786 139/1/139 
f 2794/1/2794 2795/1/2795 2796/1/2796 2797/1/2797 
f 2798/1/2798 2796/1/2796 2795/1/2795 2799/1/2799 
f 2737/1/2737 2742/1/2742 2796/1/2796 2798/1/2798 
f 2797/1/2797 2796/1/2796 2742/1/2742 2741/1/2741 
f 2792/1/2792 2790/1/2790 2800/1/2800 2801/1/2801 
f 2790/1/2790 2779/1/2779 2785/1/2785 
f 2800/1/2800 2785/1/2785 2541/1/2541 
f 2801/1/2801 2800/1/2800 2548/1/2548 2547/1/2547 
f 338/1/338 2802/1/2802 2803/1/2803 345/1/345 
f 2797/1/2797 2803/1/2803 2802/1/2802 2794/1/2794 
f 2741/1/2741 2744/1/2744 2803/1/2803 2797/1/2797 
f 345/1/345 2803/1/2803 2744/1/2744 247/1/247 
f 1890/1/1890 2804/1/2804 2805/1/2805 1895/1/1895 
f 2806/1/2806 2805/1/2805 2804/1/2804 2799/1/2799 
f 2547/1/2547 2546/1/2546 2805/1/2805 2806/1/2806 
f 1895/1/1895 2805/1/2805 2546/1/2546 304/1/304 
f 2799/1/2799 2795/1/2795 2807/1/2807 2806/1/2806 
f 2808/1/2808 2807/1/2807 2795/1/2795 2794/1/2794 
f 2807/1/2807 2808/1/2808 2792/1/2792 
f 2801/1/2801 2547/1/2547 2806/1/2806 
f 281/1/281 2738/1/2738 2809/1/2809 1888/1/1888 
f 2798/1/2798 2809/1/2809 2738/1/2738 2737/1/2737 
f 2799/1/2799 2804/1/2804 2809/1/2809 2798/1/2798 
f 2804/1/2804 1890/1/1890 1888/1/1888 
f 343/1/343 2791/1/2791 2810/1/2810 341/1/341 
f 2808/1/2808 2810/1/2810 2791/1/2791 2792/1/2792 
f 2794/1/2794 2802/1/2802 2810/1/2810 2808/1/2808 
f 341/1/341 2810/1/2810 2802/1/2802 338/1/338 
f 310/1/310 366/1/366 2811/1/2811 2569/1/2569 
f 2812/1/2812 2811/1/2811 366/1/366 316/1/316 
f 2812/1/2812 2813/1/2813 2814/1/2814 2811/1/2811 
f 2572/1/2572 2569/1/2569 2811/1/2811 2814/1/2814 
f 2815/1/2815 2816/1/2816 2748/1/2748 2747/1/2747 
f 2813/1/2813 2812/1/2812 2816/1/2816 2815/1/2815 
f 316/1/316 315/1/315 2816/1/2816 2812/1/2812 
f 2748/1/2748 2816/1/2816 315/1/315 275/1/275 
f 2817/1/2817 2818/1/2818 2819/1/2819 2820/1/2820 
f 2821/1/2821 2819/1/2819 2818/1/2818 2822/1/2822 
f 2575/1/2575 2823/1/2823 2819/1/2819 2821/1/2821 
f 2820/1/2820 2819/1/2819 2823/1/2823 2824/1/2824 
f 2825/1/2825 2826/1/2826 2827/1/2827 2828/1/2828 
f 2829/1/2829 2827/1/2827 2826/1/2826 2817/1/2817 
f 1362/1/1362 1358/1/1358 2827/1/2827 2829/1/2829 
f 1358/1/1358 1357/1/1357 2828/1/2828 
f 1381/1/1381 2830/1/2830 2831/1/2831 1376/1/1376 
f 2832/1/2832 2831/1/2831 2830/1/2830 2822/1/2822 
f 2833/1/2833 2834/1/2834 2831/1/2831 2832/1/2832 
f 1376/1/1376 2831/1/2831 2834/1/2834 1373/1/1373 
f 2832/1/2832 2835/1/2835 2836/1/2836 2833/1/2833 
f 2822/1/2822 2818/1/2818 2835/1/2835 2832/1/2832 
f 2817/1/2817 2826/1/2826 2835/1/2835 2818/1/2818 
f 2836/1/2836 2835/1/2835 2826/1/2826 2825/1/2825 
f 1490/1/1490 2576/1/2576 2837/1/2837 1489/1/1489 
f 2821/1/2821 2837/1/2837 2576/1/2576 2575/1/2575 
f 2822/1/2822 2830/1/2830 2837/1/2837 2821/1/2821 
f 1489/1/1489 2837/1/2837 2830/1/2830 1381/1/1381 
f 2829/1/2829 2838/1/2838 1495/1/1495 1362/1/1362 
f 2820/1/2820 2838/1/2838 2829/1/2829 2817/1/2817 
f 2824/1/2824 2839/1/2839 2838/1/2838 2820/1/2820 
f 1496/1/1496 1495/1/1495 2838/1/2838 
f 2840/1/2840 1913/1/1913 1903/1/1903 
f 2841/1/2841 2840/1/2840 2842/1/2842 2843/1/2843 
f 2844/1/2844 2845/1/2845 2840/1/2840 2841/1/2841 
f 1476/1/1476 1913/1/1913 2840/1/2840 2845/1/2845 
f 1911/1/1911 2598/1/2598 2846/1/2846 1906/1/1906 
f 2847/1/2847 2846/1/2846 2598/1/2598 2597/1/2597 
f 2843/1/2843 2842/1/2842 2846/1/2846 2847/1/2847 
f 1906/1/1906 2846/1/2846 2842/1/2842 1903/1/1903 
f 2848/1/2848 2849/1/2849 2850/1/2850 2851/1/2851 
f 1404/1/1404 2850/1/2850 2849/1/2849 1175/1/1175 
f 1408/1/1408 2852/1/2852 2850/1/2850 1404/1/1404 
f 2851/1/2851 2850/1/2850 2852/1/2852 2853/1/2853 
f 1168/1/1168 1167/1/1167 2854/1/2854 2855/1/2855 
f 2849/1/2849 2854/1/2854 1167/1/1167 1175/1/1175 
f 2848/1/2848 2856/1/2856 2854/1/2854 2849/1/2849 
f 2855/1/2855 2854/1/2854 2856/1/2856 2857/1/2857 
f 2858/1/2858 2859/1/2859 2860/1/2860 2861/1/2861 
f 2862/1/2862 2860/1/2860 2859/1/2859 2863/1/2863 
f 2608/1/2608 2604/1/2604 2860/1/2860 2862/1/2862 
f 2604/1/2604 2603/1/2603 2861/1/2861 
f 2863/1/2863 2864/1/2864 2865/1/2865 2866/1/2866 
f 2851/1/2851 2865/1/2865 2864/1/2864 2848/1/2848 
f 2853/1/2853 2867/1/2867 2865/1/2865 2851/1/2851 
f 2866/1/2866 2865/1/2865 2867/1/2867 2868/1/2868 
f 2857/1/2857 2856/1/2856 2869/1/2869 2870/1/2870 
f 2864/1/2864 2869/1/2869 2856/1/2856 2848/1/2848 
f 2863/1/2863 2859/1/2859 2869/1/2869 2864/1/2864 
f 2859/1/2859 2858/1/2858 2870/1/2870 
f 2871/1/2871 2872/1/2872 2873/1/2873 2874/1/2874 
f 1847/1/1847 2873/1/2873 2872/1/2872 1729/1/1729 
f 1091/1/1091 1089/1/1089 2873/1/2873 1847/1/1847 
f 2874/1/2874 2873/1/2873 1089/1/1089 1088/1/1088 
f 2862/1/2862 2875/1/2875 2623/1/2623 2608/1/2608 
f 2866/1/2866 2875/1/2875 2862/1/2862 2863/1/2863 
f 2868/1/2868 2876/1/2876 2875/1/2875 2866/1/2866 
f 2876/1/2876 2619/1/2619 2623/1/2623 2875/1/2875 
f 2568/1/2568 2877/1/2877 2878/1/2878 2715/1/2715 
f 2879/1/2879 2878/1/2878 2877/1/2877 2880/1/2880 
f 2729/1/2729 2726/1/2726 2878/1/2878 2879/1/2879 
f 2715/1/2715 2878/1/2878 2726/1/2726 2717/1/2717 
f 1729/1/1729 2872/1/2872 2881/1/2881 1728/1/1728 
f 2882/1/2882 2881/1/2881 2872/1/2872 2871/1/2871 
f 2881/1/2881 2882/1/2882 1157/1/1157 
f 1728/1/1728 2881/1/2881 1153/1/1153 1152/1/1152 
f 2871/1/2871 2883/1/2883 2884/1/2884 2882/1/2882 
f 2885/1/2885 2884/1/2884 2883/1/2883 2880/1/2880 
f 2886/1/2886 2887/1/2887 2884/1/2884 2885/1/2885 
f 2882/1/2882 2884/1/2884 2887/1/2887 1157/1/1157 
f 2880/1/2880 2883/1/2883 2888/1/2888 2879/1/2879 
f 2874/1/2874 2888/1/2888 2883/1/2883 2871/1/2871 
f 1088/1/1088 2734/1/2734 2888/1/2888 2874/1/2874 
f 2879/1/2879 2888/1/2888 2734/1/2734 2729/1/2729 
f 2889/1/2889 2890/1/2890 2891/1/2891 2892/1/2892 
f 1119/1/1119 2891/1/2891 2890/1/2890 1116/1/1116 
f 1109/1/1109 1105/1/1105 2891/1/2891 1119/1/1119 
f 2892/1/2892 2891/1/2891 1105/1/1105 1104/1/1104 
f 2564/1/2564 2893/1/2893 2894/1/2894 2565/1/2565 
f 2893/1/2893 2886/1/2886 2885/1/2885 
f 2880/1/2880 2877/1/2877 2894/1/2894 2885/1/2885 
f 2565/1/2565 2894/1/2894 2877/1/2877 2568/1/2568 
f 2562/1/2562 2895/1/2895 2896/1/2896 2699/1/2699 
f 2897/1/2897 2896/1/2896 2895/1/2895 2898/1/2898 
f 2712/1/2712 2709/1/2709 2896/1/2896 2897/1/2897 
f 2699/1/2699 2896/1/2896 2709/1/2709 2702/1/2702 
f 1116/1/1116 2890/1/2890 2899/1/2899 1275/1/1275 
f 2900/1/2900 2899/1/2899 2890/1/2890 2889/1/2889 
f 2901/1/2901 2902/1/2902 2899/1/2899 2900/1/2900 
f 1275/1/1275 2899/1/2899 2902/1/2902 1272/1/1272 
f 2900/1/2900 2903/1/2903 2904/1/2904 2901/1/2901 
f 2889/1/2889 2905/1/2905 2903/1/2903 2900/1/2900 
f 2906/1/2906 2903/1/2903 2905/1/2905 2898/1/2898 
f 2904/1/2904 2903/1/2903 2906/1/2906 2907/1/2907 
f 2898/1/2898 2905/1/2905 2908/1/2908 2897/1/2897 
f 2892/1/2892 2908/1/2908 2905/1/2905 2889/1/2889 
f 1104/1/1104 2721/1/2721 2908/1/2908 2892/1/2892 
f 2897/1/2897 2908/1/2908 2721/1/2721 2712/1/2712 
f 2909/1/2909 2910/1/2910 2911/1/2911 2912/1/2912 
f 2913/1/2913 2911/1/2911 2910/1/2910 2914/1/2914 
f 2915/1/2915 2916/1/2916 2911/1/2911 2913/1/2913 
f 2917/1/2917 2912/1/2912 2911/1/2911 2916/1/2916 
f 2907/1/2907 2906/1/2906 2918/1/2918 2919/1/2919 
f 2895/1/2895 2918/1/2918 2906/1/2906 2898/1/2898 
f 2562/1/2562 2561/1/2561 2918/1/2918 2895/1/2895 
f 2561/1/2561 2558/1/2558 2919/1/2919 
f 1137/1/1137 2920/1/2920 2921/1/2921 1364/1/1364 
f 2912/1/2912 2921/1/2921 2920/1/2920 2909/1/2909 
f 2922/1/2922 2921/1/2921 2912/1/2912 2917/1/2917 
f 1366/1/1366 1364/1/1364 2921/1/2921 2922/1/2922 
f 1150/1/1150 2923/1/2923 2924/1/2924 1149/1/1149 
f 2925/1/2925 2924/1/2924 2923/1/2923 2914/1/2914 
f 2761/1/2761 2759/1/2759 2924/1/2924 2925/1/2925 
f 1149/1/1149 2924/1/2924 2759/1/2759 1151/1/1151 
f 2914/1/2914 2910/1/2910 2926/1/2926 2925/1/2925 
f 2927/1/2927 2926/1/2926 2910/1/2910 2909/1/2909 
f 2768/1/2768 2767/1/2767 2926/1/2926 2927/1/2927 
f 2767/1/2767 2761/1/2761 2925/1/2925 
f 2914/1/2914 2923/1/2923 2928/1/2928 2913/1/2913 
f 1783/1/1783 2928/1/2928 2923/1/2923 1150/1/1150 
f 1787/1/1787 2929/1/2929 2928/1/2928 1783/1/1783 
f 2913/1/2913 2928/1/2928 2929/1/2929 2915/1/2915 
f 2857/1/2857 2930/1/2930 2931/1/2931 2855/1/2855 
f 2932/1/2932 2931/1/2931 2930/1/2930 2933/1/2933 
f 1180/1/1180 1184/1/1184 2931/1/2931 2932/1/2932 
f 2855/1/2855 2931/1/2931 1184/1/1184 1168/1/1168 
f 2775/1/2775 2934/1/2934 1140/1/1140 1142/1/1142 
f 2927/1/2927 2934/1/2934 2775/1/2775 2768/1/2768 
f 2909/1/2909 2920/1/2920 2934/1/2934 2927/1/2927 
f 1140/1/1140 2934/1/2934 2920/1/2920 1137/1/1137 
f 1157/1/1157 2887/1/2887 2935/1/2935 1156/1/1156 
f 2936/1/2936 2935/1/2935 2887/1/2887 2886/1/2886 
f 2937/1/2937 2938/1/2938 2935/1/2935 2936/1/2936 
f 1156/1/1156 2935/1/2935 2938/1/2938 1158/1/1158 
f 2932/1/2932 2939/1/2939 1181/1/1181 1180/1/1180 
f 2932/1/2932 2933/1/2933 2940/1/2940 2939/1/2939 
f 2564/1/2564 2563/1/2563 2939/1/2939 2940/1/2940 
f 1165/1/1165 1181/1/1181 2939/1/2939 2563/1/2563 
f 2933/1/2933 2941/1/2941 2942/1/2942 2940/1/2940 
f 2936/1/2936 2942/1/2942 2941/1/2941 2937/1/2937 
f 2886/1/2886 2893/1/2893 2942/1/2942 2936/1/2936 
f 2940/1/2940 2942/1/2942 2893/1/2893 2564/1/2564 
f 2858/1/2858 2943/1/2943 2944/1/2944 2870/1/2870 
f 2944/1/2944 2943/1/2943 2937/1/2937 
f 2933/1/2933 2930/1/2930 2944/1/2944 2941/1/2941 
f 2870/1/2870 2944/1/2944 2930/1/2930 2857/1/2857 
f 2945/1/2945 1267/1/1267 1266/1/1266 
f 2946/1/2946 2945/1/2945 1295/1/1295 1294/1/1294 
f 2946/1/2946 2947/1/2947 2948/1/2948 
f 1267/1/1267 2945/1/2945 2948/1/2948 1270/1/1270 
f 2943/1/2943 2949/1/2949 2938/1/2938 2937/1/2937 
f 2861/1/2861 2949/1/2949 2943/1/2943 2858/1/2858 
f 2949/1/2949 2861/1/2861 2603/1/2603 
f 1158/1/1158 2938/1/2938 2949/1/2949 2609/1/2609 
f 2756/1/2756 2764/1/2764 2950/1/2950 2755/1/2755 
f 2951/1/2951 2950/1/2950 2764/1/2764 2763/1/2763 
f 2952/1/2952 2953/1/2953 2950/1/2950 2951/1/2951 
f 2755/1/2755 2950/1/2950 2953/1/2953 2556/1/2556 
f 2947/1/2947 2946/1/2946 2954/1/2954 2955/1/2955 
f 1306/1/1306 2954/1/2954 2946/1/2946 1294/1/1294 
f 2954/1/2954 1306/1/1306 1272/1/1272 
f 2902/1/2902 2901/1/2901 2955/1/2955 
f 2952/1/2952 2956/1/2956 2957/1/2957 2958/1/2958 
f 2955/1/2955 2957/1/2957 2956/1/2956 2947/1/2947 
f 2957/1/2957 2955/1/2955 2901/1/2901 
f 2958/1/2958 2957/1/2957 2904/1/2904 2907/1/2907 
f 2947/1/2947 2956/1/2956 2959/1/2959 2948/1/2948 
f 2951/1/2951 2959/1/2959 2956/1/2956 2952/1/2952 
f 2763/1/2763 2774/1/2774 2959/1/2959 2951/1/2951 
f 2948/1/2948 2959/1/2959 2774/1/2774 1270/1/1270 
f 2836/1/2836 2825/1/2825 2960/1/2960 2961/1/2961 
f 2962/1/2962 2961/1/2961 2960/1/2960 2963/1/2963 
f 2964/1/2964 2965/1/2965 2961/1/2961 2962/1/2962 
f 2833/1/2833 2836/1/2836 2961/1/2961 2965/1/2965 
f 2556/1/2556 2953/1/2953 2966/1/2966 2553/1/2553 
f 2958/1/2958 2966/1/2966 2953/1/2953 2952/1/2952 
f 2907/1/2907 2919/1/2919 2966/1/2966 2958/1/2958 
f 2553/1/2553 2966/1/2966 2919/1/2919 2558/1/2558 
f 2967/1/2967 2968/1/2968 1371/1/1371 1370/1/1370 
f 2963/1/2963 2960/1/2960 2968/1/2968 2967/1/2967 
f 2828/1/2828 2968/1/2968 2960/1/2960 2825/1/2825 
f 2828/1/2828 1357/1/1357 1371/1/1371 2968/1/2968 
f 1789/1/1789 1385/1/1385 2969/1/2969 2970/1/2970 
f 2964/1/2964 2971/1/2971 2970/1/2970 2969/1/2969 
f 2915/1/2915 2929/1/2929 2970/1/2970 2971/1/2971 
f 1789/1/1789 2970/1/2970 2929/1/2929 1787/1/1787 
f 2915/1/2915 2971/1/2971 2972/1/2972 2916/1/2916 
f 2962/1/2962 2972/1/2972 2971/1/2971 2964/1/2964 
f 2963/1/2963 2973/1/2973 2972/1/2972 2962/1/2962 
f 2916/1/2916 2972/1/2972 2973/1/2973 2917/1/2917 
f 2965/1/2965 2974/1/2974 2834/1/2834 2833/1/2833 
f 2969/1/2969 2974/1/2974 2965/1/2965 2964/1/2964 
f 1385/1/1385 1384/1/1384 2974/1/2974 2969/1/2969 
f 2834/1/2834 2974/1/2974 1384/1/1384 1373/1/1373 
f 2975/1/2975 2976/1/2976 2977/1/2977 2978/1/2978 
f 1412/1/1412 2977/1/2977 2976/1/2976 1409/1/1409 
f 1392/1/1392 1390/1/1390 2977/1/2977 1412/1/1412 
f 2978/1/2978 2977/1/2977 1390/1/1390 1389/1/1389 
f 1409/1/1409 2976/1/2976 2979/1/2979 1417/1/1417 
f 2980/1/2980 2979/1/2979 2976/1/2976 2975/1/2975 
f 2853/1/2853 2852/1/2852 2979/1/2979 2980/1/2980 
f 1417/1/1417 2979/1/2979 2852/1/2852 1408/1/1408 
f 2917/1/2917 2973/1/2973 2981/1/2981 2922/1/2922 
f 2967/1/2967 2981/1/2981 2973/1/2973 2963/1/2963 
f 1370/1/1370 1367/1/1367 2981/1/2981 2967/1/2967 
f 2922/1/2922 2981/1/2981 1367/1/1367 1366/1/1366 
f 2619/1/2619 2876/1/2876 2982/1/2982 2620/1/2620 
f 2983/1/2983 2982/1/2982 2876/1/2876 2868/1/2868 
f 2984/1/2984 2985/1/2985 2982/1/2982 2983/1/2983 
f 2620/1/2620 2982/1/2982 2985/1/2985 2602/1/2602 
f 2984/1/2984 2986/1/2986 2987/1/2987 2988/1/2988 
f 2978/1/2978 2987/1/2987 2986/1/2986 2975/1/2975 
f 1389/1/1389 2989/1/2989 2987/1/2987 2978/1/2978 
f 2988/1/2988 2987/1/2987 2989/1/2989 2990/1/2990 
f 2975/1/2975 2986/1/2986 2991/1/2991 2980/1/2980 
f 2983/1/2983 2991/1/2991 2986/1/2986 2984/1/2984 
f 2868/1/2868 2867/1/2867 2991/1/2991 2983/1/2983 
f 2980/1/2980 2991/1/2991 2867/1/2867 2853/1/2853 
f 2992/1/2992 2993/1/2993 2994/1/2994 2995/1/2995 
f 2996/1/2996 2994/1/2994 2993/1/2993 2997/1/2997 
f 2998/1/2998 2999/1/2999 2994/1/2994 2996/1/2996 
f 2995/1/2995 2994/1/2994 2999/1/2999 3000/1/3000 
f 2602/1/2602 2985/1/2985 3001/1/3001 2600/1/2600 
f 2988/1/2988 3001/1/3001 2985/1/2985 2984/1/2984 
f 2990/1/2990 3002/1/3002 3001/1/3001 2988/1/2988 
f 2600/1/2600 3001/1/3001 3002/1/3002 2597/1/2597 
f 3000/1/3000 2999/1/2999 3003/1/3003 3004/1/3004 
f 3005/1/3005 3003/1/3003 2999/1/2999 2998/1/2998 
f 1474/1/1474 2617/1/2617 3003/1/3003 3005/1/3005 
f 3004/1/3004 3003/1/3003 2617/1/2617 2616/1/2616 
f 2844/1/2844 3006/1/3006 3007/1/3007 2845/1/2845 
f 3008/1/3008 3007/1/3007 3006/1/3006 2997/1/2997 
f 1481/1/1481 1477/1/1477 3007/1/3007 3008/1/3008 
f 2845/1/2845 3007/1/3007 1477/1/1477 1476/1/1476 
f 2344/1/2344 2343/1/2343 3009/1/3009 3010/1/3010 
f 3008/1/3008 3009/1/3009 2343/1/2343 1481/1/1481 
f 2997/1/2997 2993/1/2993 3009/1/3009 3008/1/3008 
f 3010/1/3010 3009/1/3009 2993/1/2993 2992/1/2992 
f 1496/1/1496 3011/1/3011 3012/1/3012 1494/1/1494 
f 3013/1/3013 3012/1/3012 3011/1/3011 3014/1/3014 
f 1514/1/1514 1513/1/1513 3012/1/3012 3013/1/3013 
f 1513/1/1513 1491/1/1491 1494/1/1494 
f 3015/1/3015 3016/1/3016 3017/1/3017 3018/1/3018 
f 3019/1/3019 3017/1/3017 3016/1/3016 3020/1/3020 
f 2433/1/2433 2430/1/2430 3017/1/3017 3019/1/3019 
f 3018/1/3018 3017/1/3017 2430/1/2430 2429/1/2429 
f 2839/1/2839 2824/1/2824 3021/1/3021 3022/1/3022 
f 3023/1/3023 3022/1/3022 3021/1/3021 3020/1/3020 
f 3014/1/3014 3011/1/3011 3022/1/3022 3023/1/3023 
f 3011/1/3011 1496/1/1496 2839/1/2839 
f 2449/1/2449 2453/1/2453 3024/1/3024 3025/1/3025 
f 3013/1/3013 3024/1/3024 2453/1/2453 1514/1/1514 
f 3014/1/3014 3026/1/3026 3024/1/3024 3013/1/3013 
f 3025/1/3025 3024/1/3024 3026/1/3026 3027/1/3027 
f 3027/1/3027 3026/1/3026 3028/1/3028 3029/1/3029 
f 3023/1/3023 3028/1/3028 3026/1/3026 3014/1/3014 
f 3020/1/3020 3016/1/3016 3028/1/3028 3023/1/3023 
f 3029/1/3029 3028/1/3028 3016/1/3016 3015/1/3015 
f 2433/1/2433 3019/1/3019 3030/1/3030 2578/1/2578 
f 3020/1/3020 3021/1/3021 3030/1/3030 3019/1/3019 
f 3030/1/3030 3021/1/3021 2824/1/2824 
f 2823/1/2823 2575/1/2575 2578/1/2578 
f 3031/1/3031 3032/1/3032 3033/1/3033 3034/1/3034 
f 3035/1/3035 3033/1/3033 3032/1/3032 3036/1/3036 
f 2418/1/2418 2415/1/2415 3033/1/3033 3035/1/3035 
f 3034/1/3034 3033/1/3033 2415/1/2415 1707/1/1707 
f 3037/1/3037 3038/1/3038 3039/1/3039 3040/1/3040 
f 3041/1/3041 3039/1/3039 3038/1/3038 3042/1/3042 
f 3039/1/3039 3041/1/3041 3036/1/3036 
f 3040/1/3040 3039/1/3039 3032/1/3032 3031/1/3031 
f 3036/1/3036 3043/1/3043 3044/1/3044 3035/1/3035 
f 2436/1/2436 3044/1/3044 3043/1/3043 2437/1/2437 
f 2425/1/2425 2427/1/2427 3044/1/3044 2436/1/2436 
f 3035/1/3035 3044/1/3044 2427/1/2427 2418/1/2418 
f 3045/1/3045 3046/1/3046 3047/1/3047 3048/1/3048 
f 2326/1/2326 2325/1/2325 3047/1/3047 3046/1/3046 
f 3047/1/3047 2325/1/2325 1578/1/1578 
f 3048/1/3048 3047/1/3047 3049/1/3049 3050/1/3050 
f 3042/1/3042 3038/1/3038 3051/1/3051 3052/1/3052 
f 3053/1/3053 3051/1/3051 3038/1/3038 3037/1/3037 
f 1679/1/1679 2444/1/2444 3051/1/3051 3053/1/3053 
f 2444/1/2444 2443/1/2443 3052/1/3052 
f 3054/1/3054 3055/1/3055 3056/1/3056 3057/1/3057 
f 3048/1/3048 3056/1/3056 3055/1/3055 3045/1/3045 
f 3050/1/3050 3058/1/3058 3056/1/3056 3048/1/3048 
f 3057/1/3057 3056/1/3056 3058/1/3058 3059/1/3059 
f 3060/1/3060 3061/1/3061 3046/1/3046 3045/1/3045 
f 2614/1/2614 3061/1/3061 3060/1/3060 2611/1/2611 
f 2338/1/2338 3061/1/3061 2614/1/2614 2335/1/2335 
f 3046/1/3046 3061/1/3061 2338/1/2338 2326/1/2326 
f 3062/1/3062 3063/1/3063 3064/1/3064 3065/1/3065 
f 1586/1/1586 3064/1/3064 3063/1/3063 1577/1/1577 
f 1678/1/1678 3064/1/3064 1586/1/1586 1585/1/1585 
f 3065/1/3065 3064/1/3064 1678/1/1678 1677/1/1677 
f 1577/1/1577 3063/1/3063 3066/1/3066 1576/1/1576 
f 3063/1/3063 3062/1/3062 3067/1/3067 
f 3066/1/3066 3067/1/3067 3050/1/3050 
f 3049/1/3049 1578/1/1578 1576/1/1576 
f 3057/1/3057 3068/1/3068 3069/1/3069 3054/1/3054 
f 3059/1/3059 3070/1/3070 3068/1/3068 3057/1/3057 
f 3070/1/3070 2592/1/2592 2594/1/2594 
f 2596/1/2596 3069/1/3069 3068/1/3068 2594/1/2594 
f 3071/1/3071 3072/1/3072 3073/1/3073 3074/1/3074 
f 3075/1/3075 3073/1/3073 3072/1/3072 3076/1/3076 
f 3077/1/3077 3078/1/3078 3073/1/3073 3075/1/3075 
f 3074/1/3074 3073/1/3073 3078/1/3078 2584/1/2584 
f 3076/1/3076 3072/1/3072 3079/1/3079 3080/1/3080 
f 3081/1/3081 3079/1/3079 3072/1/3072 3071/1/3071 
f 1675/1/1675 1685/1/1685 3079/1/3079 3081/1/3081 
f 3080/1/3080 3079/1/3079 1685/1/1685 1684/1/1684 
f 1707/1/1707 1706/1/1706 3082/1/3082 3034/1/3034 
f 3083/1/3083 3082/1/3082 1706/1/1706 1699/1/1699 
f 3077/1/3077 3084/1/3084 3082/1/3082 3083/1/3083 
f 3084/1/3084 3031/1/3031 3034/1/3034 
f 3031/1/3031 3084/1/3084 3085/1/3085 3040/1/3040 
f 3075/1/3075 3085/1/3085 3084/1/3084 3077/1/3077 
f 3076/1/3076 3086/1/3086 3085/1/3085 3075/1/3075 
f 3040/1/3040 3085/1/3085 3086/1/3086 3037/1/3037 
f 3078/1/3078 3077/1/3077 3083/1/3083 3087/1/3087 
f 1698/1/1698 3087/1/3087 3083/1/3083 1699/1/1699 
f 1695/1/1695 2580/1/2580 3087/1/3087 1698/1/1698 
f 2584/1/2584 3078/1/3078 3087/1/3087 2580/1/2580 
f 3088/1/3088 3089/1/3089 3090/1/3090 3091/1/3091 
f 3092/1/3092 3093/1/3093 3089/1/3089 3088/1/3088 
f 3054/1/3054 3069/1/3069 3089/1/3089 3093/1/3093 
f 3090/1/3090 3089/1/3089 3069/1/3069 2596/1/2596 
f 3037/1/3037 3086/1/3086 3094/1/3094 3053/1/3053 
f 3080/1/3080 3094/1/3094 3086/1/3086 3076/1/3076 
f 1684/1/1684 1680/1/1680 3094/1/3094 3080/1/3080 
f 3053/1/3053 3094/1/3094 1680/1/1680 1679/1/1679 
f 3093/1/3093 3095/1/3095 3055/1/3055 3054/1/3054 
f 3096/1/3096 3095/1/3095 3093/1/3093 3092/1/3092 
f 2611/1/2611 3060/1/3060 3095/1/3095 3096/1/3096 
f 3045/1/3045 3055/1/3055 3095/1/3095 3060/1/3060 
f 2992/1/2992 3097/1/3097 3098/1/3098 3010/1/3010 
f 3099/1/3099 3098/1/3098 3097/1/3097 3091/1/3091 
f 2354/1/2354 2351/1/2351 3098/1/3098 3099/1/3099 
f 3010/1/3010 3098/1/3098 2351/1/2351 2344/1/2344 
f 3000/1/3000 3100/1/3100 3101/1/3101 2995/1/2995 
f 3088/1/3088 3101/1/3101 3100/1/3100 3092/1/3092 
f 3091/1/3091 3097/1/3097 3101/1/3101 3088/1/3088 
f 2995/1/2995 3101/1/3101 3097/1/3097 2992/1/2992 
f 2350/1/2350 2359/1/2359 3102/1/3102 2595/1/2595 
f 3099/1/3099 3102/1/3102 2359/1/2359 2354/1/2354 
f 3091/1/3091 3090/1/3090 3102/1/3102 3099/1/3099 
f 3102/1/3102 3090/1/3090 2596/1/2596 2595/1/2595 
f 2443/1/2443 3103/1/3103 3104/1/3104 3052/1/3052 
f 3105/1/3105 3104/1/3104 3103/1/3103 3106/1/3106 
f 3107/1/3107 3108/1/3108 3104/1/3104 3105/1/3105 
f 3052/1/3052 3104/1/3104 3108/1/3108 3042/1/3042 
f 3092/1/3092 3100/1/3100 3109/1/3109 3096/1/3096 
f 3004/1/3004 3109/1/3109 3100/1/3100 3000/1/3000 
f 2616/1/2616 2612/1/2612 3109/1/3109 3004/1/3004 
f 3096/1/3096 3109/1/3109 2612/1/2612 2611/1/2611 
f 3042/1/3042 3108/1/3108 3110/1/3110 3041/1/3041 
f 3111/1/3111 3110/1/3110 3108/1/3108 3107/1/3107 
f 2437/1/2437 3043/1/3043 3110/1/3110 3111/1/3111 
f 3041/1/3041 3110/1/3110 3043/1/3043 3036/1/3036 
f 3027/1/3027 3112/1/3112 3113/1/3113 3025/1/3025 
f 3114/1/3114 3113/1/3113 3112/1/3112 3106/1/3106 
f 2451/1/2451 2450/1/2450 3113/1/3113 3114/1/3114 
f 3025/1/3025 3113/1/3113 2450/1/2450 2449/1/2449 
f 3015/1/3015 3115/1/3115 3116/1/3116 3029/1/3029 
f 3105/1/3105 3116/1/3116 3115/1/3115 3107/1/3107 
f 3106/1/3106 3112/1/3112 3116/1/3116 3105/1/3105 
f 3029/1/3029 3116/1/3116 3112/1/3112 3027/1/3027 
f 2451/1/2451 3114/1/3114 3117/1/3117 2447/1/2447 
f 3106/1/3106 3103/1/3103 3117/1/3117 3114/1/3114 
f 2442/1/2442 3117/1/3117 3103/1/3103 2443/1/2443 
f 2447/1/2447 3117/1/3117 2442/1/2442 2441/1/2441 
f 3107/1/3107 3115/1/3115 3118/1/3118 3111/1/3111 
f 3018/1/3018 3118/1/3118 3115/1/3115 3015/1/3015 
f 2429/1/2429 2438/1/2438 3118/1/3118 3018/1/3018 
f 3111/1/3111 3118/1/3118 2438/1/2438 2437/1/2437 
f 3119/1/3119 3120/1/3120 3121/1/3121 3122/1/3122 
f 3123/1/3123 3121/1/3121 3120/1/3120 3124/1/3124 
f 207/1/207 206/1/206 3121/1/3121 3123/1/3123 
f 3122/1/3122 3121/1/3121 206/1/206 201/1/201 
f 3124/1/3124 3120/1/3120 3125/1/3125 3126/1/3126 
f 3127/1/3127 3125/1/3125 3120/1/3120 3119/1/3119 
f 2770/1/2770 3125/1/3125 3127/1/3127 2771/1/2771 
f 2770/1/2770 2573/1/2573 3126/1/3126 3125/1/3125 
f 2696/1/2696 3128/1/3128 3129/1/3129 2697/1/2697 
f 3122/1/3122 3129/1/3129 3128/1/3128 3119/1/3119 
f 201/1/201 200/1/200 3129/1/3129 3122/1/3122 
f 2697/1/2697 3129/1/3129 200/1/200 199/1/199 
f 2782/1/2782 2771/1/2771 3127/1/3127 3130/1/3130 
f 3119/1/3119 3128/1/3128 3130/1/3130 3127/1/3127 
f 3128/1/3128 2696/1/2696 2703/1/2703 
f 2549/1/2549 2782/1/2782 3130/1/3130 2703/1/2703 
f 2573/1/2573 2571/1/2571 3131/1/3131 3126/1/3126 
f 2571/1/2571 2572/1/2572 3132/1/3132 
f 3133/1/3133 3134/1/3134 3131/1/3131 3132/1/3132 
f 3126/1/3126 3131/1/3131 3134/1/3134 3124/1/3124 
f 3135/1/3135 3136/1/3136 3137/1/3137 3138/1/3138 
f 2815/1/2815 3137/1/3137 3136/1/3136 2813/1/2813 
f 2747/1/2747 2750/1/2750 3137/1/3137 2815/1/2815 
f 3138/1/3138 3137/1/3137 2750/1/2750 2749/1/2749 
f 3139/1/3139 3140/1/3140 355/1/355 209/1/209 
f 3141/1/3141 3140/1/3140 3139/1/3139 3133/1/3133 
f 3135/1/3135 3142/1/3142 3140/1/3140 3141/1/3141 
f 358/1/358 355/1/355 3140/1/3140 3142/1/3142 
f 3124/1/3124 3134/1/3134 3143/1/3143 3123/1/3123 
f 3139/1/3139 3143/1/3143 3134/1/3134 3133/1/3133 
f 209/1/209 208/1/208 3143/1/3143 3139/1/3139 
f 3123/1/3123 3143/1/3143 208/1/208 207/1/207 
f 2813/1/2813 3136/1/3136 3144/1/3144 2814/1/2814 
f 3141/1/3141 3144/1/3144 3136/1/3136 3135/1/3135 
f 3144/1/3144 3141/1/3141 3133/1/3133 
f 2814/1/2814 3144/1/3144 3132/1/3132 2572/1/2572 
f 3142/1/3142 3145/1/3145 363/1/363 358/1/358 
f 3138/1/3138 3145/1/3145 3142/1/3142 3135/1/3135 
f 2749/1/2749 2757/1/2757 3145/1/3145 3138/1/3138 
f 2757/1/2757 263/1/263 363/1/363 3145/1/3145 
f 2997/1/2997 3006/1/3006 3146/1/3146 2996/1/2996 
f 2844/1/2844 3147/1/3147 3146/1/3146 3006/1/3006 
f 3148/1/3148 3146/1/3146 3147/1/3147 3149/1/3149 
f 2996/1/2996 3146/1/3146 3148/1/3148 2998/1/2998 
f 2990/1/2990 3150/1/3150 3151/1/3151 3002/1/3002 
f 3152/1/3152 3153/1/3153 3151/1/3151 3150/1/3150 
f 2847/1/2847 3151/1/3151 3153/1/3153 2843/1/2843 
f 2597/1/2597 3002/1/3002 3151/1/3151 2847/1/2847 
f 3154/1/3154 3155/1/3155 1471/1/1471 1470/1/1470 
f 3156/1/3156 3155/1/3155 3154/1/3154 3149/1/3149 
f 3152/1/3152 3157/1/3157 3155/1/3155 3156/1/3156 
f 1471/1/1471 3155/1/3155 3157/1/3157 1396/1/1396 
f 2998/1/2998 3148/1/3148 3158/1/3158 3005/1/3005 
f 3149/1/3149 3154/1/3154 3158/1/3158 3148/1/3148 
f 3158/1/3158 3154/1/3154 1470/1/1470 
f 1475/1/1475 1474/1/1474 3005/1/3005 
f 2843/1/2843 3153/1/3153 3159/1/3159 2841/1/2841 
f 3156/1/3156 3159/1/3159 3153/1/3153 3152/1/3152 
f 3149/1/3149 3147/1/3147 3159/1/3159 3156/1/3156 
f 2841/1/2841 3159/1/3159 3147/1/3147 2844/1/2844 
f 3152/1/3152 3150/1/3150 3160/1/3160 3157/1/3157 
f 2989/1/2989 3160/1/3160 3150/1/3150 2990/1/2990 
f 3160/1/3160 2989/1/2989 1389/1/1389 
f 1388/1/1388 1396/1/1396 3157/1/3157 3160/1/3160 
f 2584/1/2584 2583/1/2583 3161/1/3161 3074/1/3074 
f 3162/1/3162 3161/1/3161 2583/1/2583 2582/1/2582 
f 3163/1/3163 3164/1/3164 3161/1/3161 3162/1/3162 
f 3074/1/3074 3161/1/3161 3164/1/3164 3071/1/3071 
f 3071/1/3071 3164/1/3164 3165/1/3165 3081/1/3081 
f 3166/1/3166 3165/1/3165 3164/1/3164 3163/1/3163 
f 1676/1/1676 3165/1/3165 3166/1/3166 1677/1/1677 
f 3081/1/3081 3165/1/3165 1676/1/1676 1675/1/1675 
f 1677/1/1677 3166/1/3166 3167/1/3167 3065/1/3065 
f 3168/1/3168 3167/1/3167 3166/1/3166 3163/1/3163 
f 3169/1/3169 3170/1/3170 3167/1/3167 3168/1/3168 
f 3065/1/3065 3167/1/3167 3170/1/3170 3062/1/3062 
f 2588/1/2588 3171/1/3171 3172/1/3172 2586/1/2586 
f 3168/1/3168 3172/1/3172 3171/1/3171 3169/1/3169 
f 3163/1/3163 3162/1/3162 3172/1/3172 3168/1/3168 
f 2586/1/2586 3172/1/3172 3162/1/3162 2582/1/2582 
f 2592/1/2592 3070/1/3070 3173/1/3173 2591/1/2591 
f 3174/1/3174 3173/1/3173 3070/1/3070 3059/1/3059 
f 3169/1/3169 3171/1/3171 3173/1/3173 3174/1/3174 
f 2591/1/2591 3173/1/3173 3171/1/3171 2588/1/2588 
f 3062/1/3062 3170/1/3170 3175/1/3175 3067/1/3067 
f 3174/1/3174 3175/1/3175 3170/1/3170 3169/1/3169 
f 3059/1/3059 3058/1/3058 3175/1/3175 3174/1/3174 
f 3067/1/3067 3175/1/3175 3058/1/3058 3050/1/3050 
f 3176/1/3176 2397/1/2397 2389/1/2389 
f 3177/1/3177 3178/1/3178 3179/1/3179 
f 2402/1/2402 2414/1/2414 3176/1/3176 3179/1/3179 
f 2397/1/2397 3176/1/3176 2414/1/2414 2394/1/2394 
f 3180/1/3180 3181/1/3181 3182/1/3182 3183/1/3183 
f 2403/1/2403 3182/1/3182 3181/1/3181 2205/1/2205 
f 3179/1/3179 3182/1/3182 2403/1/2403 2402/1/2402 
f 3178/1/3178 3183/1/3183 3182/1/3182 3179/1/3179 
f 3184/1/3184 3185/1/3185 3186/1/3186 3187/1/3187 
f 2204/1/2204 3186/1/3186 3185/1/3185 2206/1/2206 
f 2205/1/2205 3181/1/3181 3186/1/3186 2204/1/2204 
f 3187/1/3187 3186/1/3186 3181/1/3181 3180/1/3180 
f 3185/1/3185 3184/1/3184 3188/1/3188 3189/1/3189 
f 3190/1/3190 3189/1/3189 3188/1/3188 3191/1/3191 
f 2211/1/2211 2208/1/2208 3189/1/3189 3190/1/3190 
f 2208/1/2208 2206/1/2206 3185/1/3185 3189/1/3189 
f 3191/1/3191 3192/1/3192 3193/1/3193 3190/1/3190 
f 3194/1/3194 3193/1/3193 3192/1/3192 3195/1/3195 
f 2215/1/2215 2212/1/2212 3193/1/3193 3194/1/3194 
f 3190/1/3190 3193/1/3193 2212/1/2212 2211/1/2211 
f 3196/1/3196 3197/1/3197 3198/1/3198 3199/1/3199 
f 2217/1/2217 3198/1/3198 3197/1/3197 2218/1/2218 
f 2215/1/2215 3194/1/3194 3198/1/3198 2217/1/2217 
f 3199/1/3199 3198/1/3198 3194/1/3194 3195/1/3195 
f 3200/1/3200 3201/1/3201 3197/1/3197 3196/1/3196 
f 3202/1/3202 3201/1/3201 3200/1/3200 3203/1/3203 
f 3202/1/3202 2222/1/2222 2221/1/2221 3201/1/3201 
f 2218/1/2218 3197/1/3197 3201/1/3201 2221/1/2221 
f 2364/1/2364 3204/1/3204 3205/1/3205 2371/1/2371 
f 3206/1/3206 3205/1/3205 3204/1/3204 3207/1/3207 
f 2381/1/2381 2378/1/2378 3205/1/3205 3206/1/3206 
f 2371/1/2371 3205/1/3205 2378/1/2378 2368/1/2368 
f 3203/1/3203 3208/1/3208 3209/1/3209 3202/1/3202 
f 3208/1/3208 3207/1/3207 3204/1/3204 3209/1/3209 
f 2367/1/2367 3209/1/3209 3204/1/3204 2364/1/2364 
f 3202/1/3202 3209/1/3209 2367/1/2367 2222/1/2222 
f 2389/1/2389 2386/1/2386 3210/1/3210 3177/1/3177 
f 2386/1/2386 2381/1/2381 3206/1/3206 
f 3210/1/3210 3206/1/3206 3207/1/3207 
f 3211/1/3211 3178/1/3178 3177/1/3177 
f 3212/1/3212 3213/1/3213 3214/1/3214 3215/1/3215 
f 3183/1/3183 3214/1/3214 3213/1/3213 3180/1/3180 
f 3183/1/3183 3178/1/3178 3216/1/3216 
f 3217/1/3217 3215/1/3215 3214/1/3214 3216/1/3216 
f 3212/1/3212 3218/1/3218 3219/1/3219 3213/1/3213 
f 3220/1/3220 3219/1/3219 3218/1/3218 3221/1/3221 
f 3184/1/3184 3187/1/3187 3219/1/3219 3220/1/3220 
f 3180/1/3180 3213/1/3213 3219/1/3219 3187/1/3187 
f 3221/1/3221 3222/1/3222 3223/1/3223 3220/1/3220 
f 3224/1/3224 3223/1/3223 3222/1/3222 3225/1/3225 
f 3191/1/3191 3188/1/3188 3223/1/3223 3224/1/3224 
f 3220/1/3220 3223/1/3223 3188/1/3188 3184/1/3184 
f 3225/1/3225 3226/1/3226 3227/1/3227 3224/1/3224 
f 3226/1/3226 3228/1/3228 3229/1/3229 3227/1/3227 
f 3192/1/3192 3227/1/3227 3229/1/3229 3195/1/3195 
f 3224/1/3224 3227/1/3227 3192/1/3192 3191/1/3191 
f 3230/1/3230 3231/1/3231 3232/1/3232 3233/1/3233 
f 3199/1/3199 3232/1/3232 3231/1/3231 3196/1/3196 
f 3195/1/3195 3229/1/3229 3232/1/3232 3199/1/3199 
f 3233/1/3233 3232/1/3232 3229/1/3229 3228/1/3228 
f 3212/1/3212 3234/1/3234 3235/1/3235 3218/1/3218 
f 3236/1/3236 3235/1/3235 3234/1/3234 3237/1/3237 
f 3238/1/3238 3239/1/3239 3235/1/3235 3236/1/3236 
f 3239/1/3239 3221/1/3221 3218/1/3218 3235/1/3235 
f 3238/1/3238 3240/1/3240 3241/1/3241 3239/1/3239 
f 3242/1/3242 3243/1/3243 3241/1/3241 3240/1/3240 
f 3225/1/3225 3222/1/3222 3241/1/3241 3243/1/3243 
f 3239/1/3239 3241/1/3241 3222/1/3222 3221/1/3221 
f 3244/1/3244 3245/1/3245 3246/1/3246 3247/1/3247 
f 3200/1/3200 3246/1/3246 3245/1/3245 3203/1/3203 
f 3196/1/3196 3231/1/3231 3246/1/3246 3200/1/3200 
f 3247/1/3247 3246/1/3246 3231/1/3231 3230/1/3230 
f 3242/1/3242 3248/1/3248 3249/1/3249 3243/1/3243 
f 3250/1/3250 3251/1/3251 3249/1/3249 3248/1/3248 
f 3228/1/3228 3226/1/3226 3249/1/3249 3251/1/3251 
f 3243/1/3243 3249/1/3249 3226/1/3226 3225/1/3225 
f 3237/1/3237 3252/1/3252 3253/1/3253 3236/1/3236 
f 3248/1/3248 3253/1/3253 3252/1/3252 3250/1/3250 
f 3242/1/3242 3240/1/3240 3253/1/3253 3248/1/3248 
f 3236/1/3236 3253/1/3253 3240/1/3240 3238/1/3238 
f 3254/1/3254 3255/1/3255 3256/1/3256 3257/1/3257 
f 3258/1/3258 3256/1/3256 3255/1/3255 3259/1/3259 
f 3250/1/3250 3252/1/3252 3256/1/3256 3258/1/3258 
f 3257/1/3257 3256/1/3256 3252/1/3252 3237/1/3237 
f 3228/1/3228 3251/1/3251 3260/1/3260 3233/1/3233 
f 3258/1/3258 3260/1/3260 3251/1/3251 3250/1/3250 
f 3259/1/3259 3261/1/3261 3260/1/3260 3258/1/3258 
f 3233/1/3233 3260/1/3260 3261/1/3261 3230/1/3230 
f 3262/1/3262 3263/1/3263 3264/1/3264 3265/1/3265 
f 3263/1/3263 3217/1/3217 3216/1/3216 
f 3264/1/3264 3216/1/3216 3178/1/3178 
f 3265/1/3265 3264/1/3264 3211/1/3211 3207/1/3207 
f 3266/1/3266 3267/1/3267 3215/1/3215 3217/1/3217 
f 3257/1/3257 3267/1/3267 3266/1/3266 3254/1/3254 
f 3237/1/3237 3234/1/3234 3267/1/3267 3257/1/3257 
f 3215/1/3215 3267/1/3267 3234/1/3234 3212/1/3212 
f 3268/1/3268 3262/1/3262 3265/1/3265 
f 3265/1/3265 3207/1/3207 3208/1/3208 
f 3208/1/3208 3203/1/3203 3245/1/3245 
f 3245/1/3245 3244/1/3244 3268/1/3268 
f 3269/1/3269 3270/1/3270 3271/1/3271 3272/1/3272 
f 3273/1/3273 3271/1/3271 3270/1/3270 3254/1/3254 
f 3262/1/3262 3268/1/3268 3271/1/3271 3273/1/3273 
f 3272/1/3272 3271/1/3271 3268/1/3268 3244/1/3244 
f 3273/1/3273 3254/1/3254 3266/1/3266 
f 3217/1/3217 3263/1/3263 3274/1/3274 3266/1/3266 
f 3273/1/3273 3274/1/3274 3263/1/3263 3262/1/3262 
f 3259/1/3259 3255/1/3255 3275/1/3275 3276/1/3276 
f 3270/1/3270 3275/1/3275 3255/1/3255 3254/1/3254 
f 3276/1/3276 3275/1/3275 3270/1/3270 3269/1/3269 
f 3230/1/3230 3261/1/3261 3277/1/3277 3247/1/3247 
f 3276/1/3276 3277/1/3277 3261/1/3261 3259/1/3259 
f 3269/1/3269 3272/1/3272 3277/1/3277 3276/1/3276 
f 3247/1/3247 3277/1/3277 3272/1/3272 3244/1/3244 
f 3278/1/3278 3279/1/3279 3280/1/3280 3281/1/3281 
f 2538/1/2538 3279/1/3279 3278/1/3278 9/1/9 
f 3279/1/3279 2538/1/2538 2535/1/2535 
f 3282/1/3282 3280/1/3280 3279/1/3279 3283/1/3283 
f 3284/1/3284 3285/1/3285 3286/1/3286 
f 3287/1/3287 1/1/1 4/1/4 
f 9/1/9 3278/1/3278 3284/1/3284 4/1/4 
f 3281/1/3281 3285/1/3285 3284/1/3284 3278/1/3278 
f 3288/1/3288 3289/1/3289 3290/1/3290 3291/1/3291 
f 3292/1/3292 3290/1/3290 3289/1/3289 3293/1/3293 
f 3286/1/3286 3285/1/3285 3290/1/3290 3292/1/3292 
f 3291/1/3291 3290/1/3290 3285/1/3285 3281/1/3281 
f 3294/1/3294 3295/1/3295 3289/1/3289 3288/1/3288 
f 3296/1/3296 3297/1/3297 3295/1/3295 3294/1/3294 
f 3297/1/3297 72/1/72 3298/1/3298 
f 3293/1/3293 3289/1/3289 3295/1/3295 3298/1/3298 
f 3299/1/3299 3300/1/3300 3301/1/3301 3302/1/3302 
f 3300/1/3300 3299/1/3299 25/1/25 
f 1/1/1 3287/1/3287 3300/1/3300 24/1/24 
f 3301/1/3301 3300/1/3300 3287/1/3287 3286/1/3286 
f 3302/1/3302 3301/1/3301 3303/1/3303 3304/1/3304 
f 3303/1/3303 3301/1/3301 3286/1/3286 
f 3292/1/3292 3293/1/3293 3305/1/3305 
f 3304/1/3304 3303/1/3303 3305/1/3305 3306/1/3306 
f 3307/1/3307 3305/1/3305 3293/1/3293 
f 3298/1/3298 72/1/72 71/1/71 
f 3308/1/3308 3307/1/3307 71/1/71 46/1/46 
f 3306/1/3306 3305/1/3305 3307/1/3307 3308/1/3308 
f 32/1/32 35/1/35 3309/1/3309 3310/1/3310 
f 3299/1/3299 3309/1/3309 35/1/35 25/1/25 
f 3302/1/3302 3311/1/3311 3309/1/3309 3299/1/3299 
f 3310/1/3310 3309/1/3309 3311/1/3311 3312/1/3312 
f 3312/1/3312 3311/1/3311 3313/1/3313 3314/1/3314 
f 3304/1/3304 3313/1/3313 3311/1/3311 3302/1/3302 
f 3306/1/3306 3315/1/3315 3313/1/3313 3304/1/3304 
f 3314/1/3314 3313/1/3313 3315/1/3315 3316/1/3316 
f 3308/1/3308 3317/1/3317 3315/1/3315 3306/1/3306 
f 46/1/46 44/1/44 3317/1/3317 3308/1/3308 
f 3318/1/3318 3317/1/3317 44/1/44 43/1/43 
f 3316/1/3316 3315/1/3315 3317/1/3317 3318/1/3318 
f 34/1/34 33/1/33 3319/1/3319 3320/1/3320 
f 3310/1/3310 3319/1/3319 33/1/33 32/1/32 
f 3312/1/3312 3321/1/3321 3319/1/3319 3310/1/3310 
f 3320/1/3320 3319/1/3319 3321/1/3321 3322/1/3322 
f 3322/1/3322 3321/1/3321 3323/1/3323 3324/1/3324 
f 3314/1/3314 3323/1/3323 3321/1/3321 3312/1/3312 
f 3316/1/3316 3325/1/3325 3323/1/3323 3314/1/3314 
f 3324/1/3324 3323/1/3323 3325/1/3325 3326/1/3326 
f 3318/1/3318 3327/1/3327 3325/1/3325 3316/1/3316 
f 43/1/43 60/1/60 3327/1/3327 3318/1/3318 
f 3328/1/3328 3327/1/3327 60/1/60 61/1/61 
f 3326/1/3326 3325/1/3325 3327/1/3327 3328/1/3328 
f 3329/1/3329 3330/1/3330 3331/1/3331 3332/1/3332 
f 53/1/53 51/1/51 3330/1/3330 3329/1/3329 
f 3333/1/3333 3330/1/3330 51/1/51 52/1/52 
f 3334/1/3334 3331/1/3331 3330/1/3330 3333/1/3333 
f 3335/1/3335 3336/1/3336 3337/1/3337 3338/1/3338 
f 3339/1/3339 3340/1/3340 3337/1/3337 3336/1/3336 
f 1802/1/1802 3337/1/3337 3340/1/3340 1805/1/1805 
f 1801/1/1801 3338/1/3338 3337/1/3337 1802/1/1802 
f 3332/1/3332 3331/1/3331 3341/1/3341 3342/1/3342 
f 3343/1/3343 3341/1/3341 3331/1/3331 3334/1/3334 
f 3339/1/3339 3336/1/3336 3341/1/3341 3343/1/3343 
f 3342/1/3342 3341/1/3341 3336/1/3336 3335/1/3335 
f 3338/1/3338 3344/1/3344 3345/1/3345 3335/1/3335 
f 2648/1/2648 3344/1/3344 3338/1/3338 1801/1/1801 
f 2648/1/2648 2637/1/2637 3346/1/3346 3344/1/3344 
f 3347/1/3347 3345/1/3345 3344/1/3344 3346/1/3346 
f 3348/1/3348 3349/1/3349 3350/1/3350 3351/1/3351 
f 2272/1/2272 3350/1/3350 3349/1/3349 2271/1/2271 
f 1805/1/1805 3340/1/3340 3350/1/3350 2272/1/2272 
f 3351/1/3351 3350/1/3350 3340/1/3340 3339/1/3339 
f 3352/1/3352 3353/1/3353 3354/1/3354 3355/1/3355 
f 1814/1/1814 2270/1/2270 3354/1/3354 3353/1/3353 
f 2271/1/2271 3349/1/3349 3354/1/3354 2270/1/2270 
f 3355/1/3355 3354/1/3354 3349/1/3349 3348/1/3348 
f 3351/1/3351 3356/1/3356 3357/1/3357 3348/1/3348 
f 3339/1/3339 3343/1/3343 3356/1/3356 3351/1/3351 
f 3334/1/3334 3358/1/3358 3356/1/3356 3343/1/3343 
f 3359/1/3359 3357/1/3357 3356/1/3356 3358/1/3358 
f 3333/1/3333 3360/1/3360 3358/1/3358 3334/1/3334 
f 52/1/52 2461/1/2461 3360/1/3360 3333/1/3333 
f 2463/1/2463 3361/1/3361 3360/1/3360 2461/1/2461 
f 3358/1/3358 3360/1/3360 3361/1/3361 3359/1/3359 
f 3362/1/3362 3363/1/3363 3364/1/3364 3365/1/3365 
f 1809/1/1809 1808/1/1808 3363/1/3363 3362/1/3362 
f 3353/1/3353 3363/1/3363 1808/1/1808 1814/1/1814 
f 3352/1/3352 3364/1/3364 3363/1/3363 3353/1/3353 
f 3355/1/3355 3366/1/3366 3367/1/3367 3352/1/3352 
f 3348/1/3348 3357/1/3357 3366/1/3366 3355/1/3355 
f 3368/1/3368 3366/1/3366 3357/1/3357 3359/1/3359 
f 3369/1/3369 3367/1/3367 3366/1/3366 3368/1/3368 
f 3359/1/3359 3361/1/3361 3370/1/3370 3368/1/3368 
f 2469/1/2469 3370/1/3370 3361/1/3361 2463/1/2463 
f 2468/1/2468 3371/1/3371 3370/1/3370 2469/1/2469 
f 3368/1/3368 3370/1/3370 3371/1/3371 3369/1/3369 
f 3365/1/3365 3364/1/3364 3372/1/3372 3373/1/3373 
f 3367/1/3367 3372/1/3372 3364/1/3364 3352/1/3352 
f 3374/1/3374 3372/1/3372 3367/1/3367 3369/1/3369 
f 3373/1/3373 3372/1/3372 3374/1/3374 3375/1/3375 
f 3369/1/3369 3371/1/3371 3376/1/3376 3374/1/3374 
f 2502/1/2502 3376/1/3376 3371/1/3371 2468/1/2468 
f 3377/1/3377 3376/1/3376 2502/1/2502 2504/1/2504 
f 3375/1/3375 3374/1/3374 3376/1/3376 3377/1/3377 
f 3378/1/3378 3379/1/3379 1824/1/1824 
f 3362/1/3362 3378/1/3378 1823/1/1823 1809/1/1809 
f 3365/1/3365 3380/1/3380 3378/1/3378 3362/1/3362 
f 3379/1/3379 3378/1/3378 3380/1/3380 3381/1/3381 
f 3381/1/3381 3380/1/3380 3382/1/3382 3383/1/3383 
f 3373/1/3373 3382/1/3382 3380/1/3380 3365/1/3365 
f 3375/1/3375 3384/1/3384 3382/1/3382 3373/1/3373 
f 3384/1/3384 3385/1/3385 3383/1/3383 
f 3377/1/3377 3386/1/3386 3384/1/3384 3375/1/3375 
f 2504/1/2504 2510/1/2510 3386/1/3386 3377/1/3377 
f 3387/1/3387 3386/1/3386 2510/1/2510 2509/1/2509 
f 3386/1/3386 3387/1/3387 3385/1/3385 
f 3388/1/3388 3389/1/3389 3390/1/3390 3391/1/3391 
f 1797/1/1797 2078/1/2078 3389/1/3389 3388/1/3388 
f 3392/1/3392 3389/1/3389 2078/1/2078 2077/1/2077 
f 3393/1/3393 3390/1/3390 3389/1/3389 3392/1/3392 
f 2077/1/2077 2266/1/2266 3394/1/3394 3392/1/3392 
f 3379/1/3379 3394/1/3394 2266/1/2266 1824/1/1824 
f 3381/1/3381 3395/1/3395 3394/1/3394 3379/1/3379 
f 3392/1/3392 3394/1/3394 3395/1/3395 3393/1/3393 
f 3393/1/3393 3395/1/3395 3396/1/3396 3397/1/3397 
f 3383/1/3383 3396/1/3396 3395/1/3395 3381/1/3381 
f 3385/1/3385 3398/1/3398 3396/1/3396 3383/1/3383 
f 3397/1/3397 3396/1/3396 3398/1/3398 3399/1/3399 
f 3387/1/3387 3400/1/3400 3398/1/3398 3385/1/3385 
f 2509/1/2509 2513/1/2513 3400/1/3400 3387/1/3387 
f 3401/1/3401 3400/1/3400 2513/1/2513 2478/1/2478 
f 3399/1/3399 3398/1/3398 3400/1/3400 3401/1/3401 
f 3402/1/3402 3403/1/3403 3404/1/3404 3405/1/3405 
f 3403/1/3403 1799/1/1799 1798/1/1798 3404/1/3404 
f 3388/1/3388 3404/1/3404 1798/1/1798 1797/1/1797 
f 3391/1/3391 3405/1/3405 3404/1/3404 3388/1/3388 
f 3391/1/3391 3390/1/3390 3406/1/3406 3407/1/3407 
f 3397/1/3397 3406/1/3406 3390/1/3390 3393/1/3393 
f 3399/1/3399 3408/1/3408 3406/1/3406 3397/1/3397 
f 3407/1/3407 3406/1/3406 3408/1/3408 3409/1/3409 
f 3401/1/3401 3410/1/3410 3408/1/3408 3399/1/3399 
f 2478/1/2478 2477/1/2477 3410/1/3410 3401/1/3401 
f 3411/1/3411 3410/1/3410 2477/1/2477 2476/1/2476 
f 3409/1/3409 3408/1/3408 3410/1/3410 3411/1/3411 
f 3405/1/3405 3412/1/3412 3413/1/3413 3402/1/3402 
f 3407/1/3407 3412/1/3412 3405/1/3405 3391/1/3391 
f 3409/1/3409 3414/1/3414 3412/1/3412 3407/1/3407 
f 3415/1/3415 3413/1/3413 3412/1/3412 3414/1/3414 
f 3411/1/3411 3416/1/3416 3414/1/3414 3409/1/3409 
f 2476/1/2476 2482/1/2482 3416/1/3416 3411/1/3411 
f 2484/1/2484 3417/1/3417 3416/1/3416 2482/1/2482 
f 3414/1/3414 3416/1/3416 3417/1/3417 3415/1/3415 
f 2671/1/2671 3418/1/3418 3419/1/3419 2668/1/2668 
f 1799/1/1799 3403/1/3403 3418/1/3418 2671/1/2671 
f 3420/1/3420 3418/1/3418 3403/1/3403 3402/1/3402 
f 3421/1/3421 3419/1/3419 3418/1/3418 3420/1/3420 
f 3420/1/3420 3422/1/3422 3423/1/3423 3421/1/3421 
f 3402/1/3402 3413/1/3413 3422/1/3422 3420/1/3420 
f 3424/1/3424 3422/1/3422 3413/1/3413 3415/1/3415 
f 3425/1/3425 3423/1/3423 3422/1/3422 3424/1/3424 
f 3426/1/3426 3427/1/3427 3428/1/3428 3429/1/3429 
f 2677/1/2677 3428/1/3428 3427/1/3427 2674/1/2674 
f 2668/1/2668 3419/1/3419 3428/1/3428 2677/1/2677 
f 3429/1/3429 3428/1/3428 3419/1/3419 3421/1/3421 
f 3415/1/3415 3417/1/3417 3430/1/3430 3424/1/3424 
f 2489/1/2489 3430/1/3430 3417/1/3417 2484/1/2484 
f 2490/1/2490 3431/1/3431 3430/1/3430 2489/1/2489 
f 3424/1/3424 3430/1/3430 3431/1/3431 3425/1/3425 
f 82/1/82 78/1/78 3432/1/3432 3433/1/3433 
f 3434/1/3434 3432/1/3432 78/1/78 77/1/77 
f 3434/1/3434 3435/1/3435 3436/1/3436 3432/1/3432 
f 3433/1/3433 3432/1/3432 3436/1/3436 3437/1/3437 
f 3438/1/3438 3439/1/3439 3440/1/3440 
f 3440/1/3440 2520/1/2520 2519/1/2519 
f 3441/1/3441 3442/1/3442 2519/1/2519 2518/1/2518 
f 3443/1/3443 3438/1/3438 3442/1/3442 3441/1/3441 
f 3441/1/3441 3444/1/3444 3445/1/3445 3443/1/3443 
f 2518/1/2518 3446/1/3446 3444/1/3444 3441/1/3441 
f 3447/1/3447 3444/1/3444 3446/1/3446 3448/1/3448 
f 3449/1/3449 3445/1/3445 3444/1/3444 3447/1/3447 
f 3450/1/3450 3451/1/3451 3452/1/3452 
f 3453/1/3453 3454/1/3454 3455/1/3455 
f 3450/1/3450 3455/1/3455 3439/1/3439 
f 3438/1/3438 3443/1/3443 3451/1/3451 
f 3448/1/3448 3456/1/3456 3457/1/3457 3447/1/3447 
f 3436/1/3436 3457/1/3457 3456/1/3456 3437/1/3437 
f 3435/1/3435 3458/1/3458 3457/1/3457 3436/1/3436 
f 3447/1/3447 3457/1/3457 3458/1/3458 3449/1/3449 
f 103/1/103 102/1/102 3459/1/3459 3460/1/3460 
f 3433/1/3433 3459/1/3459 102/1/102 82/1/82 
f 3437/1/3437 3461/1/3461 3459/1/3459 3433/1/3433 
f 3460/1/3460 3459/1/3459 3461/1/3461 3462/1/3462 
f 3463/1/3463 3462/1/3462 3461/1/3461 
f 3437/1/3437 3456/1/3456 3464/1/3464 3461/1/3461 
f 3465/1/3465 3464/1/3464 3456/1/3456 3448/1/3448 
f 3466/1/3466 3463/1/3463 3464/1/3464 3465/1/3465 
f 3448/1/3448 3446/1/3446 3467/1/3467 3465/1/3465 
f 2525/1/2525 3467/1/3467 3446/1/3446 2518/1/2518 
f 2524/1/2524 3468/1/3468 3467/1/3467 2525/1/2525 
f 3465/1/3465 3467/1/3467 3468/1/3468 3466/1/3466 
f 717/1/717 716/1/716 3469/1/3469 3470/1/3470 
f 3460/1/3460 3469/1/3469 716/1/716 103/1/103 
f 3462/1/3462 3471/1/3471 3469/1/3469 3460/1/3460 
f 3472/1/3472 3470/1/3470 3469/1/3469 3471/1/3471 
f 3471/1/3471 3473/1/3473 3474/1/3474 3472/1/3472 
f 3473/1/3473 3471/1/3471 3462/1/3462 
f 3475/1/3475 3473/1/3473 3463/1/3463 3466/1/3466 
f 3476/1/3476 3474/1/3474 3473/1/3473 3475/1/3475 
f 3477/1/3477 3478/1/3478 3479/1/3479 3480/1/3480 
f 3478/1/3478 723/1/723 722/1/722 3479/1/3479 
f 722/1/722 717/1/717 3470/1/3470 
f 3480/1/3480 3479/1/3479 3470/1/3470 3472/1/3472 
f 3466/1/3466 3468/1/3468 3481/1/3481 3475/1/3475 
f 2528/1/2528 3481/1/3481 3468/1/3468 2524/1/2524 
f 2532/1/2532 3482/1/3482 3481/1/3481 2528/1/2528 
f 3475/1/3475 3481/1/3481 3482/1/3482 3476/1/3476 
f 3483/1/3483 3484/1/3484 3485/1/3485 
f 3294/1/3294 3483/1/3483 3486/1/3486 3296/1/3296 
f 3288/1/3288 3487/1/3487 3483/1/3483 3294/1/3294 
f 3484/1/3484 3483/1/3483 3487/1/3487 3488/1/3488 
f 3489/1/3489 2532/1/2532 2531/1/2531 
f 2531/1/2531 2530/1/2530 3490/1/3490 
f 3491/1/3491 3492/1/3492 3489/1/3489 
f 3291/1/3291 3493/1/3493 3487/1/3487 3288/1/3288 
f 3281/1/3281 3280/1/3280 3493/1/3493 3291/1/3291 
f 3494/1/3494 3493/1/3493 3280/1/3280 3282/1/3282 
f 3488/1/3488 3487/1/3487 3493/1/3493 3494/1/3494 
f 3495/1/3495 3496/1/3496 3492/1/3492 
f 3497/1/3497 3498/1/3498 3496/1/3496 
f 3499/1/3499 3500/1/3500 3501/1/3501 3502/1/3502 
f 3476/1/3476 3482/1/3482 3501/1/3501 3500/1/3500 
f 3489/1/3489 3501/1/3501 3482/1/3482 2532/1/2532 
f 3501/1/3501 3489/1/3489 3492/1/3492 
f 3503/1/3503 3504/1/3504 3505/1/3505 3506/1/3506 
f 3504/1/3504 2535/1/2535 2534/1/2534 3505/1/3505 
f 723/1/723 3478/1/3478 3505/1/3505 2534/1/2534 
f 3506/1/3506 3505/1/3505 3478/1/3478 3477/1/3477 
f 3499/1/3499 3507/1/3507 3508/1/3508 3500/1/3500 
f 3480/1/3480 3508/1/3508 3507/1/3507 3477/1/3477 
f 3472/1/3472 3474/1/3474 3508/1/3508 3480/1/3480 
f 3500/1/3500 3508/1/3508 3474/1/3474 3476/1/3476 
f 3506/1/3506 3509/1/3509 3510/1/3510 3503/1/3503 
f 3477/1/3477 3507/1/3507 3509/1/3509 3506/1/3506 
f 3511/1/3511 3509/1/3509 3507/1/3507 3499/1/3499 
f 3510/1/3510 3509/1/3509 3511/1/3511 3512/1/3512 
f 3502/1/3502 3513/1/3513 3511/1/3511 3499/1/3499 
f 3502/1/3502 3492/1/3492 3496/1/3496 
f 3514/1/3514 3513/1/3513 3496/1/3496 3498/1/3498 
f 3512/1/3512 3511/1/3511 3513/1/3513 3514/1/3514 
f 3515/1/3515 3516/1/3516 3517/1/3517 3518/1/3518 
f 3484/1/3484 3517/1/3517 3516/1/3516 3485/1/3485 
f 3488/1/3488 3519/1/3519 3517/1/3517 3484/1/3484 
f 3518/1/3518 3517/1/3517 3519/1/3519 3520/1/3520 
f 3521/1/3521 3522/1/3522 3523/1/3523 3524/1/3524 
f 3510/1/3510 3523/1/3523 3522/1/3522 3503/1/3503 
f 3512/1/3512 3525/1/3525 3523/1/3523 3510/1/3510 
f 3524/1/3524 3523/1/3523 3525/1/3525 3526/1/3526 
f 3512/1/3512 3514/1/3514 3527/1/3527 3525/1/3525 
f 3528/1/3528 3527/1/3527 3514/1/3514 3498/1/3498 
f 3529/1/3529 3530/1/3530 3527/1/3527 3528/1/3528 
f 3525/1/3525 3527/1/3527 3530/1/3530 3526/1/3526 
f 3531/1/3531 3532/1/3532 3282/1/3282 
f 3504/1/3504 3531/1/3531 3283/1/3283 2535/1/2535 
f 3503/1/3503 3522/1/3522 3531/1/3531 3504/1/3504 
f 3532/1/3532 3531/1/3531 3522/1/3522 3521/1/3521 
f 3520/1/3520 3519/1/3519 3533/1/3533 3534/1/3534 
f 3494/1/3494 3533/1/3533 3519/1/3519 3488/1/3488 
f 3282/1/3282 3532/1/3532 3533/1/3533 3494/1/3494 
f 3532/1/3532 3521/1/3521 3534/1/3534 
f 3526/1/3526 3535/1/3535 3536/1/3536 3524/1/3524 
f 3534/1/3534 3536/1/3536 3535/1/3535 3520/1/3520 
f 3524/1/3524 3536/1/3536 3534/1/3534 3521/1/3521 
f 3530/1/3530 3537/1/3537 3535/1/3535 3526/1/3526 
f 3529/1/3529 3538/1/3538 3537/1/3537 3530/1/3530 
f 3518/1/3518 3537/1/3537 3538/1/3538 3515/1/3515 
f 3520/1/3520 3535/1/3535 3537/1/3537 3518/1/3518 
f 2650/1/2650 3539/1/3539 3540/1/3540 2636/1/2636 
f 3320/1/3320 3539/1/3539 2650/1/2650 34/1/34 
f 3322/1/3322 3541/1/3541 3539/1/3539 3320/1/3320 
f 3541/1/3541 3542/1/3542 3540/1/3540 3539/1/3539 
f 3542/1/3542 3541/1/3541 3543/1/3543 3544/1/3544 
f 3324/1/3324 3543/1/3543 3541/1/3541 3322/1/3322 
f 3326/1/3326 3545/1/3545 3543/1/3543 3324/1/3324 
f 3544/1/3544 3543/1/3543 3545/1/3545 3546/1/3546 
f 3540/1/3540 3542/1/3542 3547/1/3547 3548/1/3548 
f 3346/1/3346 3548/1/3548 3547/1/3547 3347/1/3347 
f 2633/1/2633 3548/1/3548 3346/1/3346 2637/1/2637 
f 2636/1/2636 3540/1/3540 3548/1/3548 2633/1/2633 
f 3549/1/3549 3550/1/3550 2655/1/2655 
f 55/1/55 54/1/54 3549/1/3549 2652/1/2652 
f 3551/1/3551 3549/1/3549 54/1/54 53/1/53 
f 3552/1/3552 3550/1/3550 3549/1/3549 3551/1/3551 
f 3553/1/3553 3554/1/3554 3550/1/3550 3552/1/3552 
f 2661/1/2661 2656/1/2656 3554/1/3554 3553/1/3553 
f 2666/1/2666 3554/1/3554 2656/1/2656 2659/1/2659 
f 3550/1/3550 3554/1/3554 2666/1/2666 2655/1/2655 
f 3328/1/3328 3555/1/3555 3545/1/3545 3326/1/3326 
f 61/1/61 2660/1/2660 3555/1/3555 3328/1/3328 
f 3556/1/3556 3555/1/3555 2660/1/2660 2661/1/2661 
f 3546/1/3546 3545/1/3545 3555/1/3555 3556/1/3556 
f 3552/1/3552 3551/1/3551 3557/1/3557 3558/1/3558 
f 3329/1/3329 3557/1/3557 3551/1/3551 53/1/53 
f 3332/1/3332 3559/1/3559 3557/1/3557 3329/1/3329 
f 3558/1/3558 3557/1/3557 3559/1/3559 3560/1/3560 
f 3560/1/3560 3561/1/3561 3562/1/3562 3558/1/3558 
f 3556/1/3556 3562/1/3562 3561/1/3561 3546/1/3546 
f 2661/1/2661 3553/1/3553 3562/1/3562 3556/1/3556 
f 3558/1/3558 3562/1/3562 3553/1/3553 3552/1/3552 
f 3435/1/3435 3434/1/3434 3563/1/3563 3564/1/3564 
f 2627/1/2627 3563/1/3563 3434/1/3434 77/1/77 
f 2628/1/2628 3565/1/3565 3563/1/3563 2627/1/2627 
f 3564/1/3564 3563/1/3563 3565/1/3565 3566/1/3566 
f 3342/1/3342 3567/1/3567 3559/1/3559 3332/1/3332 
f 3335/1/3335 3345/1/3345 3567/1/3567 3342/1/3342 
f 3568/1/3568 3567/1/3567 3345/1/3345 3347/1/3347 
f 3560/1/3560 3559/1/3559 3567/1/3567 3568/1/3568 
f 3568/1/3568 3569/1/3569 3561/1/3561 3560/1/3560 
f 3347/1/3347 3547/1/3547 3569/1/3569 3568/1/3568 
f 3544/1/3544 3569/1/3569 3547/1/3547 3542/1/3542 
f 3546/1/3546 3561/1/3561 3569/1/3569 3544/1/3544 
f 2682/1/2682 3570/1/3570 3565/1/3565 2628/1/2628 
f 2674/1/2674 3427/1/3427 3570/1/3570 2682/1/2682 
f 3571/1/3571 3570/1/3570 3427/1/3427 3426/1/3426 
f 3566/1/3566 3565/1/3565 3570/1/3570 3571/1/3571 
f 3572/1/3572 3573/1/3573 3574/1/3574 3575/1/3575 
f 3449/1/3449 3458/1/3458 3573/1/3573 3572/1/3572 
f 3564/1/3564 3573/1/3573 3458/1/3458 3435/1/3435 
f 3566/1/3566 3574/1/3574 3573/1/3573 3564/1/3564 
f 3576/1/3576 3577/1/3577 3578/1/3578 
f 3454/1/3454 3453/1/3453 3579/1/3579 3578/1/3578 
f 3580/1/3580 3579/1/3579 3453/1/3453 3452/1/3452 
f 3579/1/3579 3580/1/3580 3581/1/3581 
f 3576/1/3576 3581/1/3581 3582/1/3582 
f 3583/1/3583 3582/1/3582 2490/1/2490 
f 3583/1/3583 2485/1/2485 2488/1/2488 
f 3583/1/3583 3584/1/3584 3577/1/3577 
f 3575/1/3575 3585/1/3585 3586/1/3586 3572/1/3572 
f 3451/1/3451 3586/1/3586 3585/1/3585 3452/1/3452 
f 3443/1/3443 3445/1/3445 3586/1/3586 3451/1/3451 
f 3572/1/3572 3586/1/3586 3445/1/3445 3449/1/3449 
f 3587/1/3587 3581/1/3581 3580/1/3580 
f 3452/1/3452 3585/1/3585 3588/1/3588 3580/1/3580 
f 3589/1/3589 3588/1/3588 3585/1/3585 3575/1/3575 
f 3590/1/3590 3587/1/3587 3588/1/3588 3589/1/3589 
f 3591/1/3591 3592/1/3592 3587/1/3587 3590/1/3590 
f 3425/1/3425 3431/1/3431 3592/1/3592 3591/1/3591 
f 3582/1/3582 3592/1/3592 3431/1/3431 2490/1/2490 
f 3592/1/3592 3582/1/3582 3581/1/3581 
f 3575/1/3575 3574/1/3574 3593/1/3593 3589/1/3589 
f 3571/1/3571 3593/1/3593 3574/1/3574 3566/1/3566 
f 3426/1/3426 3594/1/3594 3593/1/3593 3571/1/3571 
f 3589/1/3589 3593/1/3593 3594/1/3594 3590/1/3590 
f 3590/1/3590 3594/1/3594 3595/1/3595 3591/1/3591 
f 3429/1/3429 3595/1/3595 3594/1/3594 3426/1/3426 
f 3421/1/3421 3423/1/3423 3595/1/3595 3429/1/3429 
f 3591/1/3591 3595/1/3595 3423/1/3423 3425/1/3425 
f 20/1/20 21/1/21 18/1/18 
f 40/1/40 41/1/41 38/1/38 
f 42/1/42 45/1/45 38/1/38 
f 39/1/39 38/1/38 44/1/44 
f 50/1/50 49/1/49 54/1/54 
f 69/1/69 68/1/68 40/1/40 
f 68/1/68 74/1/74 75/1/75 
f 124/1/124 121/1/121 120/1/120 
f 123/1/123 131/1/131 129/1/129 
f 17/1/17 133/1/133 136/1/136 
f 116/1/116 140/1/140 141/1/141 
f 122/1/122 141/1/141 144/1/144 
f 160/1/160 161/1/161 158/1/158 
f 166/1/166 168/1/168 164/1/164 
f 175/1/175 173/1/173 172/1/172 
f 176/1/176 177/1/177 173/1/173 
f 175/1/175 215/1/215 219/1/219 
f 252/1/252 1859/1/1859 250/1/250 
f 250/1/250 1859/1/1859 253/1/253 
f 251/1/251 250/1/250 255/1/255 
f 220/1/220 223/1/223 307/1/307 
f 308/1/308 307/1/307 223/1/223 
f 334/1/334 335/1/335 332/1/332 
f 354/1/354 352/1/352 254/1/254 
f 305/1/305 365/1/365 364/1/364 
f 402/1/402 401/1/401 405/1/405 
f 386/1/386 410/1/410 407/1/407 
f 422/1/422 426/1/426 425/1/425 
f 440/1/440 437/1/437 442/1/442 
f 428/1/428 450/1/450 425/1/425 
f 462/1/462 464/1/464 460/1/460 
f 488/1/488 490/1/490 486/1/486 
f 467/1/467 466/1/466 491/1/491 
f 512/1/512 516/1/516 515/1/515 
f 521/1/521 522/1/522 518/1/518 
f 527/1/527 535/1/535 531/1/531 
f 548/1/548 549/1/549 525/1/525 
f 519/1/519 549/1/549 548/1/548 
f 520/1/520 535/1/535 549/1/549 
f 525/1/525 549/1/549 535/1/535 
f 556/1/556 557/1/557 554/1/554 
f 559/1/559 554/1/554 557/1/557 
f 558/1/558 563/1/563 562/1/562 
f 563/1/563 565/1/565 492/1/492 
f 461/1/461 568/1/568 523/1/523 
f 573/1/573 578/1/578 576/1/576 
f 588/1/588 585/1/585 584/1/584 
f 598/1/598 599/1/599 594/1/594 
f 595/1/595 594/1/594 599/1/599 
f 557/1/557 614/1/614 613/1/613 
f 620/1/620 621/1/621 618/1/618 
f 564/1/564 618/1/618 621/1/621 
f 619/1/619 618/1/618 613/1/613 
f 619/1/619 624/1/624 622/1/622 
f 620/1/620 627/1/627 626/1/626 
f 621/1/621 626/1/626 570/1/570 
f 586/1/586 627/1/627 628/1/628 
f 631/1/631 628/1/628 629/1/629 
f 587/1/587 628/1/628 631/1/631 
f 639/1/639 637/1/637 636/1/636 
f 649/1/649 648/1/648 652/1/652 
f 638/1/638 655/1/655 654/1/654 
f 609/1/609 606/1/606 654/1/654 
f 644/1/644 663/1/663 655/1/655 
f 658/1/658 668/1/668 667/1/667 
f 666/1/666 667/1/667 641/1/641 
f 661/1/661 668/1/668 669/1/669 
f 656/1/656 669/1/669 668/1/668 
f 650/1/650 647/1/647 669/1/669 
f 662/1/662 669/1/669 647/1/647 
f 694/1/694 695/1/695 693/1/693 
f 224/1/224 693/1/693 695/1/695 
f 305/1/305 703/1/703 702/1/702 
f 700/1/700 703/1/703 704/1/704 
f 308/1/308 704/1/704 703/1/703 
f 225/1/225 695/1/695 704/1/704 
f 705/1/705 704/1/704 695/1/695 
f 713/1/713 718/1/718 729/1/729 
f 792/1/792 789/1/789 797/1/797 
f 837/1/837 839/1/839 522/1/522 
f 513/1/513 515/1/515 839/1/839 
f 522/1/522 839/1/839 515/1/515 
f 513/1/513 838/1/838 846/1/846 
f 851/1/851 852/1/852 849/1/849 
f 854/1/854 849/1/849 852/1/852 
f 855/1/855 856/1/856 849/1/849 
f 850/1/850 849/1/849 856/1/856 
f 860/1/860 858/1/858 857/1/857 
f 920/1/920 919/1/919 822/1/822 
f 923/1/923 918/1/918 926/1/926 
f 921/1/921 928/1/928 926/1/926 
f 898/1/898 934/1/934 933/1/933 
f 929/1/929 933/1/933 934/1/934 
f 902/1/902 899/1/899 933/1/933 
f 934/1/934 936/1/936 935/1/935 
f 935/1/935 938/1/938 937/1/937 
f 942/1/942 939/1/939 938/1/938 
f 947/1/947 948/1/948 944/1/944 
f 937/1/937 944/1/944 948/1/948 
f 966/1/966 962/1/962 973/1/973 
f 972/1/972 975/1/975 968/1/968 
f 975/1/975 976/1/976 455/1/455 
f 455/1/455 976/1/976 977/1/977 
f 399/1/399 983/1/983 982/1/982 
f 911/1/911 907/1/907 985/1/985 
f 1007/1/1007 1008/1/1008 1006/1/1006 
f 940/1/940 996/1/996 1008/1/1008 
f 1006/1/1006 1008/1/1008 996/1/996 
f 1013/1/1013 1002/1/1002 592/1/592 
f 582/1/582 1004/1/1004 1014/1/1014 
f 1010/1/1010 1014/1/1014 1004/1/1004 
f 993/1/993 1030/1/1030 1029/1/1029 
f 1032/1/1032 1029/1/1029 1030/1/1030 
f 1031/1/1031 1030/1/1030 1033/1/1033 
f 1001/1/1001 1033/1/1033 1030/1/1030 
f 987/1/987 986/1/986 1033/1/1033 
f 1034/1/1034 1033/1/1033 986/1/986 
f 1032/1/1032 1036/1/1036 1040/1/1040 
f 257/1/257 1093/1/1093 1092/1/1092 
f 1095/1/1095 1092/1/1092 1093/1/1093 
f 251/1/251 1092/1/1092 1097/1/1097 
f 1125/1/1125 1123/1/1123 1122/1/1122 
f 1133/1/1133 1130/1/1130 1129/1/1129 
f 1134/1/1134 1135/1/1135 1130/1/1130 
f 1131/1/1131 1130/1/1130 1135/1/1135 
f 1165/1/1165 1166/1/1166 1162/1/1162 
f 1169/1/1169 1171/1/1171 1167/1/1167 
f 1173/1/1173 1174/1/1174 1171/1/1171 
f 1164/1/1164 1179/1/1179 1176/1/1176 
f 1180/1/1180 1181/1/1181 1176/1/1176 
f 1177/1/1177 1183/1/1183 1182/1/1182 
f 1172/1/1172 1169/1/1169 1182/1/1182 
f 1178/1/1178 1182/1/1182 1184/1/1184 
f 923/1/923 1187/1/1187 1185/1/1185 
f 1189/1/1189 1190/1/1190 1186/1/1186 
f 1193/1/1193 1194/1/1194 1191/1/1191 
f 1179/1/1179 1191/1/1191 1194/1/1194 
f 1189/1/1189 1191/1/1191 1179/1/1179 
f 1188/1/1188 1192/1/1192 1191/1/1191 
f 1196/1/1196 1195/1/1195 1194/1/1194 
f 1183/1/1183 1195/1/1195 1198/1/1198 
f 1204/1/1204 1203/1/1203 1202/1/1202 
f 615/1/615 1206/1/1206 623/1/623 
f 1214/1/1214 1217/1/1217 1213/1/1213 
f 1218/1/1218 1221/1/1221 1220/1/1220 
f 1220/1/1220 1222/1/1222 1207/1/1207 
f 660/1/660 1222/1/1222 1220/1/1220 
f 1193/1/1193 1211/1/1211 1223/1/1223 
f 1215/1/1215 1224/1/1224 1223/1/1223 
f 1196/1/1196 1223/1/1223 1224/1/1224 
f 1232/1/1232 1235/1/1235 1239/1/1239 
f 1277/1/1277 1279/1/1279 1278/1/1278 
f 1283/1/1283 1281/1/1281 1280/1/1280 
f 1281/1/1281 1283/1/1283 1266/1/1266 
f 1286/1/1286 1288/1/1288 1284/1/1284 
f 1282/1/1282 1280/1/1280 1284/1/1284 
f 1285/1/1285 1284/1/1284 1280/1/1280 
f 1282/1/1282 1292/1/1292 1290/1/1290 
f 1297/1/1297 1299/1/1299 1293/1/1293 
f 1298/1/1298 1297/1/1297 1296/1/1296 
f 1279/1/1279 1297/1/1297 1298/1/1298 
f 1299/1/1299 1297/1/1297 1279/1/1279 
f 1301/1/1301 1300/1/1300 1298/1/1298 
f 1125/1/1125 1300/1/1300 883/1/883 
f 1294/1/1294 1291/1/1291 1305/1/1305 
f 1306/1/1306 1305/1/1305 1273/1/1273 
f 1286/1/1286 1315/1/1315 1313/1/1313 
f 1285/1/1285 1317/1/1317 1315/1/1315 
f 1320/1/1320 1314/1/1314 1316/1/1316 
f 1337/1/1337 1338/1/1338 1336/1/1336 
f 1341/1/1341 1344/1/1344 1332/1/1332 
f 1337/1/1337 1339/1/1339 1352/1/1352 
f 1353/1/1353 1356/1/1356 1338/1/1338 
f 1360/1/1360 1359/1/1359 1343/1/1343 
f 1373/1/1373 1384/1/1384 1382/1/1382 
f 1393/1/1393 1391/1/1391 1390/1/1390 
f 1414/1/1414 1411/1/1411 1410/1/1410 
f 1412/1/1412 1411/1/1411 1397/1/1397 
f 1172/1/1172 1198/1/1198 1429/1/1429 
f 1173/1/1173 1428/1/1428 1432/1/1432 
f 1437/1/1437 1436/1/1436 1224/1/1224 
f 1430/1/1430 1436/1/1436 1439/1/1439 
f 1442/1/1442 1443/1/1443 1440/1/1440 
f 1427/1/1427 1439/1/1439 1440/1/1440 
f 1445/1/1445 1447/1/1447 1423/1/1423 
f 1445/1/1445 1444/1/1444 1438/1/1438 
f 1447/1/1447 1445/1/1445 616/1/616 
f 1441/1/1441 1449/1/1449 1448/1/1448 
f 1423/1/1423 1419/1/1419 1449/1/1449 
f 1418/1/1418 1433/1/1433 1452/1/1452 
f 1443/1/1443 1453/1/1453 1431/1/1431 
f 1416/1/1416 1453/1/1453 1451/1/1451 
f 1406/1/1406 1431/1/1431 1453/1/1453 
f 1457/1/1457 1456/1/1456 1425/1/1425 
f 1394/1/1394 1402/1/1402 1459/1/1459 
f 1461/1/1461 1458/1/1458 1464/1/1464 
f 1468/1/1468 1471/1/1471 1396/1/1396 
f 1506/1/1506 1504/1/1504 1503/1/1503 
f 1507/1/1507 1508/1/1508 1504/1/1504 
f 1505/1/1505 1503/1/1503 1511/1/1511 
f 1511/1/1511 1513/1/1513 1514/1/1514 
f 1424/1/1424 1532/1/1532 1531/1/1531 
f 1529/1/1529 1531/1/1531 1532/1/1532 
f 1457/1/1457 1531/1/1531 1519/1/1519 
f 1544/1/1544 1547/1/1547 1542/1/1542 
f 1537/1/1537 1565/1/1565 1564/1/1564 
f 1557/1/1557 1564/1/1564 1565/1/1565 
f 1603/1/1603 1605/1/1605 1602/1/1602 
f 862/1/862 1605/1/1605 1604/1/1604 
f 855/1/855 1604/1/1604 1607/1/1607 
f 1608/1/1608 1607/1/1607 1604/1/1604 
f 1600/1/1600 1611/1/1611 1609/1/1609 
f 1447/1/1447 1609/1/1609 1611/1/1611 
f 556/1/556 555/1/555 1609/1/1609 
f 1610/1/1610 1609/1/1609 555/1/555 
f 1611/1/1611 1612/1/1612 1422/1/1422 
f 1616/1/1616 1613/1/1613 1614/1/1614 
f 546/1/546 1613/1/1613 1616/1/1616 
f 1592/1/1592 1599/1/1599 1617/1/1617 
f 1618/1/1618 1617/1/1617 1599/1/1599 
f 1590/1/1590 1617/1/1617 1620/1/1620 
f 529/1/529 542/1/542 1624/1/1624 
f 1616/1/1616 1624/1/1624 542/1/542 
f 530/1/530 1624/1/1624 1621/1/1621 
f 1606/1/1606 1627/1/1627 1625/1/1625 
f 1618/1/1618 1628/1/1628 1626/1/1626 
f 859/1/859 1632/1/1632 1630/1/1630 
f 1602/1/1602 1630/1/1630 1631/1/1631 
f 1639/1/1639 1635/1/1635 1634/1/1634 
f 869/1/869 1510/1/1510 1635/1/1635 
f 1643/1/1643 1641/1/1641 1640/1/1640 
f 1638/1/1638 1641/1/1641 1644/1/1644 
f 1633/1/1633 1632/1/1632 1644/1/1644 
f 1649/1/1649 1650/1/1650 1647/1/1647 
f 1649/1/1649 1648/1/1648 1637/1/1637 
f 1507/1/1507 1516/1/1516 1649/1/1649 
f 1713/1/1713 1712/1/1712 1715/1/1715 
f 1720/1/1720 1721/1/1721 1718/1/1718 
f 1733/1/1733 1731/1/1731 1730/1/1730 
f 1745/1/1745 1743/1/1743 1742/1/1742 
f 1744/1/1744 1750/1/1750 1748/1/1748 
f 1757/1/1757 1754/1/1754 1755/1/1755 
f 1260/1/1260 1754/1/1754 1757/1/1757 
f 1551/1/1551 1554/1/1554 1764/1/1764 
f 1761/1/1761 1766/1/1766 1764/1/1764 
f 1756/1/1756 1755/1/1755 1780/1/1780 
f 1810/1/1810 1820/1/1820 1818/1/1818 
f 169/1/169 168/1/168 1818/1/1818 
f 1809/1/1809 1823/1/1823 1822/1/1822 
f 1825/1/1825 1822/1/1822 1823/1/1823 
f 1838/1/1838 1836/1/1836 1835/1/1835 
f 1837/1/1837 1851/1/1851 1849/1/1849 
f 1838/1/1838 1849/1/1849 1097/1/1097 
f 1855/1/1855 1856/1/1856 1853/1/1853 
f 1852/1/1852 1858/1/1858 1857/1/1857 
f 1867/1/1867 1866/1/1866 1145/1/1145 
f 1771/1/1771 1898/1/1898 1899/1/1899 
f 1900/1/1900 1897/1/1897 1901/1/1901 
f 1902/1/1902 1901/1/1901 1765/1/1765 
f 1950/1/1950 1952/1/1952 1948/1/1948 
f 1949/1/1949 1948/1/1948 1955/1/1955 
f 1959/1/1959 1957/1/1957 1952/1/1952 
f 1958/1/1958 1957/1/1957 1781/1/1781 
f 1160/1/1160 1962/1/1962 1965/1/1965 
f 1725/1/1725 1724/1/1724 1965/1/1965 
f 1975/1/1975 1973/1/1973 1968/1/1968 
f 1976/1/1976 1978/1/1978 1955/1/1955 
f 1956/1/1956 1955/1/1955 1978/1/1978 
f 1977/1/1977 1984/1/1984 1982/1/1982 
f 1992/1/1992 1991/1/1991 1910/1/1910 
f 1996/1/1996 1997/1/1997 1994/1/1994 
f 1999/1/1999 1994/1/1994 1997/1/1997 
f 2026/1/2026 2027/1/2027 2024/1/2024 
f 2029/1/2029 2024/1/2024 2027/1/2027 
f 1716/1/1716 1721/1/1721 2024/1/2024 
f 2068/1/2068 2069/1/2069 2066/1/2066 
f 1989/1/1989 2073/1/2073 2072/1/2072 
f 2029/1/2029 2097/1/2097 1717/1/1717 
f 2023/1/2023 2022/1/2022 2097/1/2097 
f 1882/1/1882 2103/1/2103 2102/1/2102 
f 1947/1/1947 2146/1/2146 2147/1/2147 
f 2148/1/2148 2147/1/2147 2049/1/2049 
f 2150/1/2150 2149/1/2149 2143/1/2143 
f 2165/1/2165 2162/1/2162 2161/1/2161 
f 1146/1/1146 1868/1/1868 2162/1/2162 
f 2164/1/2164 2169/1/2169 2166/1/2166 
f 2174/1/2174 2173/1/2173 2161/1/2161 
f 2180/1/2180 2177/1/2177 2176/1/2176 
f 1378/1/1378 1387/1/1387 2177/1/2177 
f 2182/1/2182 2181/1/2181 2180/1/2180 
f 1488/1/1488 2190/1/2190 2193/1/2193 
f 1998/1/1998 2200/1/2200 2199/1/2199 
f 2010/1/2010 2220/1/2220 2223/1/2223 
f 1914/1/1914 2229/1/2229 2230/1/2230 
f 1992/1/1992 2237/1/2237 2075/1/2075 
f 2246/1/2246 2245/1/2245 1922/1/1922 
f 2247/1/2247 2248/1/2248 1960/1/1960 
f 1960/1/1960 2248/1/2248 2040/1/2040 
f 2250/1/2250 2249/1/2249 2244/1/2244 
f 2076/1/2076 2240/1/2240 2254/1/2254 
f 1921/1/1921 1925/1/1925 2255/1/2255 
f 1980/1/1980 2189/1/2189 2256/1/2256 
f 1956/1/1956 2259/1/2259 2260/1/2260 
f 2261/1/2261 2260/1/2260 2259/1/2259 
f 2261/1/2261 2263/1/2263 2168/1/2168 
f 1824/1/1824 2266/1/2266 2265/1/2265 
f 2082/1/2082 2267/1/2267 2265/1/2265 
f 2150/1/2150 2282/1/2282 1835/1/1835 
f 1738/1/1738 1856/1/1856 2285/1/2285 
f 346/1/346 2101/1/2101 2286/1/2286 
f 2107/1/2107 2104/1/2104 2286/1/2286 
f 353/1/353 2286/1/2286 2104/1/2104 
f 1885/1/1885 2288/1/2288 2103/1/2103 
f 2160/1/2160 2290/1/2290 2289/1/2289 
f 2295/1/2295 2293/1/2293 2292/1/2292 
f 871/1/871 870/1/870 2293/1/2293 
f 2312/1/2312 2313/1/2313 2311/1/2311 
f 857/1/857 2313/1/2313 2312/1/2312 
f 2306/1/2306 2311/1/2311 2313/1/2313 
f 2312/1/2312 2315/1/2315 1645/1/1645 
f 1645/1/1645 2315/1/2315 2292/1/2292 
f 1525/1/1525 1601/1/1601 2324/1/2324 
f 1591/1/1591 2324/1/2324 1601/1/1601 
f 2325/1/2325 2328/1/2328 1579/1/1579 
f 2327/1/2327 2328/1/2328 2325/1/2325 
f 2380/1/2380 2387/1/2387 2382/1/2382 
f 2385/1/2385 2392/1/2392 2390/1/2390 
f 2397/1/2397 2396/1/2396 2388/1/2388 
f 2452/1/2452 1517/1/1517 1505/1/1505 
f 1647/1/1647 1650/1/1650 2454/1/2454 
f 1518/1/1518 2445/1/2445 2454/1/2454 
f 2460/1/2460 2462/1/2462 2458/1/2458 
f 2459/1/2459 2458/1/2458 48/1/48 
f 2466/1/2466 2467/1/2467 2464/1/2464 
f 2469/1/2469 2464/1/2464 2467/1/2467 
f 2465/1/2465 2464/1/2464 2462/1/2462 
f 2472/1/2472 2474/1/2474 2470/1/2470 
f 2481/1/2481 2483/1/2483 2479/1/2479 
f 2486/1/2486 2483/1/2483 2481/1/2481 
f 2498/1/2498 2497/1/2497 2493/1/2493 
f 2467/1/2467 2497/1/2497 2496/1/2496 
f 2501/1/2501 2503/1/2503 2499/1/2499 
f 2496/1/2496 2499/1/2499 2502/1/2502 
f 2509/1/2509 2510/1/2510 2506/1/2506 
f 2507/1/2507 2512/1/2512 2513/1/2513 
f 2516/1/2516 2517/1/2517 2514/1/2514 
f 2518/1/2518 2519/1/2519 2517/1/2517 
f 2523/1/2523 2526/1/2526 2522/1/2522 
f 2535/1/2535 2536/1/2536 2533/1/2533 
f 2541/1/2541 2543/1/2543 2539/1/2539 
f 2552/1/2552 2551/1/2551 177/1/177 
f 2558/1/2558 2561/1/2561 2559/1/2559 
f 2658/1/2658 2657/1/2657 57/1/57 
f 197/1/197 2691/1/2691 2693/1/2693 
f 2696/1/2696 2697/1/2697 2694/1/2694 
f 2695/1/2695 2704/1/2704 2703/1/2703 
f 2762/1/2762 2760/1/2760 2759/1/2759 
f 2761/1/2761 2767/1/2767 2765/1/2765 
f 2768/1/2768 2775/1/2775 2773/1/2773 
f 176/1/176 219/1/219 2783/1/2783 
f 2781/1/2781 2786/1/2786 2793/1/2793 
f 2785/1/2785 2800/1/2800 2790/1/2790 
f 2541/1/2541 2548/1/2548 2800/1/2800 
f 2792/1/2792 2801/1/2801 2807/1/2807 
f 2806/1/2806 2807/1/2807 2801/1/2801 
f 1888/1/1888 2809/1/2809 2804/1/2804 
f 2828/1/2828 2827/1/2827 1358/1/1358 
f 2838/1/2838 2839/1/2839 1496/1/1496 
f 1903/1/1903 2842/1/2842 2840/1/2840 
f 2861/1/2861 2860/1/2860 2604/1/2604 
f 2870/1/2870 2869/1/2869 2859/1/2859 
f 1157/1/1157 1153/1/1153 2881/1/2881 
f 2885/1/2885 2894/1/2894 2893/1/2893 
f 2919/1/2919 2918/1/2918 2561/1/2561 
f 2925/1/2925 2926/1/2926 2767/1/2767 
f 2937/1/2937 2941/1/2941 2944/1/2944 
f 1266/1/1266 1295/1/1295 2945/1/2945 
f 2948/1/2948 2945/1/2945 2946/1/2946 
f 2603/1/2603 2609/1/2609 2949/1/2949 
f 1272/1/1272 2902/1/2902 2954/1/2954 
f 2955/1/2955 2954/1/2954 2902/1/2902 
f 2901/1/2901 2904/1/2904 2957/1/2957 
f 1494/1/1494 3012/1/3012 1513/1/1513 
f 2839/1/2839 3022/1/3022 3011/1/3011 
f 2824/1/2824 2823/1/2823 3030/1/3030 
f 2578/1/2578 3030/1/3030 2823/1/2823 
f 3036/1/3036 3032/1/3032 3039/1/3039 
f 1578/1/1578 3049/1/3049 3047/1/3047 
f 3052/1/3052 3051/1/3051 2444/1/2444 
f 3067/1/3067 3066/1/3066 3063/1/3063 
f 3050/1/3050 3049/1/3049 3066/1/3066 
f 1576/1/1576 3066/1/3066 3049/1/3049 
f 2594/1/2594 3068/1/3068 3070/1/3070 
f 3034/1/3034 3082/1/3082 3084/1/3084 
f 2703/1/2703 3130/1/3130 3128/1/3128 
f 3132/1/3132 3131/1/3131 2571/1/2571 
f 3133/1/3133 3132/1/3132 3144/1/3144 
f 1470/1/1470 1475/1/1475 3158/1/3158 
f 3005/1/3005 3158/1/3158 1475/1/1475 
f 1389/1/1389 1388/1/1388 3160/1/3160 
f 2389/1/2389 3177/1/3177 3176/1/3176 
f 3179/1/3179 3176/1/3176 3177/1/3177 
f 3206/1/3206 3210/1/3210 2386/1/2386 
f 3207/1/3207 3211/1/3211 3210/1/3210 
f 3177/1/3177 3210/1/3210 3211/1/3211 
f 3216/1/3216 3214/1/3214 3183/1/3183 
f 3216/1/3216 3264/1/3264 3263/1/3263 
f 3178/1/3178 3211/1/3211 3264/1/3264 
f 3265/1/3265 3596/1/3596 3268/1/3268 
f 3208/1/3208 3596/1/3596 3265/1/3265 
f 3245/1/3245 3596/1/3596 3208/1/3208 
f 3268/1/3268 3596/1/3596 3245/1/3245 
f 3266/1/3266 3274/1/3274 3273/1/3273 
f 2535/1/2535 3283/1/3283 3279/1/3279 
f 3286/1/3286 3287/1/3287 3284/1/3284 
f 4/1/4 3284/1/3284 3287/1/3287 
f 3298/1/3298 3295/1/3295 3297/1/3297 
f 25/1/25 24/1/24 3300/1/3300 
f 3286/1/3286 3292/1/3292 3303/1/3303 
f 3305/1/3305 3303/1/3303 3292/1/3292 
f 3293/1/3293 3298/1/3298 3307/1/3307 
f 71/1/71 3307/1/3307 3298/1/3298 
f 1824/1/1824 1823/1/1823 3378/1/3378 
f 3383/1/3383 3382/1/3382 3384/1/3384 
f 3385/1/3385 3384/1/3384 3386/1/3386 
f 3440/1/3440 3442/1/3442 3438/1/3438 
f 2519/1/2519 3442/1/3442 3440/1/3440 
f 3452/1/3452 3453/1/3453 3450/1/3450 
f 3455/1/3455 3450/1/3450 3453/1/3453 
f 3439/1/3439 3438/1/3438 3450/1/3450 
f 3451/1/3451 3450/1/3450 3438/1/3438 
f 3461/1/3461 3464/1/3464 3463/1/3463 
f 3462/1/3462 3463/1/3463 3473/1/3473 
f 3470/1/3470 3479/1/3479 722/1/722 
f 3485/1/3485 3486/1/3486 3483/1/3483 
f 2531/1/2531 3597/1/3597 3489/1/3489 
f 3490/1/3490 3597/1/3597 2531/1/2531 
f 3489/1/3489 3597/1/3597 3491/1/3491 
f 3492/1/3492 3491/1/3491 3495/1/3495 
f 3496/1/3496 3495/1/3495 3497/1/3497 
f 3492/1/3492 3502/1/3502 3501/1/3501 
f 3496/1/3496 3513/1/3513 3502/1/3502 
f 3282/1/3282 3283/1/3283 3531/1/3531 
f 3534/1/3534 3533/1/3533 3532/1/3532 
f 2655/1/2655 2652/1/2652 3549/1/3549 
f 3578/1/3578 3579/1/3579 3576/1/3576 
f 3581/1/3581 3576/1/3576 3579/1/3579 
f 3582/1/3582 3583/1/3583 3576/1/3576 
f 2490/1/2490 2485/1/2485 3583/1/3583 
f 2488/1/2488 3584/1/3584 3583/1/3583 
f 3577/1/3577 3576/1/3576 3583/1/3583 
f 3580/1/3580 3588/1/3588 3587/1/3587 
f 3581/1/3581 3587/1/3587 3592/1/3592 
# 3108 polygons - 906 triangles

