# 3ds Max Wavefront OBJ Exporter v0.99 - (c)2007 guruware
# File Created: 24.10.2024 14:43:52

mtllib dragon_alader.mtl

#
# object Object001
#

v  -0.7487 1.2951 0.2823
v  -0.7893 1.2303 0.3560
v  -0.8194 1.4261 0.5051
v  -0.7676 1.4888 0.4404
v  -0.8660 1.3720 0.5548
v  -0.8399 1.1827 0.4002
v  -0.8918 1.5627 0.7008
v  -0.8385 1.6159 0.6486
v  -0.7782 1.6781 0.5814
v  -0.9053 1.7398 0.8295
v  -0.9122 1.8871 0.9314
v  -0.8414 1.9361 0.8469
v  -0.8432 1.7907 0.7624
v  -0.7778 1.8467 0.6791
v  -0.7712 1.9855 0.7462
v  -0.4482 1.7316 0.5230
v  -0.6711 1.7489 0.5034
v  -0.6636 1.9009 0.6033
v  -0.4367 1.8904 0.6151
v  -0.6529 2.0261 0.6651
v  -0.4415 2.0321 0.6233
v  -0.6338 1.3473 0.2453
v  -0.6561 1.5536 0.3836
v  -0.4479 1.5418 0.3944
v  -0.4350 1.3224 0.2819
v  0.4073 1.2422 -0.0476
v  0.3641 1.0335 -0.1541
v  0.2574 1.0303 -0.0782
v  0.2969 1.2350 0.0338
v  0.2267 0.8495 -0.1730
v  0.3341 0.8451 -0.2394
v  0.0666 0.8694 -0.0945
v  0.0917 1.0416 0.0128
v  0.1209 1.2421 0.1323
v  0.5113 1.6021 0.1774
v  0.4572 1.4349 0.0704
v  0.3350 1.4326 0.1516
v  0.3737 1.6160 0.2569
v  0.1417 1.4483 0.2463
v  0.1634 1.6456 0.3533
v  -0.1452 1.4782 0.3722
v  -0.1509 1.2686 0.2491
v  -0.1328 1.6750 0.4963
v  0.0185 0.3701 -0.3962
v  0.1310 0.3606 -0.4506
v  0.0809 0.3735 -0.4842
v  -0.0165 0.3791 -0.4374
v  0.1404 0.3709 -0.5351
v  0.2136 0.3512 -0.5186
v  0.2114 0.3589 -0.5913
v  0.1693 0.3654 -0.5784
v  -0.4682 0.5537 -0.4977
v  -0.3974 0.5110 -0.4193
v  -0.3852 0.4903 -0.4576
v  -0.4388 0.5321 -0.5245
v  -0.3028 0.4297 -0.4060
v  -0.3039 0.4270 -0.3589
v  -0.1410 0.3981 -0.3598
v  -0.1581 0.4051 -0.4078
v  1.4041 0.6484 -0.6156
v  1.4562 0.8319 -0.5474
v  1.4684 0.7974 -0.5007
v  1.4163 0.6190 -0.5638
v  1.5406 1.0008 -0.4191
v  1.5295 1.0410 -0.4596
v  1.5055 0.9716 -0.3716
v  1.4127 0.7892 -0.4730
v  1.3563 0.6148 -0.5319
v  -0.2087 0.8540 0.6591
v  -0.1810 1.0583 0.7684
v  -0.2917 1.0142 0.8735
v  -0.3115 0.8075 0.7691
v  -0.2754 1.2203 0.9737
v  -0.1496 1.2591 0.8755
v  -0.3739 1.1428 1.0833
v  -0.4063 0.9543 0.9647
v  -0.4416 0.7703 0.8372
v  0.2449 1.5879 0.8830
v  0.0911 1.5810 0.9684
v  0.0481 1.4554 0.8747
v  0.2026 1.4584 0.7924
v  -0.0837 1.5760 1.0528
v  -0.1162 1.4388 0.9691
v  0.0066 1.2778 0.7773
v  0.1594 1.2777 0.6966
v  -0.3095 1.4194 1.2944
v  -0.3456 1.3117 1.1884
v  -0.2572 1.4030 1.0672
v  -0.2147 1.5234 1.1693
v  -0.7211 1.1363 1.0191
v  -0.7429 0.9765 0.8656
v  -0.5839 0.9346 0.9580
v  -0.5492 1.1115 1.0909
v  -0.6181 0.7682 0.8211
v  -0.7599 0.8330 0.7127
v  -1.2143 2.7518 1.9351
v  -1.2662 2.8824 2.1453
v  -1.1958 2.9297 2.1280
v  -1.1298 2.8034 1.8993
v  -1.2827 3.0794 2.3372
v  -1.3357 3.0246 2.3481
v  -1.2064 3.1195 2.3317
v  -1.1137 2.9654 2.1188
v  -1.0338 2.8424 1.8777
v  -0.6406 2.1178 0.7094
v  -0.4373 2.1227 0.6456
v  -0.7609 2.0848 0.7969
v  -0.7499 2.1650 0.8375
v  -0.6226 2.1860 0.7521
v  -0.4246 2.1822 0.6812
v  -0.3880 2.2628 0.7972
v  -0.4066 2.2336 0.7293
v  -0.5995 2.2528 0.8016
v  -0.5770 2.2989 0.8641
v  -0.7344 2.2451 0.8829
v  -0.7185 2.3060 0.9338
v  -0.8400 2.0373 0.9031
v  -0.8421 2.1184 0.9429
v  -0.9180 1.9880 0.9966
v  -0.9224 2.0647 1.0439
v  -0.8456 2.2018 0.9818
v  -0.8497 2.2723 1.0257
v  -0.9297 2.1417 1.0894
v  -0.9416 2.2110 1.1406
v  -0.1189 1.8656 0.5598
v  -0.1339 2.0329 0.5198
v  0.1873 2.0058 0.4109
v  0.1943 1.8312 0.4439
v  -0.1407 2.1382 0.5238
v  -0.1345 2.1964 0.5687
v  0.1687 2.1998 0.4491
v  0.1709 2.1265 0.4024
v  -0.1208 2.2237 0.6335
v  -0.1086 2.2303 0.7040
v  0.1913 2.2309 0.6010
v  0.1789 2.2306 0.5243
v  0.4175 1.7810 0.3387
v  0.4261 1.9408 0.3316
v  0.5855 1.8867 0.2488
v  0.5667 1.7416 0.2513
v  2.2450 1.6796 -0.1432
v  2.1897 1.7737 -0.2356
v  2.2534 1.8285 -0.2088
v  2.3085 1.7353 -0.0997
v  2.1133 1.8405 -0.2459
v  2.1236 1.9027 -0.2313
v  2.1459 1.9465 -0.2035
v  2.2800 1.8766 -0.1753
v  2.3356 1.7858 -0.0662
v  2.1703 1.9779 -0.1645
v  2.1914 1.9966 -0.1190
v  2.2574 1.9607 -0.0798
v  2.2994 1.9042 0.0019
v  2.3372 1.8388 -0.0338
v  2.2913 1.9188 -0.1357
v  2.0840 1.6185 -0.0721
v  1.9516 1.5690 -0.1143
v  1.9467 1.6255 -0.1585
v  2.2152 1.6285 -0.0397
v  2.1033 1.6578 -0.1542
v  2.1334 1.6256 0.0446
v  2.0330 1.6048 0.0008
v  1.9197 1.5489 -0.0473
v  -0.1866 1.5871 1.2405
v  -0.2848 1.4764 1.3641
v  -0.0657 1.6578 1.1191
v  -0.0276 1.6676 1.1962
v  -0.1630 1.6169 1.3016
v  -0.2768 1.5220 1.4153
v  1.2921 1.5882 -0.2491
v  1.1815 1.5971 -0.1956
v  1.2462 1.7546 -0.0740
v  1.3749 1.7416 -0.1315
v  1.0730 1.6027 -0.1397
v  1.1279 1.7629 -0.0173
v  1.2810 1.9324 -0.0432
v  1.1482 1.9419 0.0198
v  1.4368 1.9049 -0.0884
v  1.3081 2.0532 -0.0313
v  1.4734 2.0185 -0.0771
v  1.1659 2.0723 0.0193
v  1.1966 2.1456 0.0676
v  1.3415 2.1227 0.0153
v  1.5074 2.0881 -0.0447
v  1.1389 1.7290 0.7184
v  0.9807 1.7079 0.8557
v  0.9273 1.6637 0.7640
v  1.0846 1.6819 0.6492
v  0.7954 1.6617 0.8626
v  0.8318 1.7182 0.9542
v  0.7542 1.6548 0.7661
v  0.8684 1.6698 0.6703
v  1.0178 1.6815 0.5656
v  1.1434 1.8893 0.7200
v  0.9810 1.9156 0.8593
v  1.0007 1.8127 0.8909
v  1.1544 1.8096 0.7375
v  0.8515 1.8255 0.9974
v  0.8394 1.9381 0.9727
v  0.9146 2.0530 0.7482
v  0.7796 2.0823 0.8617
v  0.8126 2.0162 0.9204
v  0.9529 1.9889 0.8098
v  1.1169 1.9553 0.6768
v  1.0843 2.0228 0.6223
v  -0.1590 1.6642 1.3539
v  -0.2829 1.5834 1.4715
v  -0.0107 1.7047 1.2526
v  -0.0078 1.7576 1.2910
v  -0.1674 1.7220 1.3946
v  -0.2992 1.6605 1.5203
v  -0.0286 1.8816 1.3104
v  -0.1900 1.8573 1.4384
v  -0.1813 1.7855 1.4240
v  -0.0160 1.8174 1.3105
v  -0.3162 1.7402 1.5593
v  -0.3220 1.8286 1.5887
v  -1.1002 2.5034 1.5402
v  -1.1678 2.6277 1.7208
v  -1.0750 2.6899 1.6633
v  -0.9986 2.5574 1.4676
v  -0.9610 2.7273 1.6302
v  -0.8719 2.5813 1.4221
v  -0.8504 2.7423 1.6165
v  -0.7485 2.5813 1.3981
v  -0.9385 2.8743 1.8690
v  -0.7610 2.9388 1.8122
v  -0.6648 2.7702 1.5693
v  -0.5623 2.5946 1.3441
v  -0.3178 2.8421 1.4438
v  -0.2399 2.6384 1.2257
v  -0.3999 3.0494 1.6726
v  -0.0153 3.2192 1.4529
v  0.0435 2.9755 1.2371
v  0.0926 2.7350 1.0369
v  0.3679 3.0804 1.0786
v  0.3954 2.8054 0.9074
v  0.3268 3.3568 1.2728
v  0.6002 3.4510 1.1503
v  0.6245 3.1545 0.9696
v  0.6271 2.8644 0.8039
v  2.5532 3.4393 0.4306
v  2.6365 3.4213 0.3654
v  2.7468 3.8526 0.5200
v  2.7366 3.8483 0.5919
v  2.7056 3.8518 0.6480
v  2.5064 3.4487 0.4576
v  2.4220 2.9991 0.3290
v  2.3695 2.9945 0.3601
v  2.4656 3.0015 0.2717
v  1.3087 2.8113 0.8360
v  1.4180 3.1468 0.9316
v  1.1586 3.0850 1.0954
v  1.0700 2.7955 0.9704
v  1.2251 3.3869 1.2403
v  1.5180 3.4752 1.0836
v  0.9506 3.3374 1.3548
v  0.9107 3.0565 1.2081
v  0.8547 2.7923 1.0737
v  -0.4099 2.4032 1.8331
v  -0.2356 2.4849 1.6908
v  -0.2476 2.6648 1.8397
v  -0.4437 2.5641 1.9727
v  -0.0343 2.7369 1.7315
v  -0.0449 2.5435 1.5758
v  -0.0475 2.9328 1.9002
v  -0.2767 2.8393 2.0166
v  -0.4933 2.7227 2.1455
v  1.3858 3.6591 0.8561
v  1.6395 3.7144 0.7694
v  1.5761 3.3574 0.5765
v  1.3520 3.3141 0.6669
v  1.8325 3.4082 0.4669
v  1.9198 3.7945 0.6443
v  1.7741 2.9825 0.3885
v  1.5421 2.9545 0.4860
v  1.3281 2.9436 0.5352
v  -0.8072 2.1743 2.1565
v  -0.5464 2.2424 2.0690
v  -0.5916 2.3713 2.1973
v  -0.8448 2.2636 2.2941
v  -0.6529 2.5120 2.3578
v  -0.8940 2.3738 2.4609
v  2.2136 1.8521 0.1503
v  2.2750 1.8689 0.0785
v  2.2046 1.9607 0.0985
v  2.1661 1.9423 0.1626
v  2.2138 1.9848 0.0419
v  2.1579 2.0605 0.1298
v  2.1681 2.0856 0.0815
v  2.1282 2.0343 0.1837
v  1.3746 2.1631 0.0763
v  1.5447 2.1364 0.0083
v  1.2262 2.1776 0.1356
v  1.4023 2.1793 0.1397
v  1.2512 2.1844 0.2062
v  1.5798 2.1501 0.0772
v  -0.3195 2.0168 1.5657
v  -0.3105 1.9313 1.5947
v  -0.1964 1.9420 1.4174
v  -0.1920 2.0238 1.4050
v  -0.0461 1.9460 1.2800
v  -0.0408 2.0164 1.2802
v  -0.3496 2.1256 1.6084
v  -0.2043 2.1563 1.4561
v  -0.2253 2.3068 1.5498
v  -0.3784 2.2488 1.7033
v  -0.0582 2.3470 1.4251
v  -0.0555 2.1754 1.3244
v  -0.7395 2.3783 1.0653
v  -0.7169 2.3384 0.9819
v  -0.8595 2.3164 1.0767
v  -0.8820 2.3618 1.1608
v  -0.9616 2.2649 1.2036
v  -0.9925 2.3216 1.2869
v  -0.7918 2.4548 1.2278
v  -0.9290 2.4423 1.2977
v  -1.0373 2.3995 1.3993
v  -0.3946 2.3224 0.9981
v  -0.3779 2.2806 0.8800
v  -0.5694 2.3268 0.9286
v  -0.5910 2.3641 1.0299
v  -0.4637 2.4385 1.1535
v  -0.6557 2.4452 1.1991
v  -0.0975 2.2365 0.7855
v  -0.1084 2.3027 0.8897
v  0.1835 2.3325 0.7298
v  0.1979 2.2489 0.6607
v  0.1417 2.5096 0.8571
v  -0.1653 2.4528 1.0337
v  0.6514 2.3991 0.5650
v  0.6426 2.3379 0.4893
v  0.4510 2.2839 0.5713
v  0.4481 2.3611 0.6400
v  0.4410 2.2572 0.5150
v  0.6261 2.3193 0.4303
v  0.6345 2.6031 0.6552
v  0.4220 2.5549 0.7488
v  2.1682 2.2668 0.2276
v  2.1264 2.1146 0.1989
v  2.1608 2.1398 0.1512
v  2.2065 2.2856 0.1807
v  2.1766 2.1576 0.1015
v  2.2229 2.2943 0.1292
v  2.2613 2.5764 0.2931
v  2.3086 2.5897 0.2479
v  2.3179 2.6027 0.1897
v  0.9115 2.1491 0.7423
v  0.7636 2.1781 0.8371
v  1.0874 2.1168 0.6256
v  1.1204 2.2596 0.6606
v  0.9342 2.2918 0.7771
v  0.7849 2.3162 0.8855
v  0.9877 2.5217 0.8527
v  1.2008 2.5039 0.7373
v  0.8063 2.5382 0.9521
v  -0.1881 2.0774 1.4196
v  -0.3321 2.0648 1.5659
v  -0.0436 2.0769 1.2897
v  -0.5057 2.1188 1.9495
v  -0.7670 2.0734 2.0435
v  -0.7302 1.9853 1.9529
v  -0.4722 2.0189 1.8556
v  -2.4751 3.3187 3.7637
v  -2.4459 3.3147 3.7899
v  -2.4639 3.2711 3.7683
v  -2.4991 3.2869 3.7402
v  -2.4271 3.2656 3.8171
v  -2.4040 3.3136 3.8382
v  -2.4585 3.2213 3.8186
v  -2.4979 3.2317 3.7676
v  -2.5198 3.2502 3.7458
v  -2.5912 3.2940 3.8779
v  -2.6126 3.2762 3.8360
v  -2.5959 3.2319 3.8862
v  -2.5737 3.2751 3.9203
v  -2.5886 3.1961 3.8346
v  -2.6076 3.2530 3.7858
v  -2.5355 3.1655 3.8996
v  -2.5445 3.2012 3.9551
v  -2.5300 3.2504 3.9957
v  -2.5457 3.3621 3.8912
v  -2.5764 3.3316 3.8793
v  -2.5494 3.3197 3.9416
v  -2.5156 3.3576 3.9382
v  -2.5012 3.3017 4.0145
v  -2.4676 3.3498 4.0110
v  -2.4380 3.3597 3.8155
v  -2.3888 3.3614 3.8729
v  -2.4879 3.3477 3.7714
v  -2.5083 3.3733 3.8036
v  -2.4515 3.3898 3.8562
v  -2.3950 3.3987 3.9208
v  -2.3542 3.3177 3.9021
v  -2.3743 3.2682 3.8786
v  -2.3140 3.2784 3.9341
v  -2.2895 3.3302 3.9473
v  -2.3380 3.2260 3.9438
v  -2.4061 3.2226 3.8885
v  -2.4328 3.1767 3.9185
v  -2.4617 3.1413 3.9728
v  -2.4948 3.1742 3.8437
v  -2.3575 3.1775 3.9771
v  -2.3702 3.1392 4.0306
v  -2.4759 3.1653 4.0416
v  -2.4647 3.2227 4.0920
v  -2.3749 3.1425 4.1066
v  -2.3638 3.1987 4.1662
v  -2.4330 3.2854 4.1054
v  -2.3975 3.3398 4.0923
v  -2.3368 3.2701 4.1761
v  -2.3086 3.3315 4.1562
v  -2.3624 3.3839 4.0518
v  -2.4292 3.3884 3.9757
v  -2.2842 3.3775 4.1103
v  -2.2700 3.4022 4.0500
v  -2.3349 3.3950 3.9929
v  -2.3363 3.3599 3.9418
v  -2.2707 3.3864 3.9831
v  -2.2292 3.3573 3.9523
v  -2.2474 3.2945 3.9406
v  -2.1886 3.3155 3.9340
v  -2.1721 3.3738 3.9592
v  -2.1978 3.2469 3.9388
v  -2.2651 3.2351 3.9555
v  -2.2752 3.1832 3.9922
v  -2.1987 3.1920 3.9831
v  -2.1927 3.1702 4.0463
v  -2.2761 3.1504 4.0487
v  -2.2656 3.1526 4.1192
v  -2.2492 3.2011 4.1751
v  -2.1768 3.1812 4.1083
v  -2.1568 3.2200 4.1590
v  -2.2294 3.2690 4.1886
v  -2.2117 3.3308 4.1720
v  -2.1390 3.2797 4.1846
v  -2.1277 3.3433 4.1728
v  -2.2019 3.3801 4.1306
v  -2.2014 3.4045 4.0714
v  -2.1272 3.3922 4.1311
v  -2.1362 3.4174 4.0719
v  -2.2145 3.4062 4.0030
v  -2.1554 3.4166 4.0074
v  -2.0987 2.8162 3.9494
v  -2.0576 2.7626 3.9642
v  -2.1400 2.7135 3.9752
v  -2.1784 2.7708 3.9632
v  -2.1080 2.6792 4.0261
v  -2.0236 2.7271 4.0116
v  -2.1635 2.6578 4.0387
v  -2.2117 2.6704 3.9989
v  -2.2534 2.7320 3.9807
v  -2.0716 2.9355 3.9089
v  -2.0874 2.9770 3.9807
v  -2.0338 3.0392 3.9501
v  -2.0143 2.8754 3.9381
v  -2.0056 2.9865 3.8943
v  -1.9407 2.9357 3.9196
v  -2.1501 2.8793 3.9257
v  -2.1658 2.9197 3.9961
v  -1.9984 3.0376 4.0973
v  -2.0342 3.0601 4.0260
v  -2.0975 3.0052 4.0458
v  -2.0696 2.9853 4.1148
v  -2.1730 2.9444 4.0609
v  -2.1567 2.9382 4.1314
v  -2.0342 2.9495 4.1604
v  -1.9624 3.0109 4.1514
v  -2.1214 2.9039 4.1851
v  -2.0768 2.8493 4.2017
v  -1.9944 2.9027 4.1806
v  -1.9174 2.9695 4.1810
v  -1.9550 2.8504 4.1709
v  -1.8665 2.9136 4.1751
v  -2.0346 2.7891 4.1993
v  -2.0092 2.7413 4.1496
v  -1.9253 2.8042 4.1326
v  -1.8316 2.8660 4.1257
v  -1.9128 2.7744 4.0675
v  -1.9359 2.7894 3.9977
v  -1.8603 2.8693 3.9899
v  -1.8213 2.8396 4.0530
v  -2.0057 2.7191 4.0806
v  -1.9737 2.8287 3.9589
v  -1.9006 2.9058 3.9561
v  -2.1410 3.2631 3.9311
v  -2.1393 3.2012 3.9728
v  -2.0925 3.2037 3.9669
v  -2.0929 3.2723 3.9279
v  -2.1319 3.1823 4.0404
v  -2.0815 3.1858 4.0380
v  -2.0613 3.1964 4.1055
v  -2.1146 3.1950 4.1033
v  -2.0925 3.2295 4.1591
v  -2.0376 3.2369 4.1622
v  -2.0740 3.2921 4.1921
v  -2.0647 3.3613 4.1751
v  -2.0184 3.3045 4.1948
v  -2.0087 3.3777 4.1722
v  -2.0665 3.4082 4.1267
v  -2.0784 3.4344 4.0659
v  -2.0102 3.4269 4.1175
v  -2.0229 3.4554 4.0513
v  -2.0983 3.4320 4.0006
v  -2.0454 3.4513 3.9794
v  -2.0648 3.4060 3.9280
v  -2.1155 3.3912 3.9533
v  -2.1318 3.3340 3.9329
v  -2.0798 3.3433 3.9184
v  -2.0441 3.2003 3.9736
v  -2.0276 3.1855 4.0474
v  -2.0422 3.2661 3.9235
v  -2.0099 3.2337 3.9076
v  -2.0050 3.1904 3.9832
v  -1.9773 3.1866 4.0586
v  -2.0081 3.1022 4.0045
v  -2.0037 3.0720 3.9192
v  -1.9542 3.0855 4.0811
v  -1.9335 3.1252 4.0670
v  -1.9999 3.1240 3.9896
v  -1.9884 3.1053 3.8767
v  -1.9109 3.2426 4.1512
v  -1.9447 3.2005 4.1158
v  -1.9035 3.1709 4.1190
v  -1.8601 3.2077 4.1519
v  -1.9317 3.1680 4.0561
v  -1.8906 3.1261 4.1264
v  -1.8174 3.1374 4.1542
v  -2.0019 3.2020 4.1121
v  -1.9743 3.2444 4.1623
v  -1.9131 3.0728 4.1394
v  -1.8595 3.0430 4.1697
v  -1.9553 3.3130 4.1961
v  -1.9475 3.3907 4.1702
v  -1.8895 3.3095 4.1820
v  -1.8798 3.3955 4.1657
v  -1.9493 3.4474 4.1036
v  -1.9647 3.4843 4.0269
v  -1.8844 3.4680 4.0916
v  -1.9060 3.5237 4.0057
v  -2.0077 3.1776 3.8930
v  -1.9847 3.1592 3.9837
v  -1.6804 3.0409 4.0996
v  -1.7413 3.0904 4.1356
v  -1.7986 2.9936 4.1591
v  -1.7503 2.9430 4.1144
v  -1.5705 3.1214 4.0289
v  -1.5687 3.1054 3.9544
v  -1.4314 3.1893 3.9614
v  -1.6108 3.1648 4.0836
v  -1.4686 3.2394 4.0244
v  -1.5372 3.2892 4.0742
v  -1.6509 2.9943 4.0343
v  -1.7025 3.0130 3.9421
v  -1.7306 2.9056 4.0386
v  -1.7963 2.9484 3.9751
v  -1.8410 2.9680 3.9257
v  -1.7873 3.0104 3.8827
v  -1.8920 2.9876 3.8871
v  -1.8525 3.0196 3.8235
v  -1.9600 3.0232 3.8759
v  -1.9388 3.0442 3.8277
v  -1.9159 3.0624 3.7681
v  -1.8494 3.0274 3.7525
v  -1.9688 3.1290 3.7876
v  -1.9485 3.1460 3.7056
v  -1.8909 3.0751 3.6959
v  -1.8317 3.0289 3.6868
v  -1.8598 3.0814 3.6176
v  -1.8070 3.0317 3.6148
v  -1.9160 3.1495 3.6181
v  -1.8725 3.1448 3.5340
v  -1.8221 3.0819 3.5420
v  -1.7723 3.0358 3.5456
v  -1.7000 2.9541 3.5949
v  -1.7008 2.9972 3.5977
v  -1.6698 2.9934 3.5379
v  -1.6882 2.9356 3.5474
v  -1.7147 2.8672 3.5951
v  -1.7327 2.9894 3.6483
v  -1.7292 2.9371 3.6318
v  -1.7695 3.0201 3.6696
v  -1.7430 3.0229 3.6075
v  -1.7085 3.0268 3.5421
v  -1.6170 2.8402 3.3834
v  -1.5649 2.8169 3.2616
v  -1.5304 2.7686 3.2950
v  -1.5858 2.7827 3.4084
v  -1.5079 2.7835 3.1189
v  -1.4502 2.7521 3.1639
v  -1.3972 2.7576 3.2380
v  -1.4784 2.7518 3.3486
v  -1.5317 2.7549 3.4437
v  -1.6824 2.7600 3.5944
v  -1.6384 2.7790 3.5062
v  -1.5760 2.7374 3.5298
v  -1.6052 2.7048 3.6110
v  -1.6696 2.8509 3.4887
v  -1.5113 2.7366 3.5675
v  -1.5354 2.6946 3.6360
v  -1.4726 2.7612 3.4945
v  -1.4234 2.8041 3.5627
v  -1.4563 2.7693 3.6215
v  -1.4780 2.7210 3.6770
v  -1.6083 3.0384 3.8343
v  -1.5173 3.0697 3.8498
v  -1.5469 3.0919 3.8916
v  -1.6565 3.0560 3.8732
v  -1.4233 3.1582 3.8928
v  -1.4204 3.1275 3.8358
v  -1.7324 3.0329 3.8382
v  -1.7799 3.0293 3.7859
v  -1.7264 3.0071 3.7637
v  -1.6780 3.0324 3.8013
v  -1.6461 2.9835 3.8003
v  -1.6353 3.0081 3.8089
v  -1.5617 2.9761 3.8323
v  -1.5735 3.0088 3.8324
v  -1.7868 3.0237 3.7294
v  -1.7529 2.9903 3.7067
v  -1.7705 2.9317 3.6961
v  -1.7494 2.8462 3.6895
v  -1.7608 2.8360 3.7929
v  -1.7379 2.9378 3.7679
v  -1.6583 2.8701 3.8529
v  -1.6560 2.9366 3.8144
v  -1.5580 2.9337 3.8434
v  -1.5544 2.8742 3.8820
v  -1.6994 2.7302 3.6840
v  -1.6952 2.6904 3.7699
v  -1.6144 2.6483 3.6895
v  -1.6186 2.5868 3.7653
v  -1.6865 2.6639 3.9400
v  -1.7221 2.7312 3.8815
v  -1.6871 2.6364 3.8486
v  -1.6723 2.5848 3.9251
v  -1.6282 2.5433 3.8409
v  -1.6365 2.5296 3.8971
v  -1.4827 2.5907 3.7898
v  -1.4819 2.6570 3.7301
v  -1.4321 2.6921 3.7856
v  -1.4368 2.6232 3.8468
v  -1.4414 2.7699 3.7370
v  -1.4227 2.7345 3.8574
v  -1.4299 2.8211 3.8028
v  -1.4275 2.6714 3.8901
v  -1.5431 2.6383 3.7061
v  -1.5422 2.5633 3.7659
v  -1.4610 2.7663 3.9190
v  -1.4614 2.6649 3.9452
v  -1.4634 2.8619 3.8701
v  -1.5432 2.7791 3.9409
v  -1.5283 2.6696 3.9817
v  -1.5165 2.5180 3.9274
v  -1.5821 2.4794 3.9332
v  -1.5523 2.4940 3.8388
v  -1.4918 2.5367 3.8667
v  -1.6433 2.7747 3.9164
v  -1.6232 2.6692 3.9760
v  -1.6121 2.5590 3.9967
v  -1.5173 2.5718 3.9718
v  -1.4641 2.5878 3.9159
v  -0.6792 1.3752 1.2826
v  -0.6985 1.2749 1.1620
v  -0.5190 1.2663 1.2136
v  -0.4937 1.3654 1.3300
v  -0.4773 1.4163 1.4047
v  -0.4707 1.4560 1.4629
v  -0.6609 1.4735 1.4192
v  -0.6666 1.4303 1.3593
v  -0.7934 1.4512 1.3244
v  -0.8173 1.3901 1.2410
v  -0.7778 1.4999 1.3902
v  -0.8787 1.5136 1.3879
v  -0.8982 1.4599 1.3093
v  -0.9275 1.3934 1.2184
v  -0.4734 1.5135 1.5335
v  -0.6624 1.5342 1.4917
v  -0.4806 1.5896 1.6033
v  -0.6674 1.6045 1.5683
v  -0.7731 1.5621 1.4650
v  -0.8748 1.5672 1.4731
v  -0.7747 1.6313 1.5400
v  -0.8729 1.6405 1.5371
v  -0.4870 1.6720 1.6629
v  -0.6721 1.6746 1.6427
v  -0.4837 1.7653 1.7236
v  -0.6747 1.7432 1.7167
v  -0.7781 1.6989 1.6082
v  -0.7851 1.7632 1.6702
v  -0.8740 1.7106 1.5910
v  -0.8815 1.7723 1.6435
v  -0.6781 1.8626 1.8347
v  -0.4486 1.9238 1.7814
v  -0.4518 1.9699 1.8070
v  -0.6986 1.9199 1.8888
v  -0.4642 1.8565 1.7648
v  -0.6736 1.8062 1.7811
v  -0.7970 1.8231 1.7262
v  -0.8250 1.8861 1.7819
v  -0.8957 1.8292 1.6944
v  -0.9317 1.8906 1.7484
v  -0.8474 1.2878 1.1163
v  -0.8736 1.1546 0.9703
v  -0.9624 1.2952 1.1022
v  -1.0221 1.1705 0.9621
v  -1.0050 1.0096 0.8009
v  -0.8872 1.0004 0.8217
v  -0.8995 0.8526 0.6923
v  -1.0060 0.8720 0.6767
v  -1.0279 1.1118 0.6801
v  -1.0693 1.0496 0.7405
v  -1.0964 1.1982 0.8740
v  -1.0623 1.2763 0.8192
v  -1.0514 0.9126 0.6176
v  -1.0120 0.9574 0.5571
v  -1.0171 1.3945 1.2065
v  -1.0263 1.3158 1.1192
v  -1.0975 1.3917 1.1722
v  -1.0799 1.2857 1.0666
v  -1.1190 1.3288 0.9943
v  -1.0958 1.4153 0.9454
v  -1.1595 1.4391 1.1086
v  -1.1503 1.5283 1.0512
v  -1.1131 1.4895 1.2788
v  -1.0153 1.4562 1.3119
v  -1.0102 1.5264 1.4008
v  -1.1223 1.5792 1.3689
v  -0.9863 1.4444 0.7809
v  -1.0182 1.3591 0.8023
v  -1.0590 1.5130 0.9364
v  -1.0142 1.6080 0.9281
v  -1.1230 1.6267 1.0332
v  -1.0879 1.7610 1.0496
v  -0.9919 1.8285 0.9949
v  -0.9649 1.6821 0.8867
v  -0.9420 1.5087 0.7463
v  -1.1885 1.6377 1.3033
v  -1.1936 1.7009 1.2209
v  -1.1834 1.6174 1.1472
v  -1.1833 1.5436 1.2165
v  -1.1607 1.6772 1.1080
v  -1.1635 1.7527 1.1454
v  -1.0099 1.9358 1.0644
v  -1.0996 1.8829 1.1236
v  -1.1037 1.9663 1.1879
v  -1.0081 2.0136 1.1263
v  -1.0108 1.5922 1.4751
v  -1.1314 1.6485 1.4369
v  -1.0161 1.6528 1.5406
v  -1.1406 1.7064 1.4935
v  -1.1757 1.9025 1.2539
v  -1.1679 1.8282 1.1955
v  -1.2001 1.7699 1.2777
v  -1.2070 1.8308 1.3299
v  -1.1879 1.7108 1.3628
v  -1.1940 1.7685 1.4137
v  -1.0228 1.7120 1.5984
v  -1.1487 1.7645 1.5485
v  -1.0286 1.7716 1.6487
v  -1.1528 1.8222 1.6031
v  -1.2022 1.8252 1.4700
v  -1.2059 1.8817 1.5292
v  -1.2128 1.9439 1.4537
v  -1.2128 1.8899 1.3899
v  -1.1799 1.9705 1.3196
v  -1.0977 2.0373 1.2593
v  -1.1807 2.0185 1.3884
v  -1.1045 2.1013 1.3517
v  -1.0082 2.0877 1.1862
v  -1.0175 2.1555 1.2479
v  -1.1975 2.0416 1.5672
v  -1.2074 1.9896 1.5154
v  -1.2017 1.9364 1.5886
v  -1.1910 1.9922 1.6492
v  -1.1489 1.8791 1.6567
v  -1.1442 1.9385 1.7112
v  -1.0318 1.8342 1.6923
v  -1.0443 1.8958 1.7356
v  -1.1858 2.0365 1.4523
v  -1.1664 2.0830 1.4727
v  -0.8806 1.9596 1.8425
v  -1.0062 1.9641 1.8120
v  -0.9412 2.0348 1.9229
v  -1.1223 2.0573 1.8706
v  -1.0380 2.2118 1.3180
v  -1.0677 2.2693 1.4013
v  -1.1057 2.1650 1.4226
v  -1.1239 2.2190 1.5068
v  -1.0756 1.9583 1.7801
v  -1.1452 2.0056 1.7729
v  -1.1587 2.1280 1.5304
v  -1.1664 2.1829 1.6126
v  -1.1904 2.0930 1.6317
v  -1.1955 2.1524 1.7114
v  -1.1852 2.0515 1.7179
v  -1.1894 2.1165 1.8007
v  -0.9812 2.1135 2.0251
v  -1.1358 2.1481 1.9781
v  -1.0110 2.1990 2.1404
v  -1.1526 2.2318 2.0908
v  -1.1051 2.3416 1.5025
v  -1.1557 2.4342 1.6307
v  -1.1493 2.2875 1.6049
v  -1.1843 2.3745 1.7276
v  -1.1850 2.2525 1.7088
v  -1.2100 2.3379 1.8266
v  -1.2099 2.2241 1.8081
v  -1.2270 2.3090 1.9232
v  -1.2000 2.1909 1.8996
v  -1.2138 2.2744 2.0131
v  -1.1716 2.3199 2.2139
v  -1.0426 2.2907 2.2634
v  -1.0831 2.4028 2.4166
v  -1.2008 2.4287 2.3623
v  -1.2096 2.5493 1.8016
v  -1.2567 2.6776 1.9952
v  -1.2186 2.4830 1.8892
v  -1.2590 2.6093 2.0683
v  -1.2292 2.4420 1.9743
v  -1.2566 2.5648 2.1402
v  -1.2440 2.4074 2.0574
v  -1.2623 2.5252 2.2122
v  -1.2294 2.3663 2.1394
v  -1.2520 2.4780 2.2880
v  -1.3046 2.8139 2.1858
v  -1.3660 2.9581 2.3708
v  -1.3083 2.7486 2.2453
v  -1.3715 2.8949 2.4160
v  -2.0283 3.3344 3.8908
v  -1.9895 3.2972 3.8544
v  -2.0201 3.4070 3.8810
v  -1.9545 3.3945 3.7956
v  -1.8641 3.3304 3.5658
v  -1.8994 3.2344 3.5460
v  -1.9464 3.2502 3.6396
v  -1.9005 3.3531 3.6631
v  -1.9722 3.2511 3.7370
v  -2.0000 3.4798 3.9374
v  -1.9513 3.5130 3.9006
v  -1.9962 3.2184 3.8144
v  -1.8637 3.5479 3.6779
v  -1.9454 3.6127 3.6093
v  -1.9249 3.5617 3.5730
v  -1.8606 3.4817 3.6660
v  -1.8852 3.5066 3.7872
v  -1.8592 3.5923 3.7805
v  -1.8760 3.6306 3.6882
v  -1.9645 3.6753 3.6422
v  -1.8801 3.7013 3.7035
v  -1.9545 3.7393 3.6499
v  -1.8511 3.6658 3.7818
v  -1.8458 3.7214 3.7858
v  -1.8687 3.7670 3.7300
v  -1.9327 3.8265 3.6606
v  -2.0599 3.7771 3.1825
v  -2.0881 3.7965 3.2438
v  -1.9643 3.8969 3.2569
v  -1.9377 3.8786 3.2045
v  -1.9868 3.9023 3.3178
v  -2.1099 3.8071 3.3132
v  -1.8396 3.9745 3.3541
v  -1.8186 3.9699 3.3000
v  -1.7987 3.9575 3.2517
v  -1.8304 3.5977 2.8833
v  -1.7516 3.7176 2.9546
v  -1.7199 3.6773 2.8998
v  -1.7780 3.5522 2.8389
v  -1.6414 3.7682 2.9736
v  -1.6560 3.8098 3.0321
v  -1.6227 3.7117 2.9111
v  -1.6852 3.6258 2.8448
v  -1.7259 3.5034 2.7963
v  -1.6384 3.5578 2.7885
v  -1.6652 3.4416 2.7512
v  -1.5914 3.6435 2.8439
v  -1.5619 3.5912 2.8013
v  -1.5787 3.5155 2.7469
v  -1.5747 3.3662 2.6835
v  -1.8776 3.3868 2.8677
v  -1.8661 3.4835 2.8670
v  -1.8028 3.4345 2.8163
v  -1.8019 3.3343 2.8234
v  -1.7393 3.3840 2.7755
v  -1.7294 3.2850 2.7909
v  -1.7839 3.2621 2.8512
v  -1.7376 3.2321 2.8836
v  -1.8118 3.2456 2.9272
v  -1.8594 3.3007 2.8890
v  -1.7046 3.2395 2.8360
v  -1.6889 3.2280 2.8621
v  -1.6698 3.3262 2.7358
v  -1.6535 3.2345 2.7579
v  -1.5756 3.2419 2.6739
v  -1.5606 3.1639 2.6984
v  -1.4569 3.1110 2.5472
v  -1.4630 3.0408 2.5740
v  -1.4390 3.1843 2.5379
v  -1.8292 3.3547 3.1408
v  -1.9186 3.3183 3.1047
v  -1.8288 3.2768 3.0420
v  -1.7430 3.3171 3.0862
v  -1.9024 3.2841 2.9900
v  -1.9800 3.3434 3.0604
v  -1.7320 3.2530 2.9756
v  -1.6404 3.2956 3.0235
v  -1.3030 2.7038 2.3143
v  -1.3598 2.8543 2.4860
v  -1.2903 2.6675 2.3897
v  -1.3423 2.8209 2.5665
v  -1.2385 2.5841 2.5465
v  -1.1505 2.5137 2.6425
v  -1.2338 2.6361 2.8441
v  -1.3187 2.7436 2.7628
v  -0.9597 2.5161 2.6812
v  -1.0746 2.6972 2.9294
v  -1.2747 2.6278 2.4675
v  -1.3269 2.7800 2.6458
v  -1.3390 2.7210 3.0111
v  -1.2683 2.7376 3.1100
v  -1.4149 2.7696 2.9633
v  -1.4534 3.0014 2.6408
v  -1.5205 3.1544 2.7624
v  -1.4260 2.9731 2.7182
v  -1.3982 3.2415 2.8692
v  -1.6131 3.2227 2.8204
v  -1.6176 3.2288 2.8606
v  -1.6625 3.2340 2.9072
v  -1.5291 3.2879 2.9381
v  -1.4638 3.1245 3.0321
v  -1.5177 3.0898 3.1455
v  -1.5187 3.1793 3.1448
v  -1.5373 3.2598 3.1499
v  -1.5639 3.2935 3.0881
v  -1.4096 3.2594 3.0427
v  -1.4817 3.0288 3.0341
v  -1.5148 3.0119 3.1532
v  -1.4570 3.0153 2.9023
v  -1.4478 2.9419 2.9276
v  -1.4837 2.9373 3.0246
v  -1.5311 2.9342 3.1485
v  -1.4060 2.8671 2.8581
v  -1.4684 2.8451 2.9813
v  -1.5392 2.8543 3.1222
v  -1.4066 2.9155 2.7801
v  -2.2994 2.7955 3.9739
v  -2.2273 2.8327 3.9428
v  -2.2836 2.8395 4.0183
v  -2.2380 2.8714 4.0109
v  -2.1788 2.6700 4.1621
v  -2.1726 2.6476 4.0942
v  -2.0926 2.6755 4.0936
v  -2.0944 2.6983 4.1605
v  -2.2104 2.7793 4.2189
v  -2.1559 2.8069 4.2165
v  -2.2071 2.8616 4.2001
v  -2.2688 2.8056 4.1990
v  -2.2425 2.8918 4.1378
v  -2.3137 2.8354 4.1378
v  -2.2457 2.8890 4.0701
v  -2.3016 2.8358 4.0690
v  -2.1170 2.7479 4.2081
v  -2.1983 2.7266 4.2034
v  -2.3164 2.7000 4.1010
v  -2.2675 2.6733 4.1369
v  -2.2823 2.7324 4.1800
v  -2.3480 2.7526 4.1254
v  -2.3417 2.7711 4.0442
v  -2.3176 2.6951 4.0360
v  -2.2498 2.6557 4.0672
v  -2.5424 3.3123 3.7358
v  -2.5802 3.3329 3.7675
v  -2.5685 3.2413 3.7393
v  -2.5435 3.1974 3.7868
v  -2.5881 3.3356 3.8228
v  -2.5351 3.3811 3.8502
v  -2.4835 3.3916 3.9056
v  -1.6537 3.3299 3.1458
v  -1.5936 3.2687 3.2023
v  -1.6565 3.2897 3.2781
v  -1.7179 3.3814 3.2125
v  -1.8556 3.2207 3.4607
v  -1.8240 3.1368 3.4585
v  -1.8237 3.3168 3.4831
v  -1.7731 3.3094 3.4117
v  -1.7917 3.2108 3.3942
v  -1.7700 3.1280 3.3906
v  -1.6455 3.1115 3.2746
v  -1.6571 3.1901 3.2723
v  -1.5955 3.1731 3.2082
v  -1.5737 3.0965 3.2235
v  -1.7257 3.2009 3.3317
v  -1.7105 3.1205 3.3298
v  -1.7193 3.2984 3.3423
v  -1.6563 2.9248 3.4646
v  -1.6139 2.9111 3.3613
v  -1.6401 2.9856 3.4536
v  -1.5961 2.9935 3.3511
v  -1.5654 2.9567 3.2498
v  -1.6160 3.0497 3.3032
v  -1.5552 3.0290 3.2433
v  -1.7031 3.0386 3.4349
v  -1.7280 3.0678 3.4158
v  -1.6726 3.0612 3.3602
v  -1.6531 3.0262 3.4055
v  -1.5832 2.8828 3.2474
v  -1.6666 3.0267 3.4732
v  -1.7308 3.0334 3.4838
v  -1.7775 3.0766 3.4761
v  -1.7224 4.0477 3.2693
v  -1.7014 4.0307 3.2298
v  -1.7793 3.9432 3.2127
v  -1.6269 4.1093 3.2540
v  -1.6456 4.1249 3.2997
v  -1.6045 4.0947 3.2138
v  -1.6791 4.0137 3.1975
v  -1.7581 3.9247 3.1811
v  -1.8552 3.4536 3.6112
v  -1.8419 3.4297 3.5194
v  -1.9081 3.5329 3.5162
v  -1.8968 3.5032 3.4370
v  -1.8187 3.4188 3.4340
v  -1.7845 3.4160 3.3514
v  -1.8810 3.4877 3.3505
v  -1.8758 3.4512 3.2681
v  -1.7531 3.4036 3.2746
v  -1.8671 3.4001 3.1997
v  -2.0093 3.4449 3.3060
v  -1.9898 3.4059 3.2356
v  -2.0334 3.4786 3.3822
v  -2.1373 3.5082 3.3181
v  -2.0970 3.4716 3.2488
v  -2.0648 3.4310 3.1867
v  -2.0294 3.3912 3.1247
v  -1.9670 3.3624 3.1697
v  -2.0015 3.7346 3.0933
v  -1.8840 3.8356 3.1283
v  -1.8573 3.8139 3.0948
v  -1.9703 3.7119 3.0546
v  -1.7356 3.9034 3.1526
v  -1.8265 3.7882 3.0568
v  -1.6950 3.8900 3.1244
v  -1.9318 3.6819 3.0107
v  -2.0341 3.5026 3.0040
v  -2.0232 3.4129 3.0252
v  -2.0727 3.4560 3.0868
v  -2.0812 3.5412 3.0594
v  -2.1080 3.4917 3.1422
v  -2.1130 3.5708 3.1084
v  -1.9110 3.8579 3.1631
v  -2.0314 3.7566 3.1342
v  -2.1734 3.5678 3.2625
v  -2.1374 3.5290 3.1982
v  -2.1697 3.6300 3.2201
v  -2.1398 3.5993 3.1593
v  -2.0008 3.5894 2.9975
v  -1.9375 3.5393 2.9310
v  -1.9614 3.4469 2.9331
v  -1.8827 3.6420 2.9479
v  -2.0748 3.6478 3.0920
v  -2.0451 3.6239 3.0462
v  -1.9479 3.3546 2.9512
v  -2.1044 3.6720 3.1368
v  -2.1361 3.6974 3.1895
v  -0.6848 3.0173 2.5946
v  -0.8129 2.8057 2.8154
v  -0.7286 2.6595 2.5811
v  -0.5801 2.8757 2.3676
v  -0.3470 3.0079 2.2322
v  -0.0943 3.1267 2.1023
v  -0.1514 3.3025 2.3105
v  -0.4341 3.1613 2.4517
v  -0.5173 3.2943 2.6362
v  -0.7788 3.1356 2.7899
v  -0.1942 3.4422 2.4991
v  -0.2218 3.5422 2.6436
v  -0.5802 3.3962 2.7728
v  -0.8505 3.2307 2.9266
v  1.2655 3.6727 1.4582
v  0.9754 3.6153 1.5535
v  1.5880 3.7618 1.3335
v  1.3026 3.9147 1.7053
v  1.6407 4.0069 1.6053
v  1.0084 3.8486 1.7819
v  2.8997 4.2157 0.8187
v  2.8827 4.2011 0.8811
v  2.8816 4.2328 0.7569
v  3.0554 4.5565 0.9956
v  3.0764 4.5167 1.0631
v  3.0279 4.4967 1.1251
v  1.4376 4.2101 1.3440
v  1.7497 4.2910 1.2649
v  1.6967 4.0218 1.0084
v  1.4117 3.9574 1.0891
v  2.0034 4.1305 0.8776
v  2.0868 4.4148 1.1411
v  0.5069 3.9080 1.6389
v  0.5542 3.7036 1.3859
v  0.2699 3.6018 1.5124
v  0.2139 3.8101 1.7585
v  -0.0835 3.4445 1.6933
v  -0.1486 3.6472 1.9269
v  -0.9104 3.2105 2.2752
v  -0.8372 3.0706 2.0574
v  -1.0213 2.9944 2.1131
v  -1.1093 3.1411 2.3240
v  -0.4826 3.2381 1.9030
v  -0.5528 3.4101 2.1248
v  -0.2258 3.9465 2.2817
v  -0.1952 3.8212 2.1271
v  -0.6025 3.5711 2.3201
v  -0.6386 3.6931 2.4713
v  -0.9746 3.3695 2.4617
v  -1.0210 3.4949 2.6043
v  -1.3870 3.2510 2.5256
v  -1.2993 3.2978 2.5169
v  -1.4772 3.4209 2.6588
v  -1.3678 3.4702 2.6861
v  -1.1846 3.3028 2.5164
v  -1.2284 3.4207 2.6698
v  -0.3674 4.3690 2.8272
v  -0.3403 4.3198 2.7899
v  -0.7671 4.0710 2.9262
v  -0.7888 4.1170 2.9627
v  -0.3190 4.2713 2.7482
v  -0.7651 4.0500 2.8605
v  -1.1746 3.9088 2.9287
v  -1.1627 3.9033 3.0018
v  -1.1686 3.9336 3.0427
v  0.2750 4.7826 2.6202
v  0.3097 4.7205 2.5603
v  0.0223 4.5477 2.6560
v  -0.0045 4.5987 2.7084
v  0.0310 4.5160 2.6173
v  0.3187 4.6826 2.5209
v  1.6431 5.2021 2.0324
v  1.6267 5.2603 2.0782
v  2.0575 5.4562 1.9143
v  2.0710 5.3973 1.8837
v  1.2884 5.0850 2.1583
v  1.2604 5.1464 2.1925
v  1.5620 5.3895 2.1366
v  1.1903 5.2640 2.2422
v  2.0011 5.5814 1.9929
v  1.7448 4.5047 2.1642
v  1.7731 4.5374 2.2562
v  1.4395 4.4147 2.3551
v  1.4011 4.3774 2.2570
v  1.4505 4.4859 2.4327
v  1.7721 4.6012 2.3293
v  1.2251 4.3603 2.5638
v  1.2111 4.2483 2.4705
v  1.1456 4.2238 2.3435
v  -0.6050 3.4587 2.8538
v  -0.8736 3.2977 2.9964
v  -0.2310 3.5974 2.7225
v  -0.2338 3.6472 2.7861
v  -0.5919 3.4834 2.9305
v  -0.8705 3.3101 3.0733
v  -0.6051 3.6586 3.2300
v  -0.2927 3.8917 3.0775
v  -0.3209 3.9450 3.1165
v  -0.6565 3.7779 3.2775
v  -0.6378 3.7100 3.2396
v  -0.3569 4.0257 3.1507
v  -0.8989 3.5885 3.3489
v  -0.8710 3.5130 3.3589
v  -0.8500 3.4569 3.3525
v  -0.5335 3.4642 3.0540
v  -0.8437 3.3216 3.1641
v  -0.1766 3.6370 2.9263
v  -0.1868 3.7263 3.0386
v  -0.8182 3.3470 3.2560
v  -0.5231 3.5151 3.1663
v  -0.5663 3.5971 3.2087
v  -0.8307 3.4004 3.3155
v  -0.2560 3.8293 3.0416
v  -0.9071 2.9405 3.0039
v  -1.0934 2.8353 3.1360
v  -0.9510 3.0410 3.1360
v  -1.1073 2.9458 3.2968
v  -0.9798 3.0954 3.2188
v  -0.9648 3.1287 3.1421
v  -1.1032 3.0703 3.4560
v  -1.1118 3.0040 3.3968
v  -1.0111 3.1437 3.2886
v  -1.0254 3.2100 3.3438
v  -1.0134 3.2541 3.4029
v  -1.0061 3.3178 3.4585
v  -1.1077 3.2224 3.5425
v  -1.1146 3.1411 3.4961
v  -1.4243 2.7737 3.4177
v  -1.3568 2.7904 3.3321
v  -1.3236 2.8460 3.4306
v  -1.3830 2.8273 3.4965
v  -1.2509 2.8057 3.2382
v  -1.2488 2.8858 3.3656
v  -1.4931 3.0325 3.8220
v  -1.4094 3.0713 3.7919
v  -1.4758 2.9811 3.8144
v  -1.3807 2.9827 3.7555
v  -1.2260 2.9516 3.4568
v  -1.2037 3.0127 3.5198
v  -1.3003 2.9218 3.5131
v  -1.2735 2.9834 3.5829
v  -1.3226 2.9679 3.6574
v  -1.3072 3.0130 3.6729
v  -1.3235 3.0493 3.7113
v  -1.2659 3.0353 3.6195
v  -1.2705 3.0944 3.6528
v  -1.3451 2.8949 3.5888
v  -1.3830 2.8741 3.6536
v  -1.4269 2.8353 3.6954
v  -1.4110 2.8953 3.7778
v  -1.4696 2.9269 3.8310
v  -1.1982 3.0722 3.5662
v  -1.2021 3.1506 3.5961
v  3.5076 5.2875 1.8546
v  3.4547 5.1885 1.7407
v  3.5467 5.2881 1.6899
v  3.5884 5.3605 1.7768
v  3.5046 5.2520 1.6043
v  3.3758 5.1172 1.6185
v  3.5716 5.3295 1.5894
v  3.6328 5.3694 1.6328
v  3.6646 5.4232 1.6952
v  3.4812 5.2735 1.5386
v  3.5748 5.3593 1.5392
v  3.4053 5.1615 1.5300
v  3.3965 5.2209 1.4643
v  3.4688 5.3116 1.4794
v  3.5561 5.3849 1.4770
v  3.6578 5.4113 1.5671
v  3.6363 5.4445 1.5007
v  3.6875 5.5111 1.5443
v  3.6990 5.4692 1.6200
v  3.6719 5.4883 1.7502
v  3.7006 5.5389 1.6704
v  3.6561 5.6006 1.7338
v  3.6454 5.5482 1.7863
v  3.6848 5.5909 1.5924
v  3.6348 5.6649 1.6542
v  3.5245 5.4327 1.4247
v  3.5950 5.4943 1.4397
v  3.5043 5.5220 1.4098
v  3.4721 5.4605 1.4080
v  3.5182 5.5781 1.4230
v  3.6300 5.5570 1.4703
v  3.6226 5.6254 1.5091
v  3.5692 5.6925 1.5514
v  3.5129 5.6355 1.4458
v  3.4886 5.6768 1.4833
v  3.3626 5.6156 1.4244
v  3.3800 5.6724 1.4800
v  3.3706 5.5610 1.3924
v  3.2116 5.6110 1.3950
v  3.2209 5.5340 1.3578
v  3.2342 5.6812 1.4765
v  -0.3574 4.2649 2.5466
v  -0.3311 4.2625 2.6525
v  0.0221 4.4930 2.5384
v  -0.0045 4.4843 2.4347
v  0.3101 4.6471 2.4539
v  0.2855 4.6246 2.3612
v  -0.2669 4.0408 2.4255
v  -0.2493 4.0101 2.3708
v  -0.6692 3.7505 2.5611
v  -0.6978 3.7873 2.6164
v  -1.0469 3.5439 2.6887
v  -1.0871 3.5803 2.7327
v  -1.2312 3.4745 2.7304
v  -1.2875 3.5095 2.7520
v  -0.7891 4.0564 2.7615
v  -1.2027 3.9079 2.8286
v  -0.7991 4.0249 2.6730
v  -1.1993 3.8440 2.7547
v  -1.3925 3.7998 2.8644
v  -1.4770 3.7411 2.8763
v  -1.4930 3.8086 2.9297
v  -1.3928 3.8499 2.9354
v  -1.3699 3.7326 2.8244
v  -1.4397 3.6606 2.8344
v  -0.7870 3.9642 2.6414
v  -1.1753 3.7784 2.7355
v  -0.3482 4.2034 2.4921
v  -0.3158 4.1311 2.4921
v  -0.7677 3.9026 2.6307
v  -1.1612 3.7173 2.7302
v  -1.1318 3.6491 2.7333
v  -1.3247 3.5753 2.7883
v  -1.4203 3.5611 2.7812
v  -1.3443 3.6493 2.8046
v  -1.5064 3.5340 2.7488
v  -1.5151 3.6153 2.8188
v  -1.3364 3.6985 2.8031
v  -1.5637 3.7648 2.9328
v  -1.5403 3.6955 2.8738
v  -0.7348 3.8435 2.6340
v  -0.2853 4.0778 2.4755
v  -1.7882 3.7541 3.0092
v  -1.6794 3.8431 3.0791
v  -1.6549 3.9936 3.1690
v  -1.5792 4.0763 3.1765
v  -1.6266 3.9789 3.1460
v  -1.5494 4.0512 3.1490
v  -1.5701 3.8243 2.9955
v  -1.4862 3.8447 3.0051
v  -1.5703 3.8647 3.0579
v  -1.4670 3.8966 3.0722
v  -1.3821 3.8586 3.0120
v  -1.3712 3.8902 3.0579
v  -1.4908 3.9477 3.0938
v  -1.5858 3.9054 3.0922
v  -1.5978 3.9412 3.1142
v  -1.5061 3.9882 3.1094
v  -1.5208 4.0256 3.1277
v  -1.5911 3.9779 3.1290
v  -1.3721 3.9588 3.0908
v  -1.3456 3.9312 3.0790
v  -1.1863 4.0449 3.1152
v  -1.1719 3.9894 3.0774
v  -1.4796 4.1604 3.1882
v  -1.4471 4.1236 3.1525
v  -1.5080 4.1861 3.2378
v  -1.3080 4.2973 3.2104
v  -1.3426 4.3347 3.2659
v  -1.2701 4.2499 3.1759
v  -1.4191 4.0814 3.1333
v  -1.3991 4.0395 3.1173
v  -1.2416 4.2014 3.1637
v  -1.2186 4.1491 3.1625
v  -1.3867 3.9968 3.1034
v  -1.1996 4.0952 3.1470
v  -0.9743 4.4952 3.2152
v  -1.0757 4.6051 3.2749
v  -1.0273 4.5570 3.2223
v  -0.7120 4.8855 3.2445
v  -0.7685 4.9337 3.3075
v  -0.6512 4.8245 3.2292
v  -0.8163 4.1853 3.0109
v  -0.4145 4.4528 2.8994
v  -0.8502 4.2666 3.0682
v  -0.4711 4.5530 2.9975
v  -0.8867 4.3409 3.1249
v  -0.5298 4.6513 3.1030
v  -0.9189 4.4022 3.1785
v  -0.5811 4.7328 3.1885
v  -0.9437 4.4485 3.2114
v  -0.6134 4.7799 3.2278
v  -0.1475 5.4546 3.3296
v  -0.3672 5.1653 3.2782
v  -0.4346 5.2244 3.3187
v  -0.2311 5.5250 3.3702
v  -0.4904 5.2682 3.3980
v  -0.2920 5.5716 3.4667
v  -0.0686 4.7015 2.8100
v  -0.1445 4.8287 2.9487
v  0.1914 4.9077 2.7376
v  0.0974 5.0632 2.9038
v  -0.2104 4.9559 3.1064
v  0.0321 5.2143 3.1065
v  -0.2712 5.0640 3.2288
v  -0.0319 5.3454 3.2601
v  -0.3172 5.1209 3.2754
v  -0.0866 5.4097 3.3185
v  0.6546 6.2670 3.3788
v  0.5567 6.3524 3.3891
v  0.9030 6.6183 3.3591
v  0.9965 6.5251 3.3589
v  0.8009 6.7054 3.4098
v  0.4617 6.4250 3.4581
v  1.2171 7.0284 3.3745
v  1.3234 6.9337 3.3241
v  1.4144 6.8286 3.3355
v  1.0182 6.4603 3.3154
v  0.6951 6.1989 3.3576
v  1.4261 6.7581 3.2784
v  1.4559 6.6346 3.1610
v  1.0313 6.3750 3.1849
v  0.7100 6.1254 3.2317
v  -0.1333 4.8429 3.6193
v  0.2021 5.1898 3.5736
v  0.1741 5.2209 3.6917
v  -0.1582 4.8840 3.7159
v  0.1491 5.2393 3.8249
v  -0.1808 4.9185 3.8200
v  -0.5135 4.5238 3.8374
v  -0.4991 4.4822 3.7435
v  -0.5061 4.4593 3.6557
v  -0.7560 4.1479 3.7428
v  -0.7465 4.1217 3.6753
v  -0.7774 4.1819 3.8133
v  -0.9599 3.9040 3.7944
v  -0.9321 3.8827 3.7389
v  -0.9179 3.8635 3.6840
v  -0.3858 4.1557 3.2268
v  -0.6712 3.8881 3.3440
v  -0.6942 3.9999 3.4145
v  -0.4083 4.2810 3.3333
v  -0.9135 3.7704 3.4634
v  -0.8996 3.6883 3.3978
v  -0.4724 4.4092 3.5291
v  -0.4900 4.4336 3.5947
v  -0.7525 4.1138 3.6160
v  -0.7453 4.0973 3.5577
v  -0.9239 3.8520 3.6335
v  -0.9382 3.8436 3.5805
v  -0.9321 3.8200 3.5215
v  -0.7199 4.0626 3.4899
v  -0.4416 4.3624 3.4381
v  -1.1630 3.5771 3.7206
v  -1.1539 3.6065 3.7538
v  -1.2280 3.5360 3.7923
v  -1.2362 3.4822 3.7580
v  -1.2011 3.6211 3.8119
v  -1.1460 3.6477 3.7828
v  -1.2645 3.6131 3.8545
v  -1.2883 3.5079 3.8490
v  -1.3224 3.4108 3.8111
v  -1.1156 3.4820 3.5469
v  -1.0947 3.3364 3.5707
v  -1.0063 3.4041 3.4814
v  -1.0272 3.5004 3.4500
v  -1.0339 3.5963 3.4236
v  -1.0763 3.6359 3.4736
v  -1.0548 3.7083 3.7429
v  -1.0511 3.6890 3.7011
v  -1.0800 3.7284 3.7823
v  -1.1607 3.2571 3.6500
v  -1.1626 3.3655 3.6543
v  -1.2268 3.2950 3.7408
v  -1.2538 3.1856 3.6971
v  -1.1697 3.4287 3.6502
v  -1.1592 3.5304 3.5861
v  -1.1638 3.5328 3.6420
v  -1.2067 3.4180 3.6860
v  -1.3645 3.2990 3.8998
v  -1.3219 3.2450 3.8550
v  -1.2703 3.3436 3.7815
v  -1.3187 3.1952 3.8076
v  -1.1625 3.5480 3.6861
v  -1.2331 3.4415 3.7198
v  -1.3386 3.1250 3.7419
v  -1.0632 3.6768 3.6565
v  -1.0749 3.6652 3.6089
v  -1.0885 3.6590 3.5434
v  -1.1001 3.9497 3.8527
v  -1.2037 3.7455 3.8428
v  -1.1325 3.7425 3.8197
v  -1.0112 3.9339 3.8398
v  -0.8345 4.2335 3.8756
v  -0.9091 4.3033 3.8777
v  -0.5919 4.6043 3.8798
v  -0.6793 4.6892 3.8806
v  -1.0968 4.2010 3.8961
v  -1.1131 4.0779 3.8661
v  -0.9552 4.3659 3.8919
v  -0.9854 4.4169 3.9326
v  -0.7269 4.7441 3.9202
v  -0.7699 4.7912 3.9655
v  -0.2535 4.9896 3.8853
v  0.0790 5.3031 3.9336
v  -0.0275 5.3980 3.9220
v  -0.3510 5.0794 3.8713
v  -0.4109 5.1282 3.9197
v  -0.0983 5.4433 3.9530
v  -0.1902 5.4744 4.0179
v  -0.4809 5.1685 3.9766
v  0.8683 6.3584 3.8992
v  1.1912 6.5833 3.9412
v  1.1031 6.6837 3.9733
v  0.7956 6.4623 3.9291
v  1.4417 6.9389 4.0296
v  1.5480 6.8507 3.9987
v  1.2400 7.0186 4.0727
v  0.9331 6.7736 4.0306
v  0.6524 6.5566 3.9852
v  1.1003 7.0909 3.5977
v  1.1540 7.0697 3.4923
v  0.7376 6.7615 3.5027
v  0.7045 6.7740 3.6112
v  0.4079 6.4711 3.5446
v  0.3762 6.4870 3.6382
v  -0.8202 4.9660 3.4755
v  -0.5609 5.3091 3.5447
v  -0.5250 5.2898 3.4737
v  -0.7968 4.9527 3.3941
v  -0.3288 5.5905 3.5428
v  -0.3641 5.6037 3.6101
v  -1.5311 4.2061 3.2909
v  -1.3685 4.3619 3.3300
v  -1.5459 4.2211 3.3460
v  -1.3817 4.3772 3.3956
v  -1.1257 4.6491 3.4279
v  -1.1099 4.6368 3.3487
v  -1.5537 4.2372 3.3988
v  -1.3865 4.3876 3.4489
v  -1.6606 4.1461 3.3533
v  -1.6756 4.1879 3.4168
v  -1.5487 4.2532 3.4508
v  -1.3780 4.3820 3.5040
v  -1.7432 4.0682 3.3183
v  -1.7708 4.0883 3.3707
v  -1.1333 4.6535 3.4932
v  -1.1466 4.6577 3.5524
v  -0.8745 4.9901 3.6195
v  -0.8380 4.9721 3.5512
v  -1.5912 4.2714 3.5077
v  -1.5294 4.2756 3.5031
v  -1.4487 4.4305 3.6242
v  -1.3922 4.3922 3.5599
v  -1.2210 3.9678 3.8645
v  -1.2435 3.8458 3.8327
v  -1.1632 4.1516 3.9140
v  -1.2110 4.1579 3.9577
v  -1.2953 3.9462 3.8933
v  -1.3353 3.8093 3.8502
v  -1.4312 3.7759 3.9049
v  -1.4010 3.6887 3.9072
v  -1.3789 3.7176 3.8923
v  -1.3928 3.7932 3.8817
v  -1.3371 3.7116 3.8859
v  -1.3575 3.6466 3.9066
v  -1.2755 3.7272 3.8626
v  -1.3143 3.6210 3.8871
v  2.6527 7.7508 3.4712
v  2.7327 7.7903 3.5309
v  2.8023 7.6790 3.5236
v  2.7425 7.6235 3.4589
v  2.6520 7.8493 3.6023
v  2.5550 7.8219 3.5583
v  2.7240 7.8435 3.6299
v  2.7920 7.7968 3.6038
v  2.8310 7.7181 3.5786
v  2.7336 7.6516 3.9041
v  2.8013 7.7081 3.8295
v  2.7409 7.7771 3.8509
v  2.6446 7.5863 3.9608
v  2.6594 7.7642 3.8869
v  2.5401 7.7167 3.9278
v  2.7667 7.5504 3.8100
v  2.7019 7.4633 3.8432
v  2.8083 7.6178 3.7936
v  2.4872 7.8225 3.7512
v  2.4943 7.7865 3.8447
v  2.6223 7.8198 3.8234
v  2.6140 7.8547 3.7582
v  2.7386 7.8177 3.7970
v  2.7302 7.8421 3.7478
v  2.8334 7.7404 3.7667
v  2.8402 7.7577 3.7228
v  2.8261 7.6112 3.7352
v  2.8362 7.6183 3.6799
v  2.6190 7.8634 3.6824
v  2.7248 7.8499 3.6884
v  2.5057 7.8312 3.6585
v  2.8292 7.7816 3.6722
v  2.8470 7.6656 3.6275
v  2.8126 7.5746 3.5720
v  2.7599 7.4989 3.5175
v  2.7842 7.5155 3.6446
v  2.7335 7.4239 3.6103
v  2.7052 7.4243 3.7157
v  2.7677 7.5130 3.7204
v  -1.5408 4.1451 4.2172
v  -1.4729 4.1208 4.2040
v  -1.3748 4.4317 4.3560
v  -1.4438 4.4532 4.3693
v  -1.3154 4.4115 4.3224
v  -1.4160 4.1006 4.1682
v  -1.1938 4.7847 4.4928
v  -1.2511 4.8008 4.5470
v  -1.3243 4.8245 4.5788
v  -1.5282 4.4546 4.3559
v  -1.6195 4.1489 4.2038
v  -1.4202 4.8342 4.5779
v  -1.5250 4.8619 4.5487
v  -1.6209 4.4770 4.3189
v  -1.7078 4.1748 4.1668
v  -1.6275 3.7526 3.9705
v  -1.5699 3.7400 3.9565
v  -1.5349 3.8952 4.0665
v  -1.5987 3.9126 4.0821
v  -1.4828 3.8867 4.0323
v  -1.5171 3.7367 3.9362
v  -1.6669 3.9221 4.0717
v  -1.6818 3.7637 3.9699
v  -1.7495 3.9534 4.0437
v  -1.7637 3.7784 3.9432
v  -1.4431 3.6491 3.9328
v  -1.4004 3.5823 3.9373
v  -1.4717 3.7527 3.9214
v  -1.5009 3.6190 3.9597
v  -1.4716 3.5135 3.9866
v  -1.7566 3.6598 3.9422
v  -1.8292 3.7361 3.8511
v  -1.8388 3.6662 3.8863
v  -1.8700 3.6104 3.9000
v  -1.7793 3.5796 3.9864
v  -1.9043 3.5571 3.8950
v  -1.8516 3.5566 4.0003
v  -1.4360 3.3549 3.9569
v  -1.3788 3.4451 3.9270
v  -1.4903 3.4031 4.0448
v  -1.3462 3.5291 3.9050
v  -1.8178 3.4866 4.0901
v  -1.8081 3.3904 4.1617
v  -1.7186 3.3866 4.1470
v  -1.7585 3.5020 4.0884
v  -1.5740 3.6169 3.9603
v  -1.6426 3.6302 3.9586
v  -1.6520 3.5453 4.0097
v  -1.5701 3.5323 4.0228
v  -1.6814 3.2084 4.1235
v  -1.7586 3.2503 4.1563
v  -1.6218 3.3312 4.1190
v  -1.8267 3.2861 4.1679
v  -1.6630 3.4809 4.1001
v  -1.7141 3.5189 4.0730
v  -1.7097 3.5616 3.9899
v  -1.5812 3.4432 4.0872
v  -1.6974 3.6451 3.9529
v  -1.8546 3.8243 3.7855
v  -1.8413 3.9066 3.8662
v  -1.9007 3.9127 3.7120
v  -1.8972 4.0175 3.7796
v  -1.7354 4.2026 3.4626
v  -1.8102 4.1009 3.4185
v  -1.8517 4.1122 3.4663
v  -1.7914 4.2232 3.5074
v  -1.8615 3.9650 3.4111
v  -1.8793 3.9565 3.4823
v  -1.9106 4.0701 3.5574
v  -1.8828 4.1346 3.5209
v  -1.9145 4.1875 3.6259
v  -1.8525 4.2264 3.5669
v  -1.9068 3.9931 3.6285
v  -1.9308 3.8985 3.5683
v  -1.9335 4.1123 3.7024
v  -1.7310 4.3298 3.5476
v  -1.6467 4.4786 3.6389
v  -1.5618 4.4337 3.6322
v  -1.6575 4.2988 3.5163
v  -1.8227 4.0514 3.9678
v  -1.8678 4.1672 3.8742
v  -1.7889 4.2683 4.0972
v  -1.8187 4.3800 3.9978
v  -1.8885 4.2566 3.7912
v  -1.8762 4.3194 3.7039
v  -1.8306 4.4584 3.9071
v  -1.7996 4.5000 3.8119
v  -1.8094 4.3383 3.6180
v  -1.7348 4.5046 3.7108
v  -1.7022 4.5675 4.2464
v  -1.7358 4.6747 4.1486
v  -1.6068 4.9505 4.4711
v  -1.6450 5.0514 4.3708
v  -1.4148 5.0965 4.0415
v  -1.5286 4.7263 3.8238
v  -1.6244 4.7683 3.8789
v  -1.5151 5.1356 4.0952
v  -1.6881 4.7719 3.9767
v  -1.5903 5.1420 4.1900
v  -1.7266 4.7427 4.0607
v  -1.6260 5.1116 4.2801
v  -1.5125 5.4240 4.8063
v  -1.5546 5.5087 4.7022
v  -1.4206 5.3451 4.8682
v  -1.3433 5.7610 5.1974
v  -1.4445 5.8448 5.1307
v  -1.4780 5.9187 5.0105
v  -1.2390 5.9826 4.5089
v  -1.3093 5.5565 4.2991
v  -1.4193 5.5853 4.3596
v  -1.3520 5.9928 4.5920
v  -1.5057 5.5846 4.4677
v  -1.4299 5.9741 4.7268
v  -1.5391 5.5565 4.5884
v  -1.4656 5.9528 4.8733
v  -0.8671 7.4813 5.8880
v  -0.9444 7.1575 5.6746
v  -0.8564 7.1092 5.7591
v  -0.7552 7.4208 5.9880
v  -0.9769 6.8318 5.6068
v  -1.0525 6.8802 5.5213
v  -0.8774 6.7917 5.6534
v  -0.7513 7.0667 5.8090
v  -0.6148 7.3669 6.0315
v  -1.0886 6.9528 5.4177
v  -1.0041 7.2269 5.5731
v  -0.9856 7.2883 5.4429
v  -1.0760 7.0174 5.2904
v  -0.9233 7.5491 5.7622
v  -0.9004 7.6102 5.6199
v  -0.6510 7.6433 5.4145
v  -0.7529 7.2818 5.2313
v  -0.9042 7.3212 5.2968
v  -0.8068 7.6581 5.4784
v  -0.9971 7.0310 5.1489
v  -0.8694 6.9843 5.0628
v  1.4680 1.6972 0.3670
v  1.5239 1.7106 0.4382
v  1.2924 1.6983 0.5430
v  1.2285 1.6938 0.4640
v  1.3465 1.7376 0.6085
v  1.5738 1.7388 0.5026
v  1.3664 1.8088 0.6311
v  1.3547 1.8809 0.6095
v  1.5965 1.8815 0.5330
v  1.6030 1.8020 0.5425
v  1.3218 1.9397 0.5590
v  1.5531 1.9435 0.4737
v  1.5266 2.0206 0.4484
v  1.2900 2.0111 0.5089
v  2.1149 4.6301 2.0551
v  2.1128 4.5732 1.9983
v  2.4620 4.7283 1.8662
v  2.4790 4.7830 1.9243
v  1.7388 4.4563 2.0923
v  2.0957 4.4866 1.9058
v  1.7265 4.3731 1.9928
v  2.4358 4.6341 1.7823
v  2.1935 2.0203 -0.0282
v  2.1519 2.0997 0.0111
v  2.1417 2.0390 -0.0995
v  2.0896 2.1002 -0.0650
v  2.0707 1.7389 -0.2187
v  2.0243 1.8348 -0.2248
v  1.9373 1.6875 -0.1926
v  1.9134 1.7802 -0.2078
v  2.1273 2.2980 0.0214
v  2.1893 2.2987 0.0629
v  2.1511 2.1620 0.0320
v  2.0955 2.1598 -0.0216
v  3.4275 5.3569 1.4234
v  3.3839 5.4158 1.3873
v  3.3405 5.2659 1.3890
v  3.2306 5.3223 1.3781
v  3.2460 5.0293 1.3728
v  3.1876 5.0816 1.3060
v  3.2705 5.1958 1.3522
v  3.3355 5.1418 1.4324
v  3.1501 5.2210 1.3598
v  3.0748 5.0912 1.3208
v  3.3714 5.4898 1.3747
v  3.2283 5.4375 1.3518
v  3.4588 5.7217 1.6006
v  3.3297 5.7038 1.6427
v  3.4370 5.7421 1.8344
v  3.5367 5.6929 1.7378
v  2.4763 7.4362 4.0202
v  2.5576 7.5128 3.9986
v  2.4367 7.6590 3.9711
v  2.3241 7.5993 4.0189
v  2.6382 7.3811 3.8770
v  2.5654 7.3045 3.9006
v  2.3610 7.7497 3.8617
v  2.2391 7.7529 3.8912
v  2.3461 7.7639 3.7234
v  2.1576 7.7613 3.6958
v  2.7002 7.4332 3.4745
v  2.6592 7.3675 3.4215
v  2.5928 7.4992 3.3662
v  2.6692 7.5644 3.4198
v  2.6890 7.3438 3.5755
v  2.6372 7.2467 3.5353
v  2.6491 7.3442 3.7115
v  2.5866 7.2713 3.7174
v  3.6058 5.4527 1.8488
v  3.5325 5.4143 1.9469
v  3.5920 5.5537 1.8697
v  3.5098 5.5756 2.0030
v  3.5727 5.6364 1.8276
v  3.5125 5.6902 1.9346
v  1.0398 5.5014 2.3911
v  1.4102 5.6586 2.3007
v  1.2402 5.9639 2.5733
v  0.8786 5.7698 2.6430
v  1.7112 6.1442 2.5510
v  1.8687 5.8413 2.2235
v  0.7625 5.9884 2.9544
v  1.1026 6.2149 2.8965
v  1.5666 6.4131 2.8970
v  0.7520 1.2888 0.2217
v  0.6741 1.0718 0.1116
v  0.8530 1.1065 -0.0478
v  0.9355 1.3380 0.0611
v  0.7699 0.8783 -0.1573
v  0.6079 0.8463 0.0105
v  0.9572 0.9159 -0.2991
v  1.0475 1.1529 -0.1942
v  1.1547 1.3716 -0.0669
v  1.0348 1.2846 -0.4506
v  0.9276 1.2935 -0.3911
v  1.0042 1.4603 -0.2700
v  1.1134 1.4546 -0.3289
v  1.2216 1.4428 -0.3807
v  1.1410 1.2680 -0.5016
v  1.3229 0.7159 -0.6755
v  1.3942 0.9017 -0.6029
v  1.4319 0.8650 -0.5747
v  1.3720 0.6803 -0.6450
v  1.5103 1.0746 -0.4829
v  1.4820 1.1100 -0.5070
v  1.6318 1.2629 -0.3921
v  1.6536 1.2288 -0.3645
v  1.5961 1.2962 -0.4149
v  1.7053 1.4627 -0.3152
v  1.7431 1.4302 -0.2932
v  1.7625 1.3979 -0.2688
v  1.8058 1.6218 -0.2433
v  1.8374 1.5757 -0.2282
v  1.8501 1.5291 -0.2051
v  1.8524 1.4853 -0.1652
v  1.7436 1.3767 -0.2326
v  1.8055 1.4835 -0.1162
v  1.6930 1.3728 -0.2033
v  1.6338 1.2051 -0.3240
v  1.5864 1.1936 -0.2976
v  1.3575 1.6284 0.2191
v  1.4200 1.6717 0.3064
v  1.1813 1.6722 0.4011
v  1.1224 1.6241 0.3178
v  0.9731 1.6483 0.5095
v  0.9186 1.5911 0.4393
v  0.8362 1.4708 0.3334
v  1.0315 1.5158 0.1913
v  1.2646 1.5290 0.0840
v  3.0969 4.8689 1.1680
v  3.0004 4.8712 1.1774
v  3.1632 4.8283 1.2127
v  3.0041 4.5946 0.9425
v  2.9228 4.6171 0.9224
v  1.8853 3.8740 1.2150
v  1.9685 4.1157 1.5017
v  1.7830 3.5830 0.9461
v  2.0646 3.6613 0.8636
v  2.1768 3.9848 1.1098
v  2.2683 4.2609 1.3709
v  1.6912 4.2153 1.8287
v  2.0432 4.3263 1.7357
v  2.3670 4.4710 1.6115
v  2.8596 4.2559 0.7069
v  2.8140 4.2949 0.6531
v  2.7283 3.8774 0.4607
v  2.6853 3.9180 0.3938
v  2.2870 2.6106 0.1196
v  2.2223 2.6146 0.0807
v  2.3826 3.0347 0.1103
v  2.4454 3.0162 0.1849
v  2.6100 3.4489 0.2788
v  2.5375 3.4822 0.2160
v  1.7499 2.9179 0.5409
v  1.8992 3.3097 0.6562
v  1.6474 3.2382 0.7675
v  1.5213 2.8663 0.6743
v  1.3442 4.9723 1.9808
v  1.3173 5.0218 2.0735
v  1.6494 5.1639 1.9260
v  1.6751 5.1068 1.8434
v  2.0662 5.3533 1.7821
v  2.0661 5.2995 1.6787
v  2.3043 1.7901 0.0633
v  2.2979 1.7258 0.0407
v  2.2241 1.7709 0.1425
v  2.2079 1.7042 0.1241
v  2.2754 1.6732 0.0043
v  2.1848 1.6563 0.0888
v  2.0832 2.0195 -0.1516
v  2.0127 2.0515 -0.1311
v  2.0376 1.9743 -0.1876
v  1.9541 1.9965 -0.1814
v  2.0166 1.9127 -0.2132
v  1.9309 1.9115 -0.2086
v  1.5552 2.2420 0.4515
v  1.6430 2.5310 0.5016
v  1.4155 2.5147 0.6101
v  1.3304 2.2471 0.5502
v  1.2943 2.1034 0.5191
v  1.5237 2.0966 0.4419
v  1.4949 2.5883 0.3732
v  1.3067 2.5928 0.4189
v  1.7074 2.5902 0.2981
v  1.6347 2.3134 0.1764
v  1.4426 2.3293 0.2400
v  1.2731 2.3469 0.2842
v  1.2621 2.2321 0.2351
v  1.4180 2.2171 0.1757
v  1.6017 2.1906 0.1181
v  2.5711 7.6920 3.4306
v  2.4608 7.7624 3.5202
v  2.4842 7.6312 3.4026
v  2.3643 7.7008 3.4838
v  2.3843 7.7707 3.6254
v  2.2564 7.7362 3.5807
v  0.9994 6.1342 3.7394
v  1.0041 6.0915 3.6274
v  1.3021 6.3408 3.6585
v  1.3048 6.3697 3.7625
v  1.3050 6.2938 3.5662
v  0.9930 6.0564 3.5173
v  1.6792 6.5521 3.6186
v  1.6727 6.5928 3.7098
v  1.6778 6.6124 3.8252
v  0.9583 6.2153 3.8797
v  1.2751 6.4434 3.9035
v  1.6407 6.7019 3.9653
v  1.6641 4.7515 2.3831
v  2.0552 4.8601 2.2876
v  2.0166 4.9209 2.3064
v  1.6155 4.8201 2.3899
v  2.4365 5.0856 2.1902
v  2.4743 5.0199 2.1669
v  2.3584 5.2200 2.2502
v  1.9433 5.0446 2.3648
v  1.5364 4.9453 2.4308
v  1.9958 5.8425 2.6243
v  1.5822 5.6293 2.6836
v  1.7810 5.3040 2.4939
v  2.2082 5.4823 2.4342
v  1.3809 5.1892 2.5429
v  1.2092 5.4746 2.7366
v  3.3471 5.0692 1.5037
v  3.2605 4.9669 1.4341
v  3.2925 5.0157 1.5735
v  3.2105 4.9160 1.4975
v  3.1847 4.7740 1.2773
v  3.1318 4.7371 1.3398
v  1.7927 4.5492 1.4979
v  2.1616 4.6673 1.3912
v  1.4679 4.4276 1.5928
v  1.4940 4.5889 1.7911
v  1.8214 4.7477 1.6761
v  2.2068 4.8714 1.5699
v  1.4800 4.7635 1.9051
v  1.8231 4.8968 1.8223
v  1.8365 4.8357 1.7780
v  1.4949 4.6944 1.8768
v  2.2160 5.0316 1.6894
v  2.2241 4.9719 1.6537
v  3.1336 6.1887 2.2160
v  3.3633 5.8929 2.0827
v  3.2865 5.9012 2.0150
v  3.0942 6.2214 2.1695
v  2.9404 6.7005 2.3556
v  2.9596 6.5881 2.4655
v  2.9060 6.5022 2.5052
v  3.1008 6.1282 2.2571
v  3.3079 5.8191 2.1455
v  3.4244 5.6690 2.0727
v  3.4729 5.7540 2.0074
v  3.4083 5.7949 1.9195
v  2.1161 4.7872 2.2809
v  2.5255 4.9398 2.1597
v  1.7237 4.6780 2.3629
v  2.1560 4.7142 2.2293
v  2.5528 4.8612 2.1099
v  2.1365 4.6787 2.1341
v  2.5258 4.8115 2.0180
v  1.4130 4.8860 1.9205
v  1.3779 4.9280 1.9363
v  1.7017 5.0639 1.8058
v  1.7363 5.0220 1.8051
v  2.0860 5.2347 1.6353
v  2.1240 5.1721 1.6491
v  2.1768 5.1077 1.6918
v  1.7846 4.9681 1.8307
v  1.4498 4.8304 1.9164
v  2.7660 6.8291 2.9104
v  2.7088 6.9918 2.7681
v  2.7962 6.9341 2.8450
v  2.5747 7.2348 3.1256
v  2.6731 7.1820 3.1948
v  2.6265 7.0750 3.2623
v  2.5771 7.3944 3.2790
v  2.6498 7.3049 3.3539
v  2.6276 7.1864 3.4400
v  1.4105 5.9356 2.9517
v  1.0754 5.7207 2.9969
v  1.7924 6.2031 2.9039
v  1.3140 6.1416 3.2463
v  1.7161 6.3868 3.2864
v  1.0009 5.8941 3.2519
v  1.7077 6.4617 3.5224
v  1.3022 6.2314 3.4512
v  0.9878 5.9919 3.4123
v  2.1345 7.7852 3.9227
v  1.8959 7.8427 4.0244
v  1.8941 7.6648 4.0671
v  2.1693 7.6546 4.0451
v  2.0291 7.8013 3.7636
v  1.8088 7.9267 3.8873
v  0.8874 7.1472 3.8026
v  1.0377 7.1042 3.6759
v  0.6456 6.7876 3.6932
v  0.5157 6.8310 3.8213
v  0.3090 6.5107 3.7123
v  0.1858 6.5628 3.8238
v  -0.6915 6.7132 5.5440
v  -0.6693 6.6865 5.4009
v  -0.5585 6.9932 5.5610
v  -0.5695 6.9969 5.7041
v  -0.5369 6.9732 5.4317
v  -0.6572 6.6580 5.2663
v  -0.3355 7.2992 5.6389
v  -0.3710 7.3041 5.7618
v  -0.3958 7.2931 5.9070
v  -0.4868 7.3137 6.0114
v  -0.6452 7.0200 5.7981
v  -0.7698 6.7423 5.6427
v  1.9036 1.6625 0.1926
v  1.9526 1.6888 0.2359
v  1.7532 1.7134 0.3282
v  1.7018 1.6951 0.2713
v  1.7956 1.7367 0.3813
v  1.9873 1.7212 0.2760
v  1.7958 1.9460 0.4221
v  1.9856 1.9325 0.3318
v  1.9542 2.0132 0.3370
v  1.7626 2.0204 0.4042
v  1.8365 1.8644 0.4498
v  2.0152 1.8468 0.3203
v  2.5481 3.8179 0.6955
v  2.7041 4.1637 0.9333
v  2.4619 4.0986 0.9983
v  2.3320 3.7512 0.7669
v  2.5671 4.3959 1.2418
v  2.8424 4.4376 1.1937
v  3.1352 5.0207 1.7118
v  3.2243 5.0528 1.8335
v  2.9117 4.9492 1.9116
v  2.8472 4.9113 1.8078
v  2.9556 5.0151 2.0207
v  3.2773 5.1466 1.9551
v  1.9767 2.2891 0.0586
v  2.0656 2.2932 0.0222
v  2.0260 2.1599 -0.0346
v  1.9270 2.1629 -0.0092
v  2.0012 2.1125 -0.0692
v  1.9016 2.1194 -0.0473
v  2.9395 5.4353 1.4824
v  3.1092 5.5007 1.3860
v  3.1205 5.4018 1.3886
v  2.9564 5.3465 1.4842
v  3.1102 5.2992 1.3930
v  2.9507 5.2486 1.4657
v  2.6885 4.6059 0.9468
v  2.8404 4.6207 0.9256
v  2.7239 4.3090 0.6499
v  2.5703 4.2923 0.6822
v  2.5857 3.9322 0.3992
v  2.4421 3.9078 0.4578
v  2.2525 7.2327 4.0153
v  2.3967 7.3596 4.0280
v  2.2628 7.4939 4.0502
v  2.1271 7.3739 4.0256
v  2.4876 7.2327 3.9130
v  2.3347 7.1132 3.9041
v  3.4536 5.3665 2.0042
v  3.4148 5.5115 2.0504
v  3.2655 5.3996 2.1212
v  3.4327 5.2277 1.9062
v  3.2862 5.2788 2.0441
v  2.6861 6.3538 2.5025
v  2.5305 6.6578 2.9188
v  2.2193 6.4274 2.9363
v  2.3612 6.1406 2.5135
v  2.1436 6.6095 3.3453
v  2.4141 6.8867 3.3002
v  1.2835 0.9860 -0.3898
v  1.3933 1.1864 -0.2606
v  1.2332 1.1825 -0.2564
v  1.1312 0.9570 -0.3679
v  1.3569 1.3709 -0.1116
v  1.5179 1.3609 -0.1252
v  1.9561 1.6082 0.0751
v  1.8507 1.5659 0.0172
v  2.0378 1.6447 0.1148
v  1.8314 1.6326 0.1487
v  1.7394 1.5862 0.0850
v  2.0838 1.6751 0.1545
v  2.1107 1.7125 0.1892
v  1.6434 1.6652 0.2195
v  1.5687 1.6132 0.1455
v  2.1329 1.7701 0.2109
v  2.1320 1.8449 0.2226
v  2.0118 1.7761 0.3023
v  2.0977 1.9318 0.2367
v  2.0656 2.0181 0.2530
v  1.8295 1.7870 0.4272
v  2.0653 2.0908 0.2638
v  2.1147 2.2374 0.2955
v  2.0096 2.2142 0.3867
v  1.9557 2.0756 0.3458
v  1.7607 2.0827 0.4033
v  1.8084 2.2194 0.4480
v  2.4660 3.4416 0.4729
v  2.3136 2.9876 0.3755
v  2.6590 3.8448 0.6715
v  2.3700 3.4136 0.5071
v  2.2073 2.9737 0.4001
v  2.8302 4.1887 0.9100
v  2.9728 4.4739 1.1581
v  2.1652 3.3624 0.5806
v  2.0051 2.9468 0.4638
v  3.2186 4.9901 1.6090
v  3.1422 4.8918 1.5273
v  3.2816 5.0735 1.6637
v  3.0784 4.9454 1.6546
v  3.0110 4.8503 1.5691
v  3.3737 5.1257 1.7812
v  2.8104 4.8466 1.7518
v  2.7563 4.7629 1.6598
v  1.5475 1.5264 -0.3164
v  1.4237 1.5583 -0.2865
v  1.5164 1.7178 -0.1816
v  1.6466 1.6895 -0.2217
v  1.5964 1.8721 -0.1288
v  1.7314 1.8452 -0.1792
v  1.6366 1.9926 -0.1424
v  1.7745 1.9667 -0.1997
v  1.6747 2.0641 -0.1138
v  1.8142 2.0416 -0.1672
v  1.8631 1.9340 -0.2144
v  1.8251 1.8109 -0.2001
v  1.8944 2.0169 -0.1799
v  1.6411 1.4962 -0.3277
v  1.7417 1.6582 -0.2382
v  1.7162 2.1105 -0.0581
v  1.8606 2.0888 -0.1083
v  1.7536 2.1326 0.0070
v  1.7780 2.1745 0.0468
v  1.8231 2.2974 0.1131
v  1.9491 2.0667 -0.1197
v  2.8496 5.0528 1.3698
v  2.5631 4.9856 1.4501
v  2.5966 5.0957 1.5141
v  2.9104 5.1654 1.4419
v  2.6147 5.1566 1.5446
v  2.6056 5.2428 1.5856
v  2.5678 5.3209 1.5569
v  2.9982 5.0739 1.3462
v  3.0612 5.2107 1.3879
v  2.1713 3.0365 0.1746
v  1.9900 3.0148 0.2690
v  2.0816 3.4568 0.3552
v  2.2954 3.4881 0.2714
v  2.2067 3.8577 0.5435
v  2.3188 4.2168 0.7747
v  2.4248 4.5170 1.0382
v  2.2898 3.0427 0.1225
v  2.4343 3.4987 0.2175
v  2.9319 5.5695 1.5351
v  2.5385 5.4477 1.5953
v  2.5742 5.5083 1.7107
v  2.9966 5.6595 1.6607
v  2.5864 5.6246 1.7885
v  3.0590 5.7434 1.7831
v  2.5839 5.6714 1.8128
v  2.5186 5.7832 1.8989
v  2.9823 5.8916 1.9301
v  3.0632 5.7841 1.8359
v  3.3041 5.7956 1.8864
v  3.3002 5.7463 1.8099
v  3.2089 5.9043 1.9982
v  3.1171 5.6614 1.4880
v  3.2182 5.6870 1.6567
v  2.2792 7.1338 3.0893
v  1.9338 6.8692 3.1659
v  1.9054 7.0165 3.2996
v  2.2582 7.2958 3.2322
v  1.8822 7.1229 3.3439
v  2.2591 7.3809 3.3066
v  1.7870 7.2414 3.3244
v  1.6670 7.3455 3.3591
v  2.0589 7.5656 3.4038
v  2.1788 7.4759 3.3506
v  2.3828 7.5807 3.3793
v  2.4639 7.4757 3.3370
v  2.2618 7.6572 3.4493
v  2.4811 7.2199 3.1015
v  2.4665 7.3938 3.2475
v  1.5720 7.4028 3.4631
v  1.4820 7.4441 3.5544
v  1.8402 7.6611 3.5880
v  1.9462 7.6229 3.4965
v  1.4102 7.4511 3.6366
v  1.2528 7.4612 3.8030
v  1.5568 7.6919 3.8380
v  1.7475 7.6791 3.6665
v  1.9275 7.7855 3.6952
v  2.0312 7.7463 3.6288
v  1.7057 7.8119 3.8423
v  2.1448 7.7039 3.5441
v  -0.6557 7.9751 5.6895
v  -0.5233 7.9826 5.6225
v  -0.7542 7.9356 5.8058
v  -0.6012 8.1899 5.9580
v  -0.5350 8.2394 5.8519
v  -0.4241 8.2600 5.7827
v  -0.6018 8.1321 6.0649
v  -0.7754 7.8783 5.9395
v  -0.7254 7.8134 6.0667
v  -0.5552 8.0768 6.1631
v  -0.5983 7.7524 6.1474
v  -0.4466 8.0250 6.2301
v  -0.4577 7.7012 6.1726
v  -0.3274 7.9769 6.2580
v  -0.3447 7.6538 6.1416
v  -0.2598 7.6278 6.0556
v  -0.1637 7.9050 6.1566
v  -0.2314 7.9259 6.2370
v  -0.2124 7.6372 5.9337
v  -0.2069 7.6652 5.8160
v  -0.1193 7.9664 5.9501
v  -0.1280 7.9263 6.0515
v  1.7501 7.5165 4.0564
v  1.5368 7.2786 4.1056
v  1.7539 7.2191 4.0262
v  1.9993 7.4428 4.0295
v  1.8711 7.1454 3.9989
v  1.9747 7.0078 3.9671
v  2.0378 6.8919 3.8649
v  1.8604 7.6140 4.0590
v  2.1290 7.5543 4.0575
v  2.0367 6.8729 3.7420
v  2.0395 6.8426 3.6371
v  2.3543 7.0542 3.6398
v  2.3450 7.0875 3.7614
v  2.0758 6.7546 3.5307
v  2.3729 6.9944 3.5178
v  2.5482 7.0199 3.2749
v  2.5328 7.1178 3.4858
v  2.5274 7.1658 3.6022
v  2.5079 7.2021 3.7440
v  3.0829 5.6579 2.1970
v  2.7625 5.4528 2.2015
v  2.8699 5.2927 2.1882
v  3.2051 5.4935 2.1698
v  2.9223 5.2094 2.1656
v  2.9559 5.1094 2.1103
v  3.2360 5.7632 2.1708
v  3.3514 5.6078 2.1023
v  3.0451 6.0800 2.2689
v  2.8499 6.4515 2.5115
v  2.8908 5.9787 2.2712
v  2.6973 6.7620 2.9252
v  2.5761 5.7644 2.2907
v  2.5972 6.9567 2.7634
v  2.7803 6.6559 2.3470
v  2.5457 6.5854 2.3458
v  2.3823 6.8882 2.7546
v  3.0142 6.2270 2.1490
v  2.7827 6.2005 2.0903
v  2.3598 6.0497 2.1321
v  2.1610 6.3928 2.4341
v  2.0133 6.6725 2.8242
v  1.3312 0.7878 -0.4785
v  1.2809 0.6070 -0.5312
v  1.4096 0.9796 -0.3743
v  1.2132 0.7747 -0.4753
v  1.1739 0.5846 -0.5224
v  1.5126 1.1821 -0.2681
v  1.6252 1.3662 -0.1647
v  0.9001 0.6906 -0.3754
v  1.0676 0.7357 -0.4481
v  1.0342 0.5403 -0.4917
v  0.8683 0.4957 -0.4223
v  1.5410 1.3333 -0.4324
v  1.4592 1.3728 -0.4360
v  1.4365 1.1515 -0.5332
v  1.3637 1.1978 -0.5515
v  1.3451 1.4149 -0.4216
v  1.2568 1.2404 -0.5418
v  1.4729 1.5065 0.0355
v  1.6348 1.4913 -0.0060
v  1.7387 1.4907 -0.0661
v  3.0708 4.7110 1.3723
v  2.9457 4.6622 1.4196
v  2.6771 4.6033 1.4861
v  2.5119 4.7721 1.2864
v  2.7805 4.8589 1.1944
v  2.9285 4.8698 1.1800
v  1.9089 2.5957 0.2093
v  2.0748 2.5990 0.1423
v  2.1645 2.6075 0.0994
v  2.1976 2.5605 0.3298
v  2.0916 2.5411 0.3878
v  1.8868 2.5356 0.4365
v  3.0979 5.5804 1.4131
v  2.9264 5.4935 1.4942
v  2.5440 5.3807 1.5557
v  -2.0027 3.8851 3.3830
v  -2.0278 3.8693 3.4472
v  -2.1298 3.8142 3.3799
v  -2.1216 3.8358 3.4306
v  -2.0671 3.5103 3.4638
v  -2.1928 3.5427 3.4021
v  -2.1030 3.5434 3.5515
v  -2.2387 3.5850 3.4912
v  -2.2633 3.7105 3.3772
v  -2.2182 3.6670 3.2966
v  -2.2335 3.6060 3.3425
v  -2.2882 3.6491 3.4285
v  -2.1123 3.6107 3.6137
v  -2.2454 3.6423 3.5683
v  -2.1163 3.6802 3.6566
v  -2.2117 3.6863 3.6177
v  -2.2985 3.7031 3.5118
v  -2.2405 3.7500 3.5905
v  -2.2253 3.8080 3.5350
v  -2.2735 3.7585 3.4545
v  -2.1062 3.8467 3.6211
v  -2.1172 3.7691 3.6640
v  -2.1851 3.8248 3.4732
v  -2.0709 3.8703 3.5304
v  -2.2166 3.7829 3.4075
v  -2.2028 3.7547 3.3360
v  -2.1710 3.7249 3.2607
v  -1.3601 3.9317 3.9250
v  -1.2715 4.1475 4.0035
v  -1.3248 4.1553 4.0763
v  -1.4118 3.9175 3.9607
v  -1.4479 3.8989 3.9960
v  -1.3741 4.1046 4.1229
v  -1.1684 4.8011 4.4297
v  -1.2757 4.4203 4.2703
v  -1.2318 4.4669 4.2332
v  -1.1434 4.8344 4.3682
v  -1.0226 4.4607 3.9823
v  -1.0701 4.4849 4.0378
v  -0.8320 4.8408 4.0344
v  -0.9043 4.8742 4.1098
v  -1.1280 4.4758 4.0964
v  -0.9790 4.8729 4.1753
v  -1.0450 4.8635 4.2405
v  -1.1696 4.4865 4.1598
v  -1.0945 4.8748 4.3111
v  -1.1705 4.5714 4.2293
v  0.5212 7.1644 4.4507
v  0.3074 6.8924 4.4166
v  0.6275 6.8443 4.1972
v  0.8805 7.1070 4.2110
v  0.3750 6.6339 4.1379
v  0.0853 6.6785 4.3484
v  -0.2438 7.2782 5.4557
v  -0.3035 7.2880 5.5673
v  -0.5082 6.9555 5.3495
v  -0.4447 6.9492 5.2467
v  -0.6420 6.6425 5.1828
v  -0.5946 6.6532 5.0842
v  0.0767 6.9318 4.6185
v  -0.1191 6.7062 4.5370
v  0.2719 7.2093 4.6886
v  0.0860 7.2377 4.9461
v  -0.1036 6.9479 4.8320
v  -0.2865 6.7117 4.7197
v  -0.2942 6.9508 5.0574
v  -0.0958 7.2579 5.2276
v  -0.4627 6.6870 4.9147
v  1.1287 7.3757 4.2601
v  1.2989 7.6240 4.2497
v  0.8310 7.7425 4.5092
v  0.6930 7.4812 4.4714
v  -0.0303 7.9909 5.7436
v  -0.0924 7.9849 5.8831
v  -0.1795 7.6684 5.7470
v  -0.1170 7.6608 5.6225
v  0.3836 7.8880 5.1205
v  0.1474 7.9568 5.4536
v  0.0351 7.6351 5.3513
v  0.2413 7.5880 5.0347
v  0.4323 7.5405 4.7457
v  0.5742 7.8186 4.8146
v  0.8913 7.8741 4.5202
v  1.3746 7.7365 4.2341
v  1.3839 7.7570 4.2326
v  0.8957 7.9131 4.5309
v  0.6549 7.9806 4.8575
v  0.4872 8.0687 5.1851
v  0.6899 8.0858 4.8791
v  0.5299 8.2021 5.2115
v  1.3763 7.8758 4.2247
v  0.8986 8.0442 4.5363
v  1.2931 7.9001 4.1480
v  0.7982 8.0581 4.4729
v  0.6429 8.2003 4.8448
v  0.4793 8.3338 5.1833
v  0.5299 8.2094 4.7925
v  0.3517 8.3416 5.1259
v  1.2373 7.8537 4.1460
v  0.7266 8.0330 4.4317
v  1.1224 7.7669 4.1321
v  0.6083 7.9437 4.3701
v  0.1625 8.1163 5.0094
v  0.2638 8.2628 5.0775
v  0.4408 8.1722 4.7378
v  0.3252 8.0507 4.6735
v  -0.5706 7.6420 5.3684
v  -0.4378 7.9904 5.5791
v  -0.3244 7.9633 5.4896
v  -0.4794 7.6213 5.2846
v  -0.3274 8.2657 5.7508
v  -0.2030 8.2432 5.6477
v  0.8599 7.5710 4.0524
v  0.3994 7.7431 4.2902
v  0.5571 7.2732 4.0260
v  0.1949 7.4188 4.2843
v  0.1373 7.8338 4.5868
v  -0.0208 7.4912 4.5550
v  -0.1531 7.5179 4.8326
v  -0.0075 7.8732 4.9071
v  -0.1599 7.9116 5.2439
v  -0.3246 7.5718 5.0895
v  -0.0039 8.1657 5.3852
v  -0.6820 7.2723 5.1764
v  -0.8007 6.9665 4.9942
v  -0.6148 7.2612 5.0895
v  -0.7374 6.9536 4.9055
v  0.2443 6.9600 4.0199
v  -0.0474 7.0986 4.2493
v  -0.0498 6.6992 3.9730
v  -0.2713 6.8142 4.1938
v  -0.2274 7.1618 4.4794
v  -0.4153 6.8686 4.3936
v  -0.5273 6.8991 4.5733
v  -0.3618 7.1968 4.6952
v  -0.4981 7.2318 4.9147
v  -0.6405 6.9292 4.7544
v  -0.4894 6.4102 4.1022
v  -0.4031 6.5844 4.1478
v  -0.2157 6.4753 3.9664
v  -0.3279 6.3125 3.9371
v  -0.0252 6.3613 3.8263
v  -0.1610 6.2125 3.8136
v  -0.5257 6.6456 4.3214
v  -0.5989 6.4793 4.2589
v  -0.6836 6.5240 4.4060
v  -0.6195 6.6811 4.4819
v  -1.2354 5.5375 4.2566
v  -1.3468 5.0846 3.9987
v  -1.1538 5.9544 4.4643
v  -1.0845 5.9402 4.3936
v  -1.1735 5.5397 4.1971
v  -1.2736 5.0984 3.9679
v  -1.1746 5.1496 3.9356
v  -1.2154 4.8881 3.7819
v  -1.3620 4.7475 3.7778
v  -1.0572 5.1425 3.8356
v  -1.0776 5.2687 3.9335
v  -1.0014 5.0710 3.7533
v  -1.2126 4.7347 3.6760
v  -1.1840 4.6740 3.6041
v  -0.9354 5.0220 3.6839
v  -1.4555 4.7059 3.7929
v  0.6828 0.3017 -0.8072
v  0.6508 0.3457 -0.8569
v  0.5725 0.3184 -0.8359
v  0.6046 0.2652 -0.7719
v  0.7393 0.3766 -0.8760
v  0.7665 0.3304 -0.8335
v  0.3104 -0.1076 -0.1550
v  0.3123 -0.0583 -0.1645
v  0.2274 -0.0439 -0.0350
v  0.2157 -0.0886 -0.0278
v  0.4502 -0.1127 -0.2986
v  0.4610 -0.0039 -0.2756
v  0.3217 0.0070 -0.1577
v  0.4593 -0.0650 -0.2881
v  0.2356 0.0173 -0.0375
v  0.8647 0.3564 -0.8632
v  0.8490 0.4164 -0.9016
v  0.9522 0.3875 -0.8846
v  0.9502 0.4545 -0.9183
v  1.0077 0.4039 -0.8934
v  1.0169 0.4724 -0.9259
v  1.0524 0.4147 -0.9012
v  1.0706 0.4658 -0.9257
v  -0.5795 0.0044 0.3129
v  -0.4430 -0.0064 0.2545
v  -0.4343 0.0480 0.2869
v  -0.2871 -0.0123 0.2198
v  -0.2928 0.0433 0.2325
v  -0.2909 0.0996 0.2691
v  -0.4263 0.1001 0.3232
v  -0.5708 0.0521 0.3157
v  -0.5916 0.1223 0.3690
v  -0.6975 0.1058 0.3641
v  -0.7728 0.0755 0.3437
v  -0.7439 0.0668 0.3941
v  -0.6720 0.0390 0.3363
v  -0.8028 0.1875 0.3608
v  -0.8522 0.1312 0.3521
v  -0.7488 0.2343 0.3863
v  -0.8830 0.3370 0.3802
v  -0.9191 0.2775 0.3474
v  -0.9493 0.2159 0.3809
v  -0.9933 0.4180 0.3843
v  -1.0128 0.3479 0.3357
v  -1.0747 0.3982 0.3549
v  -1.0675 0.4572 0.3879
v  -1.0855 0.3478 0.3850
v  -1.0259 0.2848 0.3838
v  -0.9973 1.1782 0.6486
v  -0.9676 1.2503 0.6213
v  -0.9731 1.0483 0.4422
v  -0.9785 1.0062 0.5192
v  -0.9130 1.3109 0.5962
v  -0.8957 1.1244 0.4332
v  -0.9921 0.7079 -0.0887
v  -1.0086 0.6654 -0.1029
v  -1.0207 0.6646 -0.0590
v  -1.0100 0.6983 -0.0413
v  -0.9622 0.7006 -0.1569
v  -1.0161 0.6810 -0.1517
v  -0.9827 0.8853 0.4446
v  -1.0169 0.8480 0.4832
v  -0.9728 0.9110 0.3809
v  -0.9799 0.8242 0.3411
v  -0.9977 0.7949 0.3988
v  -1.0356 0.7663 0.4370
v  1.0579 2.0801 0.0443
v  0.9607 2.0802 0.0492
v  0.9866 2.1833 0.0724
v  1.0856 2.1627 0.0835
v  1.0395 1.9480 0.0620
v  0.9451 1.9464 0.0873
v  1.1185 2.1917 0.1627
v  1.0285 2.2224 0.1697
v  1.0617 2.2089 0.2725
v  1.1470 2.1866 0.2472
v  0.2936 1.7074 0.9863
v  0.1277 1.7098 1.0765
v  0.1155 1.6536 1.0316
v  0.2758 1.6533 0.9473
v  1.1867 4.7880 1.9811
v  1.2240 4.7149 1.9681
v  1.0482 4.6275 1.9736
v  1.0015 4.7271 1.9790
v  1.2521 4.6348 1.9601
v  1.0772 4.5352 1.9700
v  1.2537 4.5650 1.9209
v  1.0604 4.4826 1.9156
v  1.2396 4.4828 1.8227
v  1.0430 4.4130 1.8280
v  0.4749 3.9401 2.4158
v  0.4799 3.9918 2.4833
v  0.1384 3.8487 2.6147
v  0.1361 3.7974 2.5458
v  0.1376 3.7359 2.4686
v  0.4702 3.8766 2.3408
v  0.1431 1.9707 1.1577
v  0.1400 2.0339 1.1597
v  0.1622 1.9140 1.1863
v  0.3454 1.9409 1.0921
v  0.3267 1.9971 1.0656
v  0.3218 2.0594 1.0752
v  0.0203 6.1151 3.6999
v  -0.0506 6.1500 3.7495
v  0.0930 6.3019 3.7403
v  0.1693 6.2672 3.6835
v  -1.1283 6.6847 5.4176
v  -1.0608 6.6440 5.5041
v  -1.1483 6.5014 5.4573
v  -1.2196 6.5435 5.3583
v  -1.0388 6.4495 5.5105
v  -0.9666 6.6009 5.5598
v  -0.9083 6.3798 5.5008
v  -0.8501 6.5406 5.5524
v  -0.7706 6.5058 5.4397
v  -0.8114 6.3294 5.3841
v  -0.7407 6.4695 5.2956
v  -0.7232 6.4406 5.1605
v  -0.7654 6.2889 5.2319
v  -0.7633 6.2735 5.0879
v  -0.7595 6.2842 5.0072
v  -0.7111 6.4364 5.0798
v  -0.6667 6.4513 4.9912
v  -0.7163 6.3014 4.9253
v  0.6975 5.6885 3.4939
v  0.7077 5.6533 3.4140
v  0.8152 5.7976 3.4073
v  0.8135 5.8482 3.4979
v  0.8263 5.7170 3.2823
v  0.7119 5.5959 3.3093
v  1.1166 4.6119 2.5808
v  1.3509 4.6744 2.4781
v  1.3026 4.7553 2.4990
v  1.0690 4.7008 2.6075
v  1.2290 4.8785 2.5433
v  1.0063 4.8187 2.6594
v  1.4152 4.5781 2.4764
v  1.1914 4.4919 2.6100
v  -0.7748 5.5834 4.4409
v  -0.9041 5.2496 4.3442
v  -0.8145 5.2568 4.2690
v  -0.6694 5.5823 4.3469
v  -0.7150 5.2509 4.1836
v  -0.5433 5.5692 4.2407
v  -0.5930 5.2152 4.0755
v  -0.3669 5.5295 4.1099
v  0.8222 5.2490 2.9320
v  0.9788 5.3470 2.8424
v  0.8803 5.5628 3.0695
v  0.7454 5.4564 3.1227
v  1.1058 5.0982 2.6574
v  0.9155 5.0194 2.7710
v  -0.0333 1.0771 0.6707
v  0.1143 1.0742 0.5940
v  -0.0739 0.8754 0.5588
v  0.0642 0.8733 0.4822
v  1.0140 1.7697 0.0364
v  0.9120 1.7701 0.0837
v  0.9522 1.6065 -0.0726
v  0.8369 1.6105 -0.0118
v  0.6072 1.4537 -0.0380
v  0.6771 1.4604 -0.0825
v  0.6181 1.2817 -0.2016
v  0.5509 1.2690 -0.1554
v  0.6746 1.6079 0.0735
v  0.7485 1.6108 0.0333
v  0.7642 1.4627 -0.1320
v  0.7007 1.2905 -0.2536
v  0.7717 1.9050 0.1478
v  0.8552 1.9295 0.1119
v  0.8279 1.7602 0.1225
v  0.7502 1.7461 0.1586
v  0.6024 1.6032 0.1174
v  0.6697 1.7354 0.1955
v  0.6940 1.8823 0.1941
v  0.8818 1.4609 -0.1974
v  0.8106 1.2943 -0.3204
v  0.5405 1.4440 0.0097
v  0.4860 1.2548 -0.1074
v  0.5062 1.0545 -0.2582
v  0.4742 0.8576 -0.3401
v  0.4111 0.8496 -0.2935
v  0.4415 1.0429 -0.2113
v  0.5095 0.4367 -0.5996
v  0.5832 0.4343 -0.6438
v  0.5515 0.3450 -0.6776
v  0.4767 0.3467 -0.6287
v  0.6329 0.3453 -0.7227
v  0.6621 0.4304 -0.6859
v  0.5240 0.2314 -0.7177
v  0.4222 0.2790 -0.6837
v  0.4953 0.2965 -0.7998
v  0.4283 0.3048 -0.7628
v  0.3849 0.3276 -0.7507
v  0.3602 0.3277 -0.7170
v  0.3250 0.3277 -0.6847
v  0.2864 0.3346 -0.6517
v  0.3218 0.2942 -0.5902
v  0.3684 0.2809 -0.6281
v  0.2771 0.3109 -0.5534
v  0.2498 0.3479 -0.6182
v  0.3984 0.8359 0.2365
v  0.4921 0.8331 0.1417
v  0.5500 1.0557 0.2375
v  0.4597 1.0501 0.3371
v  0.6246 1.2655 0.3470
v  0.5301 1.2567 0.4455
v  0.2405 0.8522 0.3644
v  0.3168 0.8425 0.3070
v  0.3843 1.0453 0.4200
v  0.3103 1.0452 0.4900
v  0.4470 1.2522 0.5251
v  0.3635 1.2558 0.5877
v  0.2729 1.2671 0.6396
v  0.2241 1.0594 0.5407
v  0.1613 0.8653 0.4182
v  0.5050 1.4411 0.6177
v  0.4142 1.4441 0.6780
v  0.5985 1.4423 0.5448
v  0.6644 1.5757 0.6346
v  0.5609 1.5808 0.7007
v  0.4651 1.5801 0.7637
v  0.3650 1.5846 0.8202
v  0.3197 1.4512 0.7328
v  0.8287 1.6323 0.6144
v  0.7117 1.6438 0.6965
v  0.7758 1.5757 0.5473
v  0.6021 1.6592 0.7562
v  0.6424 1.6653 0.8311
v  0.5300 1.7024 0.8685
v  0.5003 1.6575 0.8182
v  0.7025 1.4471 0.4528
v  1.2310 4.3440 1.6340
v  1.0509 4.2898 1.6517
v  1.2290 4.1464 1.3982
v  1.0691 4.1123 1.4236
v  0.3996 1.6507 0.8835
v  0.4217 1.7035 0.9228
v  1.2249 3.9072 1.1498
v  1.2173 3.6198 0.9177
v  1.0926 3.5928 0.9590
v  1.0830 3.8792 1.1831
v  0.9582 3.8427 1.2251
v  0.9313 4.0702 1.4639
v  0.9820 3.5601 1.0054
v  0.8768 3.5280 1.0494
v  0.8453 3.8005 1.2732
v  0.8112 4.0180 1.5181
v  0.1404 3.6222 2.3296
v  0.4546 3.7511 2.2077
v  0.1556 3.4570 2.1546
v  0.4299 3.5864 2.0251
v  0.7253 3.7664 1.3115
v  0.7646 3.5026 1.0829
v  0.6827 3.9777 1.5607
v  0.1777 3.2610 1.9538
v  0.4203 3.3780 1.8244
v  0.1895 3.0508 1.7539
v  0.4069 3.1515 1.6269
v  0.5748 3.4538 1.7410
v  0.5972 3.6701 1.9460
v  0.5538 3.2135 1.5443
v  0.6678 3.2540 1.4870
v  0.6885 3.5060 1.6839
v  0.7132 3.7291 1.8940
v  0.8036 3.5579 1.6269
v  0.7836 3.2927 1.4322
v  0.8324 3.7849 1.8446
v  1.2009 3.2873 0.7237
v  1.0939 3.2621 0.7755
v  1.1869 2.9356 0.5702
v  1.0916 2.9186 0.6227
v  0.8881 3.2139 0.8698
v  0.9939 3.2339 0.8310
v  0.9914 2.9061 0.6710
v  0.8823 2.9020 0.7028
v  0.7749 2.8925 0.7411
v  0.7792 3.1958 0.9038
v  0.1952 2.8245 1.6041
v  0.1679 2.6131 1.4506
v  0.3587 2.6804 1.3323
v  0.3897 2.9138 1.4738
v  0.6036 2.7491 1.1979
v  0.6401 2.9965 1.3354
v  0.5290 2.9647 1.3922
v  0.4982 2.7190 1.2588
v  1.1469 4.8502 2.0108
v  1.1106 4.9059 2.0748
v  0.9535 4.8225 2.0241
v  0.9175 4.8979 2.1143
v  0.7532 3.0265 1.2820
v  0.7110 2.7751 1.1430
v  1.0848 4.9542 2.1825
v  1.0445 5.0348 2.2577
v  0.8958 4.9507 2.2326
v  0.8690 5.0101 2.3266
v  0.5830 4.8209 2.2136
v  0.6005 4.8471 2.3316
v  0.7282 4.9268 2.2721
v  0.7261 4.8956 2.1375
v  0.7337 4.9459 2.3816
v  0.6088 4.8751 2.4178
v  0.1745 1.8484 1.1978
v  0.1759 1.7822 1.1862
v  0.3481 1.7948 1.0962
v  0.3543 1.8688 1.1083
v  0.4629 4.7297 2.2909
v  0.4853 4.7561 2.3897
v  0.4854 4.8012 2.4557
v  0.6704 2.0334 0.1365
v  0.7610 2.0495 0.0875
v  0.5628 2.0374 0.2064
v  0.6563 2.1972 0.1183
v  0.5470 2.1891 0.2043
v  0.7633 2.2034 0.0713
v  0.1597 1.7307 1.1429
v  0.3232 1.7443 1.0457
v  0.8783 2.1982 0.0621
v  0.8593 2.0678 0.0590
v  0.4153 2.2434 0.4201
v  0.3975 2.1849 0.3347
v  0.5780 2.3086 0.3006
v  0.7005 2.3468 0.2155
v  0.7618 2.3441 0.3652
v  0.8206 2.3332 0.1748
v  0.8727 2.3179 0.3243
v  0.4029 2.0793 0.3005
v  0.8916 2.3872 0.4674
v  0.8835 2.6111 0.5585
v  0.9875 2.6026 0.5192
v  0.9918 2.3646 0.4268
v  1.0878 2.5950 0.4832
v  1.0859 2.3476 0.3835
v  0.9710 2.2585 0.2979
v  0.9327 2.2778 0.1688
v  0.7782 2.6152 0.6000
v  0.7880 2.4043 0.5086
v  1.1619 2.2312 0.2875
v  1.1677 2.3463 0.3363
v  1.0788 2.2449 0.3219
v  0.9862 2.2763 0.3584
v  0.8862 2.3193 0.3901
v  1.1786 2.5981 0.4425
v  0.7788 2.3485 0.4280
v  0.1341 2.0987 1.1661
v  0.3193 2.1241 1.0834
v  0.3157 2.2414 1.1070
v  0.1305 2.2074 1.2027
v  0.1430 2.3941 1.3060
v  0.3241 2.4478 1.1900
v  -0.1401 5.9180 3.4669
v  -0.1820 5.9253 3.5674
v  -0.0783 6.0217 3.5982
v  -0.0339 6.0154 3.5067
v  -0.1085 6.0149 3.6730
v  -0.2035 5.9161 3.6470
v  0.0583 6.1109 3.6266
v  0.1000 6.1009 3.5417
v  0.0656 5.7510 3.3459
v  -0.0202 5.6323 3.3425
v  -0.1303 5.7255 3.3530
v  -0.0491 5.8552 3.3575
v  -0.2149 5.7874 3.4541
v  0.3318 6.1724 3.4315
v  0.2506 6.2277 3.5214
v  0.4315 6.0888 3.4069
v  0.2759 5.9682 3.3990
v  0.1776 6.0514 3.4410
v  0.1601 5.8586 3.3746
v  0.0538 5.9563 3.4039
v  0.2094 6.2507 3.6065
v  -0.2501 5.7978 3.5550
v  -0.2674 5.7927 3.6349
v  0.7322 6.0685 3.8597
v  0.8115 5.9346 3.7654
v  0.6312 6.2171 3.8675
v  0.4669 6.0917 3.8839
v  0.5815 5.9385 3.8797
v  0.6836 5.7794 3.7959
v  0.8233 5.8793 3.6250
v  0.7251 5.6972 3.6452
v  0.3846 4.4378 2.9119
v  0.3398 4.5964 3.0193
v  -0.0132 4.4031 3.1063
v  0.0192 4.2608 3.0047
v  -0.0416 4.5557 3.2407
v  0.2944 4.7836 3.1594
v  0.0855 4.1186 2.9103
v  0.0519 4.1789 2.9513
v  0.4186 4.3554 2.8589
v  0.4440 4.2990 2.8031
v  0.8110 4.4742 2.7280
v  0.9619 4.5437 2.6958
v  0.9049 4.6288 2.6923
v  0.7645 4.5511 2.7407
v  0.8521 4.7362 2.7445
v  0.7197 4.6485 2.7927
v  0.6504 4.8303 2.8935
v  0.5274 4.7341 2.9408
v  0.5869 4.5610 2.8383
v  0.4628 4.9429 3.0775
v  0.5782 5.0450 3.0349
v  0.6270 4.4714 2.7884
v  0.6612 4.4056 2.7501
v  1.0937 4.1394 2.1533
v  1.0492 4.0300 1.9845
v  1.3434 4.1115 1.9156
v  1.3749 4.2558 2.0755
v  0.7761 4.9256 2.8492
v  0.6957 5.1463 2.9938
v  0.6375 3.8340 2.1354
v  0.6676 3.9537 2.2761
v  0.7517 3.9005 2.0847
v  0.7924 4.0083 2.2390
v  1.3901 4.3288 2.1792
v  1.1166 4.1965 2.2567
v  0.9421 4.1104 2.3019
v  0.9154 4.0654 2.2021
v  0.9772 4.1240 2.3907
v  0.8463 4.0625 2.4175
v  0.8156 4.0516 2.3311
v  0.8719 3.9592 2.0404
v  0.4517 4.1814 2.0419
v  0.4717 4.0696 1.8675
v  0.1711 3.9840 1.9710
v  0.1452 4.1057 2.1344
v  0.6839 4.0040 2.3596
v  0.7001 4.0388 2.4338
v  0.9041 4.2396 1.6898
v  0.8856 4.3614 1.8564
v  0.7796 4.1850 1.7441
v  0.7597 4.3026 1.9126
v  0.1295 4.1686 2.2191
v  0.1140 4.2051 2.2631
v  0.4353 4.2990 2.1740
v  0.4445 4.2462 2.1276
v  0.6176 4.3769 2.0707
v  0.6263 4.3204 2.0403
v  0.7547 4.3793 1.9757
v  0.7507 4.4350 1.9968
v  0.6317 4.2511 1.9658
v  0.6500 4.1395 1.7914
v  0.5502 4.9779 2.5358
v  0.4538 5.1211 2.6706
v  0.5585 5.2095 2.6446
v  0.6626 5.0565 2.5085
v  0.3491 5.2974 2.8644
v  0.4466 5.3952 2.8437
v  0.5460 5.5032 2.7994
v  0.6659 5.3039 2.5858
v  0.7804 5.1360 2.4441
v  0.9019 4.4859 1.9541
v  0.8927 4.4345 1.9257
v  0.3466 5.0359 2.6934
v  0.4365 4.9012 2.5623
v  0.2456 5.2045 2.8779
v  1.0101 5.0935 2.2945
v  0.9457 5.1892 2.3555
v  0.8385 5.0564 2.3767
v  0.7157 4.9815 2.4407
v  0.5953 4.9095 2.4680
v  0.8141 5.3860 2.5039
v  0.6817 5.6083 2.7435
v  0.1337 4.0400 2.8780
v  0.5029 4.2007 2.7800
v  0.1941 3.9378 2.8676
v  0.5577 4.0810 2.7498
v  0.4731 4.8389 2.4947
v  1.0499 4.1389 2.5353
v  1.0565 4.2767 2.6343
v  0.9178 4.2145 2.6725
v  0.9123 4.0773 2.5650
v  0.1849 3.8661 2.7497
v  0.5489 3.9817 2.6319
v  0.7721 4.0299 2.5871
v  0.7823 4.1513 2.7095
v  0.7233 4.2952 2.7338
v  0.8765 4.3537 2.7268
v  -0.0073 4.4261 2.3371
v  0.2715 4.5793 2.2409
v  0.0350 4.3317 2.3067
v  0.3147 4.4789 2.1759
v  1.0227 4.4187 2.6901
v  0.7546 4.8113 2.0168
v  0.8135 4.6871 1.9632
v  0.6577 4.6234 2.0341
v  0.6013 4.7427 2.0944
v  0.3821 4.3818 2.1753
v  0.0826 4.2593 2.2966
v  0.7138 4.5179 2.0120
v  0.5775 4.4606 2.0942
v  0.5166 4.5597 2.1103
v  0.4617 4.6714 2.1686
v  0.1383 5.6892 3.3445
v  0.2328 5.7909 3.3664
v  0.3449 5.8975 3.3852
v  0.3946 5.8207 3.2820
v  0.2812 5.7231 3.2685
v  0.1896 5.6218 3.2630
v  0.8703 4.5725 1.9569
v  0.0482 5.5811 3.3341
v  0.1066 5.5110 3.2701
v  0.5251 5.9394 3.2754
v  0.5847 5.8011 3.0290
v  0.4547 5.6867 3.0564
v  0.3530 5.5789 3.0742
v  0.2674 5.4715 3.0910
v  0.4949 6.0112 3.4019
v  0.2147 5.0952 3.4204
v  0.2151 5.1532 3.5022
v  -0.1186 4.8120 3.5533
v  -0.1071 4.7694 3.4810
v  -0.0789 4.6823 3.3690
v  0.2400 4.9661 3.2905
v  0.1745 5.3695 3.0999
v  0.6270 5.3507 3.1628
v  0.6006 5.4877 3.3319
v  0.4902 5.3859 3.3523
v  0.5121 5.2485 3.1914
v  0.4966 5.4396 3.4470
v  0.3880 5.3421 3.4658
v  0.3818 5.2827 3.3742
v  0.3877 5.3688 3.5457
v  0.4991 5.4616 3.5273
v  0.4033 5.1430 3.2247
v  -0.1834 6.2948 4.2540
v  -0.2764 6.1209 4.2421
v  -0.0519 6.0820 4.0751
v  0.0575 6.2556 4.0777
v  -0.1426 5.9127 4.0916
v  -0.3591 5.9551 4.2430
v  0.0682 5.8622 3.9923
v  0.1658 6.0324 3.9687
v  0.2826 6.2046 3.9528
v  0.5989 5.5417 3.4266
v  0.5950 5.5665 3.5061
v  -0.4376 5.7888 4.2495
v  -0.2302 5.7448 4.1129
v  -0.0236 5.6891 4.0280
v  0.5611 6.3090 3.8923
v  0.3969 6.1630 3.9072
v  0.4343 6.3806 3.9451
v  -0.0688 6.4780 4.2946
v  0.1911 6.4394 4.0964
v  -0.5956 5.3278 3.6095
v  -0.4017 5.6239 3.6684
v  -0.6498 5.3590 3.6809
v  -0.4728 5.6691 3.7397
v  -0.6148 6.1567 4.0561
v  -0.5532 6.2709 4.0797
v  -0.4009 6.1763 3.9250
v  -0.4630 6.0614 3.9066
v  -0.2429 6.0801 3.8108
v  -0.3070 5.9645 3.7945
v  -0.2293 5.9201 3.7171
v  -0.2902 5.7989 3.7049
v  -0.3655 5.8446 3.7821
v  -0.8524 5.4809 3.8724
v  -0.7488 5.4187 3.7709
v  -0.6091 5.7558 3.8529
v  -0.7444 5.8407 3.9891
v  -0.6682 6.0368 4.0433
v  -0.5184 5.9420 3.8976
v  -0.1521 6.0284 3.7384
v  -1.0903 6.6396 4.8800
v  -0.9709 6.7655 4.9760
v  -0.8836 6.7368 4.8917
v  -0.9738 6.5963 4.7891
v  -0.8049 6.7234 4.7810
v  -0.8694 6.5688 4.6736
v  -1.2136 6.3981 4.6589
v  -1.1786 6.5362 4.7571
v  -1.0454 6.4799 4.6810
v  -1.0860 6.3457 4.6065
v  -0.9205 6.4251 4.6056
v  -0.9692 6.2919 4.5531
v  -0.7178 6.7087 4.6367
v  -0.7745 6.5502 4.5437
v  -0.9587 5.5733 4.6422
v  -0.9908 5.5631 4.7136
v  -1.0731 5.2077 4.5831
v  -1.0521 5.2288 4.5112
v  -1.0768 5.1962 4.6627
v  -0.9975 5.5660 4.8005
v  -1.0148 6.1565 4.5044
v  -1.1113 6.1950 4.5614
v  -1.2225 6.2383 4.5994
v  -0.8170 5.9631 4.8017
v  -0.8579 5.9527 4.8733
v  -0.9167 5.7882 4.8052
v  -0.8788 5.7959 4.7349
v  -0.9257 5.7913 4.8921
v  -0.8579 5.9453 4.9586
v  -0.9888 5.2417 4.4277
v  -0.8792 5.5806 4.5445
v  -1.0680 5.6437 5.1058
v  -1.1984 5.6887 5.1993
v  -1.3059 5.2997 4.8824
v  -1.1966 5.2664 4.8480
v  -1.1168 5.2193 4.7691
v  -1.0054 5.5947 4.9536
v  -0.7651 6.1353 4.8633
v  -0.8121 6.1226 4.9379
v  -0.7931 6.1028 5.0245
v  -1.4347 6.3050 5.2533
v  -1.3360 6.4282 5.3119
v  -1.3307 6.4546 5.1742
v  -1.4101 6.3323 5.0950
v  -1.2331 6.5789 5.2482
v  -1.2242 6.6165 5.1309
v  -1.3070 6.4822 5.0411
v  -1.3642 6.3492 4.9486
v  -1.3850 6.2000 4.8684
v  -1.4347 6.1851 5.0180
v  -1.4679 6.1560 5.1725
v  -1.0855 6.8060 5.0712
v  -1.1826 6.6466 4.9985
v  -1.1478 6.7927 5.2016
v  -1.2629 6.5199 4.8964
v  -1.3119 6.3858 4.7921
v  -1.1491 6.7385 5.3172
v  -0.6270 6.3170 4.7732
v  -0.6842 6.1455 4.7225
v  -0.5726 6.1478 4.5553
v  -0.5036 6.3237 4.5926
v  -0.7343 5.9709 4.6769
v  -0.6230 5.9727 4.5316
v  -1.3289 6.2334 4.7127
v  -0.7956 5.8025 4.6236
v  -0.6847 5.8038 4.4996
v  -0.2586 6.5017 4.4721
v  -0.3609 6.3152 4.4251
v  -0.4118 6.5055 4.6455
v  -0.4403 6.1395 4.4015
v  -0.5085 5.9712 4.3896
v  -0.5609 6.4841 4.8303
v  -0.9297 6.1513 4.3858
v  -0.9954 5.9369 4.2969
v  -0.8733 6.2769 4.4384
v  -0.7881 6.2610 4.3105
v  -0.8401 6.1368 4.2666
v  -0.9048 5.9283 4.1908
v  -0.5757 5.8030 4.3795
v  -0.8184 6.4038 4.4891
v  -0.7290 6.3807 4.3606
v  -0.9304 5.5291 3.9626
v  -0.8310 5.8963 4.0966
v  -1.0033 5.5558 4.0448
v  -0.7622 6.0988 4.1615
v  -0.7112 6.2209 4.1891
v  -1.0905 5.5525 4.1250
v  -0.6508 6.3370 4.2262
v  -0.1660 0.0354 0.1850
v  -0.0643 0.0217 0.1361
v  -0.0795 0.0908 0.1315
v  -0.1713 0.0981 0.2064
v  -0.1507 -0.0187 0.1913
v  -0.0405 -0.0277 0.1629
v  0.0176 0.0041 0.1052
v  0.0873 -0.0139 0.0756
v  0.0581 0.0479 0.0235
v  0.0142 0.0683 0.1113
v  0.0382 -0.0409 0.1328
v  0.0919 -0.0605 0.0890
v  0.1429 -0.0328 0.0218
v  0.1503 -0.0723 0.0489
v  0.1646 0.0291 0.0443
v  0.5865 1.7727 1.0158
v  0.6994 1.7473 0.9936
v  0.7158 1.8419 1.0390
v  0.5992 1.8577 1.0520
v  0.7102 1.9468 1.0239
v  0.5967 1.9506 1.0464
v  0.4849 1.9517 1.0618
v  0.4882 1.8694 1.0677
v  0.4768 1.7916 1.0421
v  0.6734 1.6903 0.9154
v  0.5621 1.7201 0.9494
v  0.4506 1.7449 0.9829
v  0.4654 2.0098 1.0265
v  0.5804 2.0189 1.0133
v  0.5569 2.0782 0.9609
v  0.4445 2.0700 0.9939
v  0.5693 2.2946 0.9959
v  0.5807 2.5030 1.0774
v  0.4677 2.4788 1.1257
v  0.4524 2.2733 1.0361
v  0.6527 2.1797 0.9002
v  0.6676 2.0888 0.9325
v  0.6722 2.3128 0.9529
v  0.5523 2.1663 0.9472
v  0.6911 2.0238 0.9828
v  0.4478 2.1481 1.0064
v  0.6818 2.5278 1.0224
v  0.2755 6.0018 3.9263
v  0.1811 5.8303 3.9643
v  0.3495 5.9405 3.9120
v  0.2609 5.7741 3.9653
v  0.6309 5.5588 3.6655
v  0.5289 5.4465 3.6836
v  0.5849 5.6370 3.8288
v  0.4893 5.5056 3.8545
v  0.2845 5.4880 3.9977
v  0.1651 5.6031 4.0009
v  0.3719 5.3891 3.8621
v  0.3919 5.6385 3.9803
v  0.0850 5.6557 3.9946
v  0.4812 5.7912 3.9349
v  0.4065 5.3543 3.6941
v  -1.2652 6.3688 5.4535
v  -1.3764 6.2256 5.4286
v  -1.2063 6.1241 5.4950
v  -1.1206 6.2883 5.5164
v  -1.4228 6.0745 5.3269
v  -1.2772 5.9818 5.3927
v  -1.1083 5.9075 5.3595
v  -0.9793 5.8625 5.2304
v  -0.8960 5.9924 5.3055
v  -1.0305 6.0473 5.4398
v  -0.9605 6.2092 5.4859
v  -0.8287 6.1475 5.3607
v  -0.7963 6.1179 5.1769
v  -0.8654 5.9657 5.1165
v  -0.9303 5.8187 5.0548
v  0.0734 8.3047 5.4625
v  0.1213 8.3324 5.5037
v  -0.1343 8.3776 5.7376
v  -0.1053 8.4625 5.8198
v  -0.3472 8.4821 5.9139
v  -0.2465 8.4877 5.8882
v  -0.2699 8.4028 5.8393
v  -0.3732 8.3997 5.8632
v  -0.4968 8.4106 6.0819
v  -0.4457 8.4583 5.9817
v  -0.4779 8.3753 5.9308
v  -0.5309 8.3215 6.0334
v  -0.5060 8.3596 6.1864
v  -0.5399 8.2671 6.1366
v  -0.4967 8.2100 6.2343
v  -0.4630 8.3042 6.2859
v  -0.3864 8.1566 6.2984
v  -0.3572 8.2514 6.3565
v  -0.2665 8.1049 6.3285
v  -0.2331 8.2034 6.3790
v  -0.0518 8.1259 6.2687
v  -0.1302 8.1519 6.3502
v  -0.1677 8.0526 6.3025
v  -0.0975 8.0317 6.2201
v  -0.0564 8.0563 6.1184
v  -0.0153 8.1486 6.1657
v  -0.0443 8.1066 6.0228
v  -0.0036 8.1962 6.0738
v  0.2593 8.1317 5.5352
v  0.0734 8.1557 5.8298
v  0.3248 8.2595 5.5780
v  0.1256 8.2929 5.9106
v  -0.0039 8.1379 5.9632
v  0.0438 8.2364 6.0157
v  0.2227 8.3497 5.5374
v  0.0558 8.4227 5.8365
v  -0.2876 8.6955 6.0665
v  -0.1975 8.6878 6.0356
v  -0.2257 8.5859 5.9583
v  -0.3232 8.5892 5.9850
v  -0.1057 8.6550 6.0313
v  -0.1223 8.5693 5.9485
v  -0.4081 8.5719 6.0550
v  -0.3568 8.6869 6.1322
v  -0.4531 8.5384 6.1520
v  -0.3969 8.6699 6.2192
v  -0.4545 8.4979 6.2583
v  -0.3925 8.6429 6.3212
v  -0.4054 8.4532 6.3555
v  -0.3426 8.6127 6.4127
v  -0.3068 8.4143 6.4191
v  -0.2550 8.5885 6.4703
v  -0.1927 8.3780 6.4319
v  -0.1517 8.5613 6.4841
v  0.0122 8.4843 6.3726
v  -0.0577 8.5216 6.4433
v  -0.0915 8.3295 6.4049
v  -0.0045 8.2927 6.3349
v  -0.3033 8.7925 6.1855
v  -0.2370 8.7953 6.1336
v  -0.3407 8.7801 6.2591
v  -0.2887 8.8346 6.2820
v  -0.2425 8.8580 6.2482
v  -0.1770 8.8654 6.2151
v  -0.3397 8.7616 6.3497
v  -0.2729 8.8382 6.3487
v  -0.2941 8.7402 6.4297
v  -0.2573 8.8090 6.4143
v  0.0413 8.4643 6.2246
v  0.0452 8.4646 6.2962
v  0.0301 8.2970 6.2379
v  0.0396 8.3208 6.1557
v  -0.2127 8.7246 6.4815
v  -0.1890 8.8247 6.4381
v  -0.1127 8.7044 6.4962
v  -0.0969 8.8109 6.4399
v  -0.2013 8.8765 6.3431
v  -0.1209 8.8807 6.3327
v  -0.0239 8.7864 6.1997
v  -0.1003 8.8431 6.2023
v  -0.0501 8.8502 6.3158
v  -0.0018 8.7986 6.2965
v  -0.0216 8.7838 6.4139
v  0.0324 8.7432 6.3672
v  -0.0271 8.6699 6.4543
v  0.0321 8.6315 6.3893
v  -0.0001 8.5168 6.1071
v  0.0452 8.4121 6.0317
v  -0.0127 8.5009 5.9792
v  -0.0368 8.5803 6.0549
v  -0.1524 8.7830 6.1098
v  -0.0772 8.7367 6.1111
v  0.0225 8.4810 6.1618
v  0.0478 8.6687 6.2703
v  0.0513 8.5861 6.2601
v  0.0283 8.6131 6.2061
v  0.0247 8.7153 6.2417
v  -0.0022 8.6491 6.1551
v  -0.0330 8.6647 6.1085
v  0.0496 8.6958 6.3138
v  0.0248 8.7527 6.2858
v  0.0550 8.5977 6.3201
v  -0.5796 0.9898 -0.0031
v  -0.6088 1.1594 0.1062
v  -0.4201 1.1097 0.1820
v  -0.4058 0.9324 0.0854
v  -0.7170 1.1019 0.1530
v  -0.6929 0.9391 0.0343
v  -0.1598 1.0715 0.1235
v  -0.1654 0.9027 0.0111
v  0.1798 0.3678 -0.4041
v  0.2655 0.3600 -0.4619
v  0.0516 0.3838 -0.3452
v  0.2009 0.4407 -0.3848
v  0.0662 0.4574 -0.3214
v  0.2896 0.4356 -0.4432
v  0.2086 0.5285 -0.3456
v  0.3024 0.5227 -0.4039
v  0.0664 0.5472 -0.2806
v  0.2108 0.6274 -0.2945
v  0.0617 0.6488 -0.2283
v  0.3109 0.6199 -0.3527
v  0.0591 0.7476 -0.1709
v  0.2138 0.7252 -0.2416
v  0.3186 0.7175 -0.3021
v  0.9363 1.0593 -0.5418
v  0.8460 1.0731 -0.4877
v  1.0284 1.0389 -0.5878
v  0.9305 0.8209 -0.6326
v  0.8543 0.8420 -0.5934
v  0.7816 0.8601 -0.5491
v  0.7095 0.3521 -0.7563
v  0.7891 0.3620 -0.7853
v  0.7349 0.4275 -0.7205
v  0.8105 0.4247 -0.7530
v  0.7632 0.5128 -0.6826
v  0.8364 0.5025 -0.7171
v  0.6929 0.5217 -0.6464
v  0.7899 0.6075 -0.6501
v  0.7208 0.6209 -0.6127
v  0.8620 0.5924 -0.6851
v  1.1352 1.0144 -0.6260
v  1.0287 0.8015 -0.6693
v  1.2434 0.9821 -0.6449
v  1.1366 0.7802 -0.6962
v  0.7457 0.7211 -0.5842
v  0.8134 0.7039 -0.6236
v  0.8846 0.6850 -0.6598
v  1.3321 0.9424 -0.6330
v  1.2406 0.7518 -0.7005
v  1.2549 0.4092 -0.9371
v  1.1903 0.4733 -0.9689
v  1.1375 0.4310 -0.9151
v  1.1820 0.3685 -0.8875
v  1.1176 0.5272 -0.9780
v  1.0851 0.3789 -0.8796
v  1.1595 0.3914 -0.8291
v  1.2729 0.6017 -0.7225
v  1.3279 0.5663 -0.6938
v  1.2889 0.4886 -0.7282
v  1.2339 0.5240 -0.7566
v  1.3647 0.5301 -0.6622
v  1.3246 0.4483 -0.6945
v  1.1588 0.2954 -0.8422
v  1.1980 0.2624 -0.7967
v  1.2628 0.2467 -0.8475
v  1.2628 0.3217 -0.8984
v  1.2142 0.3551 -0.7893
v  1.2452 0.3092 -0.7534
v  1.2487 0.4142 -0.7605
v  1.2819 0.3709 -0.7244
v  1.1954 0.4500 -0.7915
v  1.3787 0.4948 -0.6072
v  1.3383 0.4052 -0.6419
v  1.3198 0.4863 -0.5662
v  1.2906 0.3835 -0.5935
v  1.2904 0.1900 -0.7890
v  1.2333 0.2093 -0.7469
v  1.2311 0.1626 -0.7070
v  1.2980 0.1242 -0.7312
v  1.2631 0.2537 -0.7064
v  1.2395 0.2056 -0.6589
v  1.2939 0.3207 -0.6753
v  1.2596 0.2842 -0.6247
v  1.2505 0.4750 -0.5588
v  1.2285 0.3695 -0.5810
v  1.1527 0.4487 -0.5478
v  1.1372 0.3427 -0.5719
v  1.2041 0.0750 -0.7008
v  1.1861 0.1261 -0.6871
v  1.0907 0.0926 -0.6852
v  1.0933 0.0343 -0.7063
v  1.1870 0.1809 -0.6459
v  1.1001 0.1528 -0.6451
v  1.2049 0.2660 -0.6090
v  1.1182 0.2390 -0.6040
v  1.0122 0.4003 -0.5212
v  0.9925 0.2903 -0.5504
v  0.8456 0.3516 -0.4530
v  0.8198 0.2377 -0.4878
v  0.7171 0.6592 -0.2382
v  0.6884 0.4686 -0.2907
v  0.5590 0.6362 -0.0741
v  0.5282 0.4542 -0.1360
v  0.7605 -0.0229 -0.6023
v  0.7823 -0.0713 -0.5922
v  0.9462 -0.0221 -0.6813
v  0.9338 0.0399 -0.6819
v  0.9429 0.0996 -0.6410
v  0.7656 0.0367 -0.5705
v  0.9667 0.1853 -0.5920
v  0.7888 0.1278 -0.5306
v  0.6012 0.0055 -0.4360
v  0.5950 -0.0563 -0.4617
v  0.6143 -0.1000 -0.4519
v  0.4821 0.2090 -0.2224
v  0.6426 0.2135 -0.3654
v  0.6676 0.3268 -0.3269
v  0.5056 0.3188 -0.1806
v  0.4643 0.0956 -0.2576
v  0.6173 0.1007 -0.4046
v  0.4425 0.6299 0.0560
v  0.4033 0.4572 -0.0141
v  0.3472 0.6371 0.1503
v  0.3006 0.4719 0.0736
v  0.2563 0.2298 -0.0017
v  0.3554 0.2168 -0.0998
v  0.3768 0.3263 -0.0618
v  0.2738 0.3416 0.0285
v  0.2425 0.1157 -0.0275
v  0.3354 0.1047 -0.1353
v  -0.2285 0.6625 0.5623
v  -0.3359 0.6224 0.6660
v  -0.3592 0.4682 0.5749
v  -0.2458 0.5011 0.4785
v  -0.4757 0.6068 0.7182
v  -0.5047 0.4693 0.6210
v  -0.5445 0.2798 0.4922
v  -0.3974 0.2693 0.4367
v  -0.3801 0.3589 0.5000
v  -0.5264 0.3652 0.5507
v  -0.2596 0.3820 0.4155
v  -0.2707 0.2832 0.3645
v  -0.5640 0.2086 0.4249
v  -0.4130 0.1786 0.3756
v  -0.2815 0.1842 0.3151
v  -0.6499 0.6259 0.7095
v  -0.6720 0.5202 0.6178
v  -0.7782 0.7180 0.5999
v  -0.8006 0.6212 0.5274
v  -0.8405 0.4631 0.4647
v  -0.7016 0.3673 0.4900
v  -0.6854 0.4406 0.5464
v  -0.8234 0.5316 0.5036
v  -1.0433 0.6983 0.5304
v  -1.0282 0.7702 0.5939
v  -1.0511 0.8160 0.5356
v  -1.0562 0.7404 0.4805
v  -0.8586 0.3984 0.4254
v  -0.7194 0.2987 0.4360
v  -0.9433 0.6542 0.5454
v  -0.9212 0.7390 0.6044
v  -1.0533 0.5733 0.4513
v  -0.9683 0.5307 0.4658
v  -0.9576 0.5880 0.5031
v  -1.0472 0.6354 0.4847
v  -1.0604 0.5123 0.4176
v  -0.9800 0.4743 0.4268
v  -1.1396 0.4047 0.3974
v  -1.0953 0.4796 0.3519
v  -1.1119 0.4987 0.3096
v  -1.1575 0.4573 0.3336
v  -1.0884 0.5381 0.3752
v  -1.0770 0.6044 0.4075
v  -1.0755 0.6249 0.3605
v  -1.0939 0.5551 0.3243
v  -1.0658 0.6707 0.4401
v  -1.0539 0.6934 0.3977
v  -1.1682 0.5321 0.2373
v  -1.0568 0.4907 0.1200
v  -1.0985 0.5892 0.1382
v  -1.0942 0.5177 0.2419
v  -1.1720 0.4826 0.2830
v  0.3244 0.3541 -0.5073
v  0.3723 0.3494 -0.5466
v  0.3517 0.4346 -0.4880
v  0.4016 0.4350 -0.5247
v  0.3690 0.5230 -0.4492
v  0.4229 0.5257 -0.4863
v  0.3817 0.6207 -0.4011
v  0.4394 0.6246 -0.4413
v  0.4515 0.4363 -0.5610
v  0.4204 0.3473 -0.5860
v  0.6490 1.0734 -0.3564
v  0.6092 0.8702 -0.4361
v  0.5378 0.8655 -0.3863
v  0.5724 1.0653 -0.3043
v  0.3927 0.7199 -0.3540
v  0.4536 0.7253 -0.3977
v  0.7456 1.0765 -0.4212
v  0.6950 0.8690 -0.4937
v  0.6642 0.7308 -0.5359
v  0.5829 0.7335 -0.4851
v  0.6404 0.6287 -0.5676
v  0.5618 0.6311 -0.5209
v  0.4971 0.6288 -0.4800
v  0.5148 0.7308 -0.4402
v  0.1365 0.5069 0.1749
v  0.2146 0.4883 0.1322
v  0.2618 0.6505 0.2129
v  0.1825 0.6677 0.2593
v  0.6139 0.5279 -0.6038
v  0.5380 0.5304 -0.5604
v  0.4769 0.5288 -0.5222
v  0.1027 0.2571 0.1093
v  0.1760 0.2417 0.0648
v  0.1910 0.3558 0.0915
v  0.1152 0.3730 0.1343
v  -0.0780 0.1902 0.1479
v  0.0182 0.1633 0.1252
v  0.0274 0.2792 0.1453
v  -0.0652 0.3009 0.1823
v  0.0946 0.1390 0.0947
v  0.1659 0.1256 0.0453
v  -0.0279 0.5339 0.2827
v  0.0597 0.5247 0.2211
v  0.1050 0.6830 0.3100
v  0.0142 0.6903 0.3745
v  0.0385 0.3936 0.1734
v  -0.0509 0.4087 0.2239
v  -0.1107 0.6889 0.4550
v  -0.1437 0.5320 0.3635
v  -0.1576 0.4062 0.3067
v  -0.1638 0.2992 0.2672
v  -0.1692 0.1907 0.2333
v  -0.3145 0.4492 -0.2858
v  -0.3412 0.4673 -0.1761
v  -0.1253 0.4793 -0.2420
v  -0.1290 0.3906 -0.2799
v  -0.1601 0.7796 -0.0695
v  -0.3902 0.7951 0.0188
v  -0.1492 0.6784 -0.1341
v  -0.3739 0.6858 -0.0429
v  -0.4444 0.5216 -0.3596
v  -0.5447 0.5577 -0.4554
v  -0.5056 0.5274 -0.2726
v  -0.6527 0.5782 -0.3864
v  -0.1364 0.5743 -0.1948
v  -0.3565 0.5727 -0.1078
v  -0.5199 0.6349 -0.2088
v  -0.6559 0.6530 -0.2651
v  -0.6658 0.7332 -0.1652
v  -0.5344 0.7469 -0.1450
v  -0.9545 0.8871 0.1267
v  -0.9757 0.9693 0.2596
v  -0.8969 0.9834 0.2616
v  -0.8954 0.8732 0.1179
v  -0.8381 1.0167 0.2364
v  -0.8378 0.8829 0.0913
v  -0.6774 0.8219 -0.0680
v  -0.5549 0.8593 -0.0803
v  -0.7792 1.0516 0.2026
v  -0.7727 0.9042 0.0629
v  -0.7554 0.7239 -0.1436
v  -0.7560 0.6673 -0.2457
v  -0.8307 0.6849 -0.1910
v  -0.8240 0.7335 -0.1051
v  -0.7690 0.6367 -0.3414
v  -0.8505 0.6642 -0.2782
v  -0.8953 0.7081 -0.1364
v  -0.8901 0.7506 -0.0602
v  -0.9134 0.6764 -0.2156
v  -0.9480 0.7423 -0.0925
v  -0.9477 0.7860 -0.0279
v  -0.9481 0.8293 0.0387
v  -0.8924 0.8018 0.0174
v  -0.8302 0.7953 -0.0177
v  -0.7623 0.7998 -0.0469
v  1.0751 0.4174 -0.8318
v  1.0341 0.3671 -0.8571
v  0.9678 0.3692 -0.8402
v  0.9896 0.4154 -0.8155
v  1.1854 0.6317 -0.7376
v  1.0814 0.6523 -0.7247
v  1.1493 0.5493 -0.7661
v  1.0510 0.5645 -0.7499
v  0.8813 0.3679 -0.8153
v  0.8988 0.4198 -0.7871
v  0.9247 0.4912 -0.7525
v  1.0191 0.4803 -0.7823
v  0.9524 0.5784 -0.7206
v  1.1130 0.4713 -0.8009
v  0.9779 0.6687 -0.6956
v  -1.0306 0.6588 -0.0178
v  -1.0198 0.6895 0.0048
v  -1.0265 0.6637 0.0466
v  -1.0425 0.6283 0.0174
v  -1.0163 0.7163 0.3524
v  -1.0385 0.6431 0.3038
v  -0.9930 0.7448 0.2929
v  -1.0102 0.6708 0.2396
v  -0.9848 0.7427 -0.0451
v  -0.9869 0.7841 0.0126
v  -1.0089 0.7331 -0.0002
v  -1.0074 0.7686 0.0518
v  -1.0030 0.8038 0.1012
v  -0.9933 0.8251 0.1642
v  -0.9937 0.8692 0.1483
v  -0.9898 0.8273 0.0697
v  -0.9902 0.9029 0.2666
v  -0.9819 0.8333 0.2526
v  -1.0607 0.5696 0.2553
v  -1.0292 0.5975 0.1838
v  -1.0685 0.6166 0.0747
v  -1.0345 0.6072 0.0858
v  -1.0087 0.7518 0.0869
v  -1.0138 0.7195 0.0442
v  -1.0173 0.6961 0.0867
v  -1.0059 0.7364 0.1286
v  -1.0213 0.6491 0.1301
v  -1.0043 0.7063 0.1799
v  -1.0014 0.7814 0.1164
v  -0.9971 0.7820 0.1578
v  -0.9908 0.7687 0.2218
v  0.0525 8.3560 6.0885
v  -1.1285 0.4210 0.3341
# 3605 vertices

vn -0.7293 0.3414 -0.5929
vn -0.8487 0.2584 -0.4615
vn -0.8480 0.2541 -0.4652
vn -0.7350 0.3643 -0.5719
vn -0.8182 0.2756 -0.5046
vn -0.7629 0.3931 -0.5133
vn -0.8026 0.3030 -0.5138
vn -0.8193 0.2979 -0.4899
vn -0.7623 0.3332 -0.5548
vn -0.7932 0.3090 -0.5247
vn -0.7623 0.3236 -0.5605
vn -0.8243 0.2908 -0.4858
vn -0.8205 0.2955 -0.4894
vn -0.7534 0.3339 -0.5665
vn -0.7416 0.3453 -0.5751
vn 0.0319 0.5145 -0.8569
vn -0.3219 0.4955 -0.8067
vn -0.3400 0.4430 -0.8295
vn -0.0768 0.2568 -0.9634
vn -0.4107 0.4364 -0.8005
vn -0.2485 0.1891 -0.9500
vn -0.1634 0.5529 -0.8171
vn -0.2877 0.5159 -0.8069
vn 0.0716 0.5252 -0.8479
vn 0.1373 0.4773 -0.8679
vn -0.5488 0.5062 -0.6653
vn -0.5415 0.4483 -0.7112
vn -0.4513 0.4883 -0.7469
vn -0.4626 0.5130 -0.7231
vn -0.3966 0.4733 -0.7866
vn -0.4974 0.4281 -0.7545
vn -0.3165 0.5183 -0.7945
vn -0.3391 0.5232 -0.7819
vn -0.3447 0.5069 -0.7901
vn -0.4271 0.5553 -0.7136
vn -0.4955 0.5607 -0.6634
vn -0.4070 0.5246 -0.7477
vn -0.3439 0.5062 -0.7909
vn -0.3228 0.4870 -0.8115
vn -0.3179 0.4763 -0.8198
vn -0.1448 0.5094 -0.8483
vn -0.1731 0.5037 -0.8463
vn -0.1550 0.4458 -0.8816
vn 0.0639 0.9962 -0.0593
vn 0.0868 0.9958 -0.0301
vn 0.1124 0.9893 0.0928
vn 0.1415 0.9887 0.0496
vn 0.1726 0.9828 0.0657
vn 0.2595 0.9620 -0.0844
vn 0.3203 0.9379 0.1331
vn 0.1781 0.9822 0.0596
vn 0.4012 0.9121 0.0846
vn 0.5652 0.8237 0.0465
vn 0.6795 0.6825 -0.2691
vn 0.6785 0.7244 -0.1219
vn 0.4118 0.9109 -0.0258
vn 0.4043 0.9139 -0.0366
vn 0.1828 0.9807 0.0695
vn 0.1706 0.9853 0.0054
vn 0.8443 -0.0623 -0.5322
vn 0.8488 -0.0712 -0.5240
vn 0.8817 -0.4173 0.2201
vn 0.8796 -0.3705 0.2984
vn 0.9420 -0.3348 -0.0236
vn 0.8270 -0.1233 -0.5486
vn 0.4506 -0.5131 0.7305
vn 0.1946 -0.4623 0.8651
vn 0.2543 -0.3546 0.8998
vn 0.6568 -0.4145 0.6299
vn 0.6148 -0.4322 0.6597
vn 0.7187 -0.3813 0.5814
vn 0.6555 -0.4316 0.6196
vn 0.7427 -0.3727 0.5563
vn 0.5635 -0.4563 0.6886
vn 0.5110 -0.5138 0.6891
vn 0.3769 -0.5466 0.7478
vn 0.2249 -0.5868 0.7778
vn 0.3495 -0.6793 0.6453
vn 0.3572 -0.6621 0.6589
vn 0.4234 -0.5556 0.7156
vn 0.3759 -0.5571 0.7405
vn 0.5252 -0.5820 0.6208
vn 0.5374 -0.5139 0.6687
vn 0.4595 -0.4935 0.7385
vn 0.3805 -0.4922 0.7829
vn 0.6211 -0.6783 0.3926
vn 0.6111 -0.5770 0.5419
vn 0.7323 -0.4891 0.4738
vn 0.7497 -0.5707 0.3351
vn -0.3577 -0.6182 0.6999
vn -0.4437 -0.5927 0.6722
vn -0.2499 -0.5736 0.7801
vn -0.1206 -0.5972 0.7930
vn -0.3698 -0.5472 0.7509
vn -0.4740 -0.5710 0.6702
vn -0.7802 0.4366 -0.4480
vn -0.7402 0.4288 -0.5179
vn -0.4681 0.6604 -0.5872
vn -0.5157 0.6952 -0.5007
vn -0.4984 0.5489 -0.6710
vn -0.7373 0.3414 -0.5830
vn -0.2838 0.6774 -0.6786
vn -0.3272 0.7464 -0.5795
vn -0.3655 0.7897 -0.4927
vn -0.4201 0.4785 -0.7711
vn -0.3233 0.3978 -0.8586
vn -0.7280 0.3738 -0.5747
vn -0.6569 0.4326 -0.6175
vn -0.3846 0.5996 -0.7018
vn -0.2605 0.6350 -0.7273
vn 0.0261 0.9493 -0.3133
vn -0.1290 0.8314 -0.5405
vn -0.2789 0.7332 -0.6202
vn -0.0972 0.8733 -0.4773
vn -0.5363 0.5763 -0.6166
vn -0.3937 0.7183 -0.5736
vn -0.8084 0.2771 -0.5193
vn -0.7975 0.2410 -0.5531
vn -0.7470 0.3204 -0.5825
vn -0.7770 0.2915 -0.5579
vn -0.7560 0.3210 -0.5704
vn -0.6853 0.4361 -0.5832
vn -0.8093 0.2621 -0.5257
vn -0.8210 0.2731 -0.5014
vn -0.2292 0.0585 -0.9716
vn -0.3095 -0.1020 -0.9454
vn -0.3636 -0.1676 -0.9164
vn -0.3606 0.1348 -0.9229
vn -0.3449 0.3350 -0.8768
vn -0.2484 0.7875 -0.5640
vn -0.2631 0.7501 -0.6068
vn -0.3683 0.2069 -0.9064
vn -0.0938 0.9676 -0.2344
vn -0.0090 0.9947 -0.1024
vn -0.1142 0.9835 -0.1400
vn -0.1217 0.9760 -0.1806
vn -0.4012 0.2445 -0.8827
vn -0.4524 -0.1660 -0.8762
vn -0.4891 -0.1328 -0.8621
vn -0.4429 0.3235 -0.8362
vn 0.5016 -0.6811 -0.5334
vn 0.2736 -0.2823 -0.9195
vn 0.5922 0.0158 -0.8056
vn 0.8465 -0.4156 -0.3327
vn -0.0310 0.0587 -0.9978
vn 0.0878 0.3351 -0.9381
vn 0.2414 0.5385 -0.8073
vn 0.7047 0.2460 -0.6655
vn 0.9732 -0.1736 -0.1506
vn 0.3927 0.6774 -0.6221
vn 0.5629 0.7157 -0.4134
vn 0.6714 0.7331 -0.1082
vn 0.8252 0.5037 0.2556
vn 0.9802 0.1773 0.0877
vn 0.7557 0.5273 -0.3884
vn 0.2264 -0.9488 -0.2201
vn 0.5930 -0.7243 -0.3517
vn 0.4626 -0.4773 -0.7471
vn 0.3713 -0.9257 -0.0725
vn 0.1455 -0.7730 -0.6175
vn 0.1667 -0.9521 0.2562
vn 0.2590 -0.9510 0.1688
vn 0.3660 -0.8983 0.2432
vn 0.6938 -0.7013 0.1639
vn 0.6179 -0.6808 0.3933
vn 0.4642 -0.8214 0.3313
vn 0.4220 -0.8900 0.1726
vn 0.6688 -0.6754 0.3107
vn 0.6025 -0.5812 0.5470
vn -0.1662 0.6817 -0.7125
vn -0.2874 0.6901 -0.6642
vn -0.3472 0.4561 -0.8194
vn -0.2416 0.4826 -0.8419
vn -0.3235 0.6811 -0.6568
vn -0.3676 0.4409 -0.8189
vn -0.3277 0.1940 -0.9246
vn -0.3765 0.1125 -0.9196
vn -0.2163 0.2553 -0.9424
vn -0.2169 0.3922 -0.8939
vn -0.2368 0.3311 -0.9134
vn -0.2282 0.3305 -0.9158
vn -0.0475 0.7817 -0.6218
vn -0.1069 0.7374 -0.6669
vn -0.1790 0.6532 -0.7357
vn 0.4630 -0.6519 0.6005
vn 0.4667 -0.6836 0.5611
vn 0.1733 -0.9786 0.1109
vn 0.1796 -0.9715 0.1546
vn 0.0718 -0.9513 0.2998
vn 0.2538 -0.6541 0.7125
vn 0.0354 -0.9970 0.0681
vn 0.1662 -0.9778 0.1277
vn 0.1664 -0.9751 0.1463
vn 0.5460 0.4516 0.7056
vn 0.5990 0.4638 0.6527
vn 0.6332 -0.0255 0.7736
vn 0.5893 -0.0294 0.8074
vn 0.4374 -0.0870 0.8951
vn 0.4809 0.4153 0.7722
vn 0.6015 0.4265 0.6755
vn 0.5259 0.4942 0.6923
vn 0.4576 0.6461 0.6109
vn 0.5414 0.6616 0.5188
vn 0.4882 0.6415 0.5917
vn 0.5358 0.3510 0.7679
vn 0.6737 -0.4659 0.5736
vn 0.5898 -0.4397 0.6773
vn 0.5110 -0.6642 0.5456
vn 0.5427 -0.3504 0.7633
vn 0.6598 -0.2708 0.7010
vn 0.6047 -0.3001 0.7378
vn 0.5342 0.2761 0.7990
vn 0.7091 0.0440 0.7037
vn 0.6667 -0.1194 0.7357
vn 0.5406 -0.0465 0.8400
vn 0.6640 -0.2356 0.7096
vn 0.7346 -0.1709 0.6567
vn -0.7904 0.3037 -0.5320
vn -0.8198 0.3609 -0.4447
vn -0.5465 0.6414 -0.5385
vn -0.5304 0.5770 -0.6211
vn -0.2967 0.7730 -0.5608
vn -0.2451 0.7458 -0.6195
vn -0.2393 0.7667 -0.5957
vn -0.1769 0.7627 -0.6220
vn -0.3711 0.7758 -0.5103
vn -0.4416 0.6903 -0.5732
vn -0.3333 0.6807 -0.6524
vn -0.2835 0.6856 -0.6705
vn -0.4722 0.5589 -0.6817
vn -0.4424 0.5611 -0.6996
vn -0.5072 0.5619 -0.6535
vn -0.5662 0.4927 -0.6608
vn -0.5368 0.4748 -0.6974
vn -0.4917 0.4802 -0.7263
vn -0.4754 0.4480 -0.7572
vn -0.4398 0.4518 -0.7762
vn -0.5151 0.4940 -0.7004
vn -0.4735 0.4928 -0.7300
vn -0.4526 0.4371 -0.7772
vn -0.4398 0.4377 -0.7842
vn 0.4748 -0.4020 0.7829
vn 0.9020 -0.3631 0.2335
vn 0.9561 -0.2704 -0.1132
vn 0.8305 -0.4917 0.2619
vn 0.5885 -0.5971 0.5452
vn 0.4011 -0.4335 0.8070
vn 0.6427 -0.3470 0.6830
vn 0.4050 -0.2901 0.8671
vn 0.9155 -0.3667 0.1654
vn 0.5413 -0.3993 0.7399
vn 0.5897 -0.4308 0.6831
vn 0.4738 -0.4528 0.7553
vn 0.4209 -0.4580 0.7830
vn 0.4659 -0.5218 0.7146
vn 0.5343 -0.5605 0.6327
vn 0.4390 -0.5082 0.7410
vn 0.4275 -0.4725 0.7707
vn 0.4129 -0.4677 0.7815
vn 0.8032 -0.2856 0.5227
vn 0.6218 -0.4681 0.6279
vn 0.5922 -0.4984 0.6331
vn 0.7783 -0.3251 0.5372
vn 0.5519 -0.5187 0.6530
vn 0.5562 -0.5299 0.6402
vn 0.5780 -0.5212 0.6280
vn 0.5913 -0.5204 0.6161
vn 0.7601 -0.3536 0.5452
vn -0.3884 0.5340 -0.7510
vn -0.4147 0.5406 -0.7319
vn -0.4123 0.3589 -0.8374
vn -0.3830 0.3874 -0.8386
vn -0.4435 0.3539 -0.8235
vn -0.4323 0.5299 -0.7296
vn -0.4434 0.2376 -0.8643
vn -0.3248 0.2852 -0.9018
vn -0.2392 0.3446 -0.9078
vn 0.1420 -0.7582 0.6363
vn 0.6832 -0.3890 0.6180
vn 0.7061 -0.3885 0.5921
vn 0.1892 -0.7804 0.5960
vn 0.7410 -0.3844 0.5506
vn 0.1970 -0.7858 0.5863
vn 0.6943 0.1470 0.7045
vn 0.7753 0.3027 0.5543
vn 0.8121 0.3643 0.4559
vn 0.7447 0.2222 0.6293
vn 0.8346 0.5100 0.2083
vn 0.9121 0.0841 0.4012
vn 0.9864 0.1579 0.0458
vn 0.7958 0.0531 0.6033
vn -0.0311 0.9160 -0.4000
vn -0.0329 0.9001 -0.4345
vn 0.0030 0.9651 -0.2619
vn -0.0865 0.8795 -0.4679
vn -0.1604 0.8590 -0.4861
vn -0.0463 0.8839 -0.4654
vn 0.7900 0.1897 0.5831
vn 0.7934 0.0865 0.6026
vn 0.7231 0.1697 0.6695
vn 0.7191 -0.0869 0.6895
vn 0.5698 0.2371 0.7869
vn 0.5951 -0.0654 0.8010
vn 0.8276 -0.1751 0.5333
vn 0.6809 -0.2655 0.6826
vn 0.6600 -0.3955 0.6388
vn 0.8240 -0.2429 0.5119
vn 0.5745 -0.4567 0.6792
vn 0.6039 -0.3019 0.7377
vn -0.2287 0.8498 -0.4749
vn -0.2669 0.8298 -0.4901
vn -0.6377 0.5638 -0.5248
vn -0.5996 0.6095 -0.5186
vn -0.8134 0.3069 -0.4941
vn -0.8001 0.3172 -0.5092
vn -0.2243 0.8034 -0.5515
vn -0.5563 0.5860 -0.5892
vn -0.7885 0.3029 -0.5353
vn -0.0548 0.8569 -0.5125
vn 0.0538 0.9516 -0.3026
vn 0.0250 0.9274 -0.3731
vn 0.0116 0.9043 -0.4268
vn -0.1856 0.7458 -0.6398
vn -0.0905 0.8362 -0.5408
vn -0.1221 0.9313 -0.3432
vn -0.2969 0.7038 -0.6453
vn -0.3704 0.5268 -0.7651
vn -0.2505 0.8151 -0.5224
vn -0.4445 0.4731 -0.7607
vn -0.4016 0.5683 -0.7181
vn -0.3733 0.5470 -0.7493
vn -0.3295 0.8542 -0.4023
vn -0.3414 0.7765 -0.5296
vn -0.3666 0.5084 -0.7792
vn -0.2679 0.9397 -0.2126
vn -0.2758 0.9568 -0.0918
vn -0.3992 0.3974 -0.8262
vn -0.4075 0.4368 -0.8020
vn 0.7953 -0.3168 0.5169
vn 0.8094 -0.2268 0.5417
vn 0.9035 -0.2467 0.3505
vn 0.8576 -0.3544 0.3727
vn 0.9771 -0.1993 -0.0749
vn 0.9487 -0.2917 -0.1218
vn 0.6184 -0.3037 0.7248
vn 0.8621 -0.3259 0.3880
vn 0.9476 -0.2803 -0.1530
vn 0.5495 -0.0906 0.8305
vn 0.5307 -0.0314 0.8470
vn 0.4944 -0.1672 0.8530
vn 0.4392 -0.3467 0.8288
vn 0.4747 -0.3386 0.8124
vn 0.4880 -0.3396 0.8041
vn 0.4193 -0.4058 0.8121
vn 0.4470 -0.3998 0.8002
vn 0.4483 -0.3797 0.8092
vn 0.6970 -0.1929 0.6907
vn 0.7993 0.0042 0.6009
vn 0.6068 -0.1555 0.7795
vn 0.6839 -0.3777 0.6242
vn 0.0774 -0.7198 0.6899
vn 0.0344 -0.7079 0.7055
vn 0.6842 -0.3601 0.6342
vn 0.5571 0.2979 -0.7752
vn 0.7100 0.1535 -0.6873
vn 0.6634 -0.2345 -0.7106
vn 0.3620 -0.0195 -0.9320
vn 0.7388 -0.3062 -0.6003
vn 0.7629 0.0752 -0.6421
vn 0.5863 -0.6151 -0.5271
vn 0.4187 -0.6146 -0.6685
vn 0.2512 -0.4041 -0.8795
vn -0.8859 0.2672 0.3793
vn -0.9897 0.1181 0.0807
vn -0.9006 -0.2505 0.3553
vn -0.8595 0.1175 0.4974
vn -0.6882 -0.7151 -0.1221
vn -0.9077 -0.1959 -0.3711
vn -0.3941 -0.9180 0.0437
vn -0.7867 -0.4449 0.4281
vn -0.8331 0.0088 0.5530
vn -0.6282 0.7140 0.3092
vn -0.8152 0.4912 0.3068
vn -0.7533 0.4151 0.5101
vn -0.5545 0.7008 0.4489
vn -0.7263 0.3763 0.5753
vn -0.5622 0.6642 0.4928
vn 0.5395 0.5745 -0.6156
vn 0.6635 0.4903 -0.5651
vn 0.2722 0.6363 -0.7218
vn -0.0912 0.8905 -0.4457
vn 0.1679 0.9332 -0.3176
vn 0.2600 0.9414 -0.2150
vn 0.7030 0.1523 -0.6947
vn 0.7028 -0.2837 -0.6524
vn 0.4217 -0.1557 -0.8933
vn 0.2088 0.3242 -0.9227
vn 0.4011 -0.5300 -0.7472
vn 0.5818 -0.6056 -0.5429
vn 0.3878 -0.8034 -0.4519
vn -0.1412 -0.9855 -0.0937
vn 0.2301 -0.8957 -0.3804
vn 0.2911 -0.7464 -0.5984
vn 0.0564 -0.9798 -0.1917
vn -0.6024 -0.6751 0.4259
vn -0.7159 -0.1241 0.6871
vn -0.2308 -0.8774 0.4207
vn -0.3470 -0.3591 0.8664
vn -0.6144 0.3383 0.7128
vn -0.4706 0.6396 0.6078
vn -0.3225 0.1884 0.9276
vn -0.2666 0.5684 0.7784
vn -0.2829 0.8926 0.3512
vn -0.2784 0.9201 0.2755
vn -0.2045 0.8308 0.5176
vn -0.1277 0.9858 0.1092
vn 0.0361 0.9847 -0.1704
vn 0.4876 0.5877 -0.6456
vn -0.0157 0.8257 -0.5639
vn -0.0947 0.4992 -0.8613
vn -0.0495 0.0135 -0.9987
vn -0.1011 0.1672 -0.9807
vn -0.1575 0.6010 -0.7836
vn -0.0853 -0.3682 -0.9258
vn 0.0446 -0.4432 -0.8953
vn 0.1343 -0.7590 -0.6371
vn 0.0268 -0.8182 -0.5744
vn 0.1994 -0.9691 -0.1451
vn 0.1783 -0.9574 -0.2272
vn 0.1554 -0.9177 0.3657
vn 0.0950 -0.5192 0.8493
vn 0.2665 -0.9046 0.3326
vn 0.1678 -0.6390 0.7507
vn -0.0076 0.0080 0.9999
vn -0.1012 0.4653 0.8794
vn -0.0116 -0.1240 0.9922
vn -0.1260 0.4350 0.8916
vn -0.1514 0.7907 0.5932
vn -0.1468 0.9629 0.2264
vn -0.1637 0.7907 0.5899
vn -0.2142 0.9472 0.2386
vn -0.1299 0.9295 -0.3451
vn -0.2264 0.9347 -0.2740
vn 0.0330 -0.2867 -0.9575
vn 0.2089 -0.4619 -0.8620
vn 0.0970 -0.5206 -0.8483
vn -0.0440 -0.3014 -0.9525
vn 0.3293 -0.8500 -0.4112
vn 0.4180 -0.7675 -0.4861
vn 0.1715 -0.9302 -0.3245
vn -0.1916 -0.7315 -0.6544
vn -0.3271 -0.4337 -0.8396
vn -0.3380 0.1269 -0.9326
vn -0.6758 0.6156 -0.4053
vn -0.7986 0.4652 -0.3818
vn 0.0925 -0.3349 -0.9377
vn -0.3155 -0.0323 -0.9484
vn 0.1517 -0.4817 -0.8631
vn -0.3283 0.2014 -0.9229
vn -0.5760 0.6966 -0.4277
vn -0.4941 0.6715 0.5522
vn -0.7135 0.6756 0.1858
vn -0.6036 0.7971 0.0145
vn -0.3398 0.7524 0.5643
vn -0.5999 0.7954 -0.0861
vn -0.3905 0.8057 0.4454
vn -0.1630 0.5134 0.8425
vn -0.3808 0.4733 0.7943
vn -0.0992 0.5432 0.8337
vn 0.0995 0.1910 0.9765
vn 0.0417 0.1613 0.9860
vn -0.0742 0.1491 0.9860
vn 0.3068 -0.2494 0.9185
vn 0.2857 -0.2434 0.9269
vn 0.3437 -0.2459 0.9063
vn 0.5205 -0.6691 0.5304
vn 0.4812 -0.6140 0.6257
vn 0.5336 -0.6064 0.5895
vn 0.5679 -0.8229 0.0152
vn 0.4718 -0.6534 -0.5920
vn 0.4551 -0.5355 -0.7114
vn 0.5843 -0.7948 -0.1641
vn 0.5115 -0.8585 0.0371
vn 0.2664 -0.4178 -0.8686
vn 0.3486 -0.4857 -0.8016
vn -0.0317 -0.2683 -0.9628
vn 0.0106 -0.8109 -0.5850
vn -0.0096 -0.7948 -0.6068
vn -0.0950 -0.2618 -0.9604
vn 0.1226 -0.9897 -0.0734
vn 0.0249 -0.9985 -0.0479
vn 0.0251 -0.9292 0.3688
vn 0.1169 -0.9338 0.3381
vn 0.0511 -0.6757 0.7354
vn 0.0534 -0.6477 0.7600
vn -0.0516 -0.1210 0.9913
vn -0.1295 0.4904 0.8618
vn -0.0123 -0.0784 0.9968
vn -0.0990 0.5393 0.8363
vn -0.1816 0.8069 0.5621
vn -0.2671 0.9296 0.2541
vn -0.1700 0.8196 0.5471
vn -0.3005 0.9163 0.2647
vn -0.3558 0.9077 -0.2226
vn -0.5009 0.8538 -0.1417
vn -0.5892 0.4741 -0.6543
vn -0.3669 0.5900 -0.7193
vn -0.1874 0.2132 -0.9589
vn -0.3777 0.0853 -0.9220
vn -0.1177 -0.8784 -0.4632
vn -0.0080 -0.9992 0.0388
vn -0.4592 -0.3650 -0.8099
vn -0.8989 -0.2267 -0.3750
vn -0.5834 -0.8104 -0.0538
vn -0.2159 -0.9384 0.2698
vn -0.8072 0.5454 0.2257
vn -0.8884 0.1979 -0.4143
vn -0.6082 0.5890 0.5321
vn -0.7721 0.3411 0.5362
vn -0.8947 0.3639 0.2589
vn -0.9319 -0.2178 -0.2900
vn -0.0388 -0.4500 0.8922
vn -0.2412 -0.7670 0.5946
vn -0.6383 -0.2969 0.7102
vn -0.1936 -0.1782 0.9648
vn -0.7561 -0.4071 0.5124
vn -0.5819 0.1617 0.7971
vn -0.0075 0.0134 0.9999
vn 0.0035 -0.8939 0.4483
vn 0.0723 -0.6007 0.7962
vn -0.4554 0.4535 0.7661
vn -0.0282 0.1946 0.9805
vn 0.0944 -0.0598 0.9937
vn -0.0102 0.5414 0.8407
vn 0.1391 -0.1210 0.9829
vn 0.0427 0.4896 0.8709
vn -0.1455 0.8145 0.5616
vn -0.3707 0.8706 0.3235
vn -0.1573 0.7501 0.6424
vn -0.4324 0.8085 0.3993
vn -0.9875 -0.1313 -0.0872
vn -0.9107 -0.0909 0.4029
vn 0.5887 -0.2669 0.7630
vn 0.3503 -0.0385 0.9358
vn 0.3675 -0.0848 0.9262
vn 0.6039 -0.4374 0.6663
vn 0.6749 -0.5360 0.5071
vn 0.5575 -0.8180 0.1418
vn 0.7298 -0.4547 0.5105
vn 0.5022 -0.2363 0.8318
vn 0.6960 -0.1718 0.6972
vn 0.4837 -0.0830 0.8713
vn 0.7673 -0.6324 0.1064
vn 0.4508 -0.7932 -0.4095
vn 0.6245 -0.7667 -0.1488
vn 0.3332 -0.6778 -0.6554
vn 0.2546 -0.7433 -0.6186
vn 0.2128 -0.9087 -0.3591
vn 0.0164 -0.7500 -0.6613
vn -0.0915 -0.9499 -0.2988
vn -0.5040 -0.3916 -0.7698
vn -0.5919 -0.6551 -0.4696
vn -0.6143 -0.7099 -0.3445
vn -0.2982 -0.9464 -0.1239
vn -0.8878 -0.3371 -0.3134
vn -0.8820 -0.3551 -0.3097
vn -0.6721 -0.6730 -0.3090
vn -0.4020 -0.9033 -0.1500
vn -0.6878 -0.6498 -0.3234
vn -0.4325 -0.8736 -0.2233
vn -0.8398 -0.3946 -0.3729
vn -0.8043 -0.4235 -0.4168
vn -0.6639 -0.6530 -0.3646
vn -0.4099 -0.8762 -0.2536
vn -0.8803 0.1162 -0.4599
vn -0.7821 -0.4127 -0.4670
vn -0.8848 -0.2578 -0.3881
vn -0.9222 0.1613 -0.3514
vn -0.9185 -0.0816 -0.3869
vn -0.8427 -0.2758 -0.4623
vn -0.8476 0.0596 -0.5272
vn -0.4572 -0.8746 -0.1616
vn -0.3818 -0.8864 -0.2618
vn -0.3881 -0.8958 -0.2165
vn -0.8759 -0.3224 -0.3591
vn -0.8262 -0.5101 -0.2392
vn -0.4782 -0.8613 -0.1715
vn -0.5864 -0.7651 -0.2661
vn -0.6893 -0.6867 -0.2308
vn -0.2717 -0.9624 0.0016
vn 0.1183 -0.9801 0.1592
vn 0.0054 -1.0000 0.0056
vn -0.0984 -0.9861 -0.1340
vn -0.7172 -0.5733 -0.3962
vn -0.6150 -0.6656 -0.4228
vn -0.1490 -0.9269 -0.3446
vn -0.2376 -0.8337 -0.4984
vn -0.8868 -0.1968 -0.4182
vn 0.3899 -0.8903 -0.2351
vn 0.3468 -0.7992 -0.4909
vn 0.3921 -0.9199 0.0014
vn 0.6851 -0.7231 0.0885
vn 0.7544 -0.6491 -0.0979
vn 0.7529 -0.5583 -0.3485
vn -0.0965 -0.6525 0.7516
vn 0.2917 -0.5968 0.7475
vn 0.3187 -0.8264 0.4642
vn 0.3036 -0.9443 0.1269
vn 0.5968 -0.6497 0.4709
vn 0.5637 -0.6147 0.5517
vn 0.1888 -0.9820 0.0079
vn -0.0744 -0.9966 0.0363
vn -0.5171 -0.5660 0.6421
vn -0.1338 -0.7595 0.6365
vn -0.3838 0.0523 0.9219
vn -0.3398 -0.2690 0.9012
vn -0.0587 0.1170 0.9914
vn -0.1214 -0.1816 0.9759
vn -0.2857 -0.9540 0.0904
vn -0.9573 -0.2780 0.0798
vn -0.9986 -0.0093 -0.0518
vn -0.9578 -0.2015 -0.2050
vn -0.9518 0.0482 0.3028
vn -0.7810 0.2012 0.5912
vn -0.3992 0.4529 0.7972
vn -0.3658 0.4051 0.8379
vn -0.0454 0.4078 0.9120
vn -0.0395 0.5323 0.8456
vn -0.7798 -0.5528 -0.2937
vn -0.8426 -0.4894 -0.2247
vn -0.3355 -0.7511 -0.5686
vn -0.4853 -0.6839 -0.5447
vn -0.7741 -0.0477 0.6313
vn -0.9023 0.0057 0.4311
vn -0.8973 -0.4192 -0.1384
vn -0.8791 -0.3793 0.2888
vn -0.6475 -0.6581 -0.3843
vn -0.7507 -0.6595 -0.0387
vn 0.6580 -0.5765 -0.4844
vn 0.6543 -0.4876 -0.5781
vn 0.9265 -0.2016 -0.3177
vn 0.9140 -0.3881 -0.1183
vn 0.9578 -0.2255 -0.1782
vn 0.9805 0.1036 0.1672
vn 0.9857 -0.0306 0.1659
vn 0.9560 -0.0853 0.2808
vn 0.2499 -0.6991 -0.6700
vn 0.1636 -0.7141 -0.6806
vn 0.6391 0.3192 0.6998
vn 0.7008 -0.0031 0.7134
vn 0.5955 0.3851 0.7051
vn 0.0370 0.4501 0.8922
vn 0.2317 0.1719 0.9575
vn 0.6128 -0.6976 0.3713
vn -0.1301 -0.9363 0.3263
vn 0.0990 -0.9010 -0.4224
vn 0.7279 -0.6722 -0.1357
vn -0.3897 0.4371 0.8106
vn -0.3428 0.2116 0.9153
vn -0.3325 -0.3363 0.8811
vn 0.4924 -0.3183 0.8101
vn 0.8351 -0.4127 0.3636
vn -0.2410 -0.7440 0.6232
vn -0.2716 -0.6784 0.6826
vn 0.0053 -0.6856 0.7279
vn 0.0592 -0.7959 0.6025
vn 0.0820 -0.8276 0.5552
vn 0.1065 -0.7879 0.6065
vn -0.2606 -0.7575 0.5986
vn -0.2461 -0.7694 0.5895
vn -0.2125 -0.7649 0.6081
vn -0.2088 -0.7462 0.6322
vn -0.2178 -0.7544 0.6192
vn -0.0650 -0.8173 0.5726
vn -0.0676 -0.7998 0.5964
vn -0.0990 -0.7817 0.6158
vn 0.1406 -0.7090 0.6910
vn -0.2735 -0.7301 0.6262
vn 0.2040 -0.6089 0.7665
vn -0.2715 -0.7061 0.6540
vn -0.1814 -0.7514 0.6344
vn -0.0524 -0.7579 0.6503
vn -0.2029 -0.7019 0.6828
vn -0.0902 -0.6527 0.7522
vn 0.2756 -0.5583 0.7825
vn -0.2484 -0.7013 0.6682
vn 0.3705 -0.4904 0.7888
vn -0.1963 -0.6970 0.6897
vn -0.2699 -0.6784 0.6833
vn -0.3141 -0.6773 0.6653
vn -0.1116 -0.6422 0.7584
vn -0.1198 -0.6656 0.7366
vn -0.0077 -0.6694 0.7429
vn 0.6351 -0.2982 0.7125
vn 0.7011 -0.3024 0.6458
vn 0.0273 -0.6886 0.7246
vn 0.4991 -0.3784 0.7796
vn -0.1134 -0.6798 0.7246
vn -0.3159 -0.6857 0.6558
vn -0.2880 -0.7159 0.6361
vn -0.1406 -0.6809 0.7187
vn -0.1550 -0.7019 0.6952
vn -0.2034 -0.7133 0.6707
vn -0.2088 -0.6832 0.6998
vn -0.1171 -0.7366 0.6661
vn -0.4434 -0.6693 0.5962
vn -0.4833 -0.6139 0.6242
vn -0.2301 -0.6640 0.7115
vn -0.1897 -0.6258 0.7566
vn -0.5581 -0.5150 0.6506
vn -0.8880 0.2067 -0.4107
vn -0.9864 -0.1609 0.0329
vn -0.9746 -0.2201 0.0416
vn -0.8716 0.2209 -0.4377
vn -0.9996 -0.0273 -0.0008
vn -0.8733 0.2718 -0.4043
vn -0.1899 -0.7742 0.6038
vn -0.1529 -0.7511 0.6422
vn -0.5394 -0.6499 0.5354
vn -0.5789 -0.6776 0.4535
vn -0.9675 -0.2410 -0.0772
vn -0.8726 0.1409 -0.4676
vn -0.9511 -0.3081 0.0226
vn -0.9049 0.0267 -0.4248
vn -0.5963 -0.6329 0.4939
vn -0.2129 -0.7945 0.5687
vn -0.2563 -0.7501 0.6096
vn -0.6458 -0.5714 0.5064
vn -0.8308 0.2670 -0.4883
vn -0.8400 0.2626 -0.4747
vn -0.7666 0.2464 -0.5930
vn -0.7540 0.2503 -0.6073
vn -0.7696 0.1922 -0.6089
vn -0.7067 0.2968 -0.6423
vn -0.6896 0.3365 -0.6413
vn -0.7827 0.2693 -0.5611
vn -0.8078 0.2943 -0.5107
vn -0.9403 -0.2525 0.2284
vn -0.9878 0.0283 -0.1532
vn -0.9668 -0.0010 -0.2557
vn -0.9364 -0.3154 0.1537
vn -0.8705 0.1630 -0.4644
vn -0.8726 0.2075 -0.4421
vn -0.6799 0.3856 -0.6238
vn -0.7234 0.3558 -0.5918
vn -0.7200 0.4503 -0.5280
vn -0.7045 0.4364 -0.5597
vn -0.2928 -0.7052 0.6457
vn -0.6918 -0.5418 0.4774
vn -0.2612 -0.6948 0.6701
vn -0.7122 -0.5396 0.4491
vn -0.8820 0.2649 -0.3898
vn -0.8821 0.2313 -0.4104
vn -0.9925 0.0108 -0.1218
vn -0.9934 0.0020 -0.1143
vn -0.9470 -0.2342 0.2197
vn -0.9475 -0.2742 0.1642
vn -0.2423 -0.6658 0.7057
vn -0.7107 -0.5203 0.4734
vn -0.2472 -0.6126 0.7508
vn -0.6985 -0.4884 0.5231
vn -0.9536 -0.2548 0.1604
vn -0.9597 -0.2000 0.1976
vn -0.9926 0.1087 -0.0534
vn -0.9949 0.0464 -0.0900
vn -0.8706 0.3637 -0.3315
vn -0.7329 0.5083 -0.4521
vn -0.8707 0.4154 -0.2632
vn -0.7967 0.4623 -0.3893
vn -0.7615 0.3935 -0.5151
vn -0.8128 0.3336 -0.4776
vn -0.9784 0.2041 -0.0320
vn -0.9857 0.1684 -0.0045
vn -0.9567 -0.1404 0.2549
vn -0.9582 -0.1413 0.2489
vn -0.6757 -0.4710 0.5670
vn -0.6818 -0.4889 0.5442
vn -0.2535 -0.5918 0.7652
vn -0.2851 -0.6360 0.7171
vn -0.9193 0.3731 -0.1252
vn -0.8752 0.4332 -0.2153
vn -0.2422 -0.7592 0.6041
vn -0.2121 -0.7252 0.6550
vn -0.2357 -0.7870 0.5701
vn -0.5589 -0.6576 0.5052
vn -0.8458 0.2718 -0.4591
vn -0.8735 0.2015 -0.4431
vn -0.8689 0.3309 -0.3680
vn -0.9161 0.1972 -0.3490
vn -0.3712 -0.6707 0.6422
vn -0.7219 -0.5204 0.4561
vn -0.9158 0.3230 -0.2386
vn -0.9481 0.1758 -0.2649
vn -0.9898 0.1194 -0.0777
vn -0.9937 0.0007 -0.1123
vn -0.9578 -0.2198 0.1852
vn -0.9282 -0.3242 0.1825
vn -0.2463 -0.7977 0.5504
vn -0.5796 -0.6778 0.4525
vn -0.2571 -0.8085 0.5294
vn -0.5901 -0.6909 0.4176
vn -0.8965 0.1254 -0.4249
vn -0.9264 0.0701 -0.3701
vn -0.9423 0.0832 -0.3243
vn -0.9656 0.0136 -0.2595
vn -0.9631 0.0768 -0.2578
vn -0.9793 0.0347 -0.1992
vn -0.9924 -0.0757 -0.0971
vn -0.9934 -0.0980 -0.0589
vn -0.9019 -0.3898 0.1861
vn -0.8945 -0.4072 0.1847
vn -0.6048 -0.6882 0.4007
vn -0.2912 -0.8059 0.5154
vn -0.3387 -0.8144 0.4713
vn -0.6455 -0.6541 0.3943
vn -0.9625 0.0433 -0.2677
vn -0.9630 0.0523 -0.2643
vn -0.9854 -0.0564 -0.1608
vn -0.9825 -0.1434 -0.1191
vn -0.9886 -0.0154 -0.1495
vn -0.9865 -0.1260 -0.1044
vn -0.9925 -0.1113 -0.0507
vn -0.9860 -0.1600 -0.0463
vn -0.9017 -0.3971 0.1710
vn -0.9216 -0.3621 0.1399
vn -0.9465 0.0538 -0.3182
vn -0.9075 0.0340 -0.4187
vn -0.9709 -0.1880 -0.1481
vn -0.9459 -0.2609 -0.1929
vn -0.6481 -0.0744 -0.7579
vn -0.8975 0.0341 -0.4397
vn -0.7225 0.2853 -0.6298
vn -0.8394 0.3024 -0.4517
vn -0.8746 0.2639 -0.4068
vn -0.8798 0.0968 -0.4653
vn -0.9215 0.1460 -0.3599
vn -0.8653 0.3237 -0.3828
vn -0.9502 0.0987 -0.2955
vn -0.6193 0.7662 -0.1717
vn -0.6851 0.6968 -0.2121
vn -0.9679 -0.0184 -0.2505
vn -0.9643 -0.1109 0.2406
vn -0.3735 -0.5513 0.7461
vn -0.5219 -0.7137 0.4672
vn -0.9970 0.0366 -0.0683
vn -0.8793 0.3748 -0.2940
vn -0.9787 0.2045 -0.0181
vn -0.8434 -0.1892 0.5028
vn -0.2474 -0.3111 0.9176
vn -0.7845 -0.1119 0.6099
vn -0.3418 -0.0121 0.9397
vn -0.9718 0.0776 0.2228
vn -0.9536 0.0065 0.3009
vn -0.8487 -0.1182 0.5155
vn -0.6708 0.2166 0.7093
vn -0.5668 0.6261 -0.5354
vn -0.6045 0.6870 -0.4031
vn -0.4536 0.8127 -0.3657
vn -0.3875 0.7544 -0.5299
vn -0.5262 0.8439 -0.1050
vn -0.5614 0.7792 -0.2789
vn -0.6379 0.7175 -0.2797
vn -0.5364 0.7664 -0.3534
vn -0.4765 0.7496 -0.4593
vn -0.4119 0.4578 -0.7879
vn -0.2811 0.6951 -0.6616
vn -0.2631 0.6473 -0.7154
vn -0.3835 0.3786 -0.8424
vn -0.2839 0.7110 -0.6433
vn -0.2742 0.7426 -0.6111
vn -0.2095 0.6568 -0.7244
vn -0.2474 0.5699 -0.7836
vn -0.3762 0.3184 -0.8701
vn -0.2431 0.4880 -0.8383
vn -0.3986 0.2591 -0.8798
vn -0.1177 0.6089 -0.7845
vn -0.0856 0.6130 -0.7854
vn -0.2463 0.4883 -0.8372
vn -0.4802 0.2326 -0.8458
vn -0.6274 -0.1334 -0.7672
vn -0.5435 0.1775 -0.8205
vn -0.5106 0.1098 -0.8528
vn -0.5733 -0.2456 -0.7817
vn -0.4955 0.0209 -0.8684
vn -0.5530 -0.4498 -0.7014
vn -0.4837 -0.6929 -0.5347
vn -0.1872 -0.9794 -0.0755
vn -0.3350 -0.9398 -0.0678
vn -0.6297 -0.5415 -0.5570
vn -0.3337 -0.8779 -0.3434
vn -0.1086 -0.9917 -0.0690
vn -0.5554 -0.0680 -0.8288
vn -0.6125 -0.6796 -0.4037
vn -0.7050 -0.1298 -0.6973
vn -0.8000 -0.5781 -0.1603
vn -0.8323 -0.0074 -0.5543
vn -0.9050 -0.2961 -0.3054
vn -0.6693 0.2241 -0.7084
vn -0.0187 -0.8158 0.5780
vn -0.2161 -0.8819 0.4190
vn -0.0631 -0.9076 0.4151
vn 0.0044 -0.8771 0.4803
vn -0.5246 -0.8485 -0.0694
vn -0.6616 -0.7492 -0.0321
vn 0.0573 -0.9283 0.3673
vn 0.0423 -0.9493 0.3114
vn -0.9621 -0.2695 -0.0418
vn -0.9114 -0.4103 -0.0315
vn -0.9561 -0.2913 0.0313
vn -0.9067 -0.4217 0.0002
vn -0.8010 -0.5756 0.1646
vn -0.4109 -0.8526 0.3230
vn -0.4132 -0.8543 0.3153
vn -0.8461 -0.5254 -0.0897
vn 0.2650 -0.7711 0.5790
vn 0.3238 -0.7541 0.5713
vn -0.9203 -0.3758 0.1083
vn -0.9122 -0.4082 -0.0366
vn -0.2826 -0.9571 0.0646
vn 0.1638 -0.9325 0.3219
vn -0.6680 -0.6823 -0.2970
vn -0.8621 -0.5067 0.0052
vn -0.4800 -0.7064 0.5202
vn -0.9140 -0.4006 0.0646
vn -0.7791 -0.5313 0.3327
vn -0.3918 -0.9175 0.0678
vn 0.0164 -0.9447 0.3276
vn 0.1147 -0.9508 0.2877
vn -0.0357 -0.9559 0.2916
vn -0.9166 0.2312 -0.3261
vn -0.8950 -0.0471 -0.4435
vn -0.7630 -0.1230 -0.6345
vn -0.8342 -0.4640 -0.2980
vn -0.3832 -0.9104 -0.1562
vn -0.8260 -0.4336 -0.3601
vn -0.9591 0.0724 -0.2735
vn -0.9364 0.0564 -0.3463
vn -0.9797 0.0029 -0.2004
vn -0.9467 -0.1204 -0.2986
vn -0.9308 0.0768 -0.3573
vn -0.9109 0.2130 -0.3533
vn -0.8874 -0.3280 -0.3241
vn -0.8664 -0.2333 -0.4416
vn -0.9264 -0.1073 -0.3609
vn -0.9108 -0.3873 -0.1431
vn -0.6934 0.0902 -0.7149
vn -0.3834 0.2061 -0.9003
vn -0.6673 0.6687 -0.3280
vn -0.5720 0.7199 -0.3932
vn 0.0406 -0.8141 0.5793
vn 0.1083 -0.9897 0.0939
vn 0.3999 -0.9123 0.0884
vn 0.3555 -0.7571 0.5481
vn -0.1222 -0.0810 0.9892
vn 0.0500 0.0814 0.9954
vn -0.2726 0.5046 0.8192
vn -0.5495 0.1939 0.8127
vn -0.5515 0.7692 0.3228
vn -0.7917 0.5244 0.3133
vn -0.6386 0.7579 -0.1331
vn -0.7666 0.6287 -0.1306
vn 0.1822 -0.3479 0.9197
vn -0.0903 -0.4509 0.8880
vn -0.7388 -0.6476 0.1867
vn -0.4111 -0.7978 0.4409
vn -0.5325 -0.3559 0.7679
vn -0.9373 -0.1114 0.3301
vn -0.9484 0.0934 -0.3029
vn -0.6798 -0.5955 -0.4282
vn -0.3115 -0.9390 -0.1459
vn -0.1286 0.3558 -0.9257
vn -0.6301 0.5923 -0.5022
vn -0.3701 -0.4011 -0.8379
vn -0.0911 -0.8413 -0.5329
vn -0.7941 0.6070 -0.0296
vn -0.4384 0.8963 -0.0674
vn -0.2774 0.9477 0.1579
vn -0.4053 -0.9117 0.0669
vn -0.6979 -0.4571 -0.5513
vn -0.7595 -0.3343 -0.5580
vn -0.4687 -0.8710 0.1471
vn -0.8172 0.0411 -0.5749
vn -0.7407 -0.4429 -0.5053
vn -0.8580 0.1453 -0.4926
vn -0.8092 -0.0147 -0.5874
vn -0.7270 0.0127 -0.6865
vn -0.7052 -0.4029 -0.5834
vn -0.6403 -0.3783 -0.6685
vn -0.6988 -0.0455 -0.7138
vn -0.6623 -0.1681 -0.7302
vn -0.6905 -0.3350 -0.6411
vn -0.6846 -0.0107 -0.7289
vn -0.6549 -0.3846 -0.6505
vn -0.7627 -0.1675 -0.6247
vn -0.9170 0.0988 -0.3865
vn -0.9346 0.0348 -0.3541
vn -0.9284 -0.1651 -0.3330
vn -0.8991 -0.2702 -0.3443
vn -0.9141 0.1098 -0.3904
vn -0.7122 -0.4837 -0.5087
vn -0.8135 -0.1168 -0.5697
vn -0.4037 -0.8645 -0.2994
vn -0.5844 -0.6791 -0.4442
vn -0.5844 -0.6673 -0.4617
vn -0.6089 -0.7377 -0.2916
vn -0.9575 -0.0415 -0.2855
vn -0.5763 -0.7914 -0.2036
vn -0.3661 -0.8979 -0.2446
vn -0.6292 -0.6676 -0.3979
vn -0.5625 0.6402 -0.5233
vn -0.5248 0.6091 -0.5946
vn -0.4181 0.7008 -0.5780
vn -0.5254 0.6881 -0.5005
vn -0.5248 0.7241 -0.4475
vn -0.4989 0.6386 -0.5860
vn -0.4762 0.5486 -0.6872
vn -0.3517 0.6397 -0.6834
vn -0.9852 -0.1350 -0.1054
vn -0.9447 -0.2892 -0.1548
vn -0.5082 -0.8246 0.2486
vn -0.4155 -0.8951 0.1617
vn -0.8377 -0.4802 -0.2599
vn -0.7186 -0.6668 -0.1977
vn -0.2883 -0.9321 0.2193
vn -0.1391 -0.8807 0.4527
vn -0.5596 -0.8283 -0.0294
vn -0.0386 -0.8228 0.5671
vn -0.1413 -0.9093 0.3915
vn -0.1841 -0.8704 0.4566
vn -0.1569 -0.9394 0.3048
vn -0.5925 -0.8052 0.0224
vn -0.6382 -0.7630 0.1027
vn -0.6580 -0.7440 0.1162
vn -0.6845 -0.7272 0.0510
vn -0.2549 -0.8594 0.4433
vn -0.4614 0.5763 -0.6745
vn -0.2895 0.6831 -0.6705
vn -0.2793 0.6832 -0.6747
vn -0.4170 0.5681 -0.7095
vn -0.3045 0.6282 -0.7160
vn -0.2569 0.6772 -0.6895
vn -0.2846 0.5903 -0.7554
vn -0.4121 0.5613 -0.7177
vn -0.7486 -0.0252 -0.6626
vn -0.8067 -0.4268 -0.4087
vn -0.8447 -0.4327 -0.3152
vn -0.8072 -0.0140 -0.5901
vn -0.8746 -0.4265 -0.2307
vn -0.8605 0.0033 -0.5095
vn -0.3284 0.7069 -0.6265
vn -0.5150 0.5890 -0.6228
vn -0.8491 -0.4275 -0.3103
vn -0.8815 -0.4182 -0.2192
vn -0.8800 -0.0074 -0.4749
vn -0.8882 -0.0043 -0.4594
vn -0.5783 0.3204 -0.7503
vn -0.5724 0.2589 -0.7780
vn -0.6903 -0.0558 -0.7213
vn -0.4341 0.5442 -0.7179
vn -0.6729 0.3708 -0.6401
vn -0.6232 0.3506 -0.6991
vn -0.7372 -0.4515 -0.5027
vn -0.6983 0.3674 -0.6144
vn -0.7380 0.3866 -0.5531
vn 0.7823 -0.3014 0.5451
vn 0.7535 -0.3384 0.5637
vn 0.7696 -0.3736 0.5179
vn 0.7665 -0.3429 0.5431
vn 0.6003 -0.5235 0.6046
vn 0.5769 -0.5340 0.6181
vn 0.5809 -0.5602 0.5905
vn 0.5927 -0.5246 0.6112
vn 0.5719 -0.5263 0.6292
vn 0.7840 -0.2578 0.5647
vn 0.5693 -0.6023 0.5595
vn 0.5434 -0.6413 0.5418
vn 0.5583 -0.5449 0.6256
vn 0.7939 -0.2551 0.5519
vn 0.3967 -0.6469 0.6512
vn 0.4174 -0.6147 0.6693
vn 0.4526 -0.6782 0.5790
vn 0.3555 -0.7113 0.6063
vn 0.3990 -0.7208 0.5669
vn 0.3914 -0.7005 0.5968
vn 0.9125 -0.3910 -0.1203
vn 0.6890 -0.6354 0.3486
vn 0.9131 -0.1444 -0.3812
vn 0.8576 0.0066 -0.5143
vn 0.9093 -0.4157 -0.0209
vn 0.6415 -0.6447 0.4157
vn -0.3543 0.7025 -0.6172
vn -0.4164 0.6687 -0.6160
vn -0.4116 0.6368 -0.6519
vn -0.3655 0.6390 -0.6768
vn -0.4330 0.6289 -0.6457
vn -0.4166 0.6826 -0.6004
vn -0.4891 0.6515 -0.5800
vn -0.4960 0.5848 -0.6418
vn -0.5227 0.5655 -0.6380
vn -0.4982 0.6155 -0.6107
vn -0.5723 0.5263 -0.6289
vn -0.5680 0.5480 -0.6140
vn -0.4806 0.6147 -0.6255
vn -0.5024 0.6626 -0.5555
vn -0.3620 0.7404 -0.5663
vn -0.3018 0.6917 -0.6561
vn -0.5519 0.5638 -0.6144
vn -0.5808 0.5504 -0.5998
vn -0.5544 0.5956 -0.5814
vn -0.5622 0.5734 -0.5960
vn -0.5789 0.5538 -0.5985
vn -0.5699 0.5760 -0.5861
vn -0.4558 0.5943 -0.6626
vn -0.4738 0.6403 -0.6046
vn -0.4837 0.4269 -0.7640
vn -0.1640 0.6619 -0.7314
vn -0.2723 0.5049 -0.8191
vn 0.0521 0.7088 -0.7035
vn -0.2261 0.7040 -0.6733
vn -0.1228 0.7395 -0.6618
vn -0.4823 0.3761 -0.7911
vn -0.4833 0.4088 -0.7742
vn -0.4654 0.6818 -0.5644
vn -0.4269 0.4239 -0.7988
vn -0.5411 0.7282 -0.4208
vn -0.4199 0.9035 -0.0860
vn -0.2904 0.9537 0.0785
vn -0.3312 0.9051 -0.2668
vn -0.3093 0.6282 -0.7139
vn -0.5252 0.3992 -0.7515
vn -0.5548 0.4721 -0.6850
vn -0.5550 0.5060 -0.6602
vn -0.5251 0.4288 -0.7351
vn -0.5780 0.7117 -0.3992
vn -0.5808 0.6462 -0.4951
vn -0.4904 0.6589 -0.5704
vn -0.4225 0.3508 -0.8357
vn -0.3844 0.3643 -0.8483
vn -0.4233 0.6349 -0.6464
vn -0.4303 0.4806 -0.7641
vn -0.3788 0.2447 -0.8925
vn -0.3638 0.2959 -0.8832
vn -0.3908 0.2353 -0.8899
vn -0.3924 0.4146 -0.8210
vn 0.3928 -0.8484 0.3549
vn 0.4253 -0.8041 0.4154
vn 0.5319 -0.7736 0.3445
vn 0.4988 -0.8267 0.2603
vn 0.5220 -0.4530 0.7227
vn 0.3907 -0.4829 0.7837
vn 0.5748 -0.3787 0.7254
vn 0.6073 -0.7433 0.2805
vn 0.5047 -0.8632 0.0104
vn 0.5586 -0.7143 0.4216
vn 0.7870 -0.5195 0.3329
vn 0.5240 -0.6619 0.5361
vn 0.4966 -0.8525 0.1634
vn 0.4488 -0.8917 -0.0593
vn 0.7122 -0.7014 -0.0264
vn 0.4196 0.0117 0.9076
vn 0.5380 -0.2231 0.8129
vn 0.5124 -0.2203 0.8300
vn 0.5315 -0.3358 0.7777
vn 0.4401 -0.1088 0.8913
vn 0.5183 -0.2483 0.8184
vn 0.4451 -0.0193 0.8953
vn 0.4492 0.1826 0.8746
vn 0.5820 -0.0994 0.8071
vn 0.4755 -0.8794 0.0237
vn 0.6174 -0.7845 0.0585
vn 0.5225 -0.8342 0.1764
vn 0.4753 -0.2649 0.8390
vn 0.5998 -0.7087 0.3715
vn 0.5639 -0.5141 0.6463
vn 0.4846 -0.1297 0.8651
vn 0.6363 -0.4056 0.6562
vn 0.4238 -0.0203 0.9055
vn 0.7860 -0.3196 0.5292
vn 0.5618 -0.6628 0.4951
vn 0.8595 -0.2111 0.4655
vn 0.6702 -0.5920 0.4477
vn 0.8446 -0.3136 0.4339
vn 0.9586 -0.1644 0.2325
vn 0.7969 -0.3490 0.4930
vn 0.7248 -0.5629 0.3972
vn 0.8089 -0.3066 0.5016
vn 0.7999 -0.4387 0.4094
vn 0.7357 -0.5420 0.4062
vn 0.7346 -0.3401 0.5871
vn 0.7635 -0.3588 0.5370
vn 0.7864 -0.2852 0.5479
vn 0.3997 -0.9031 0.1572
vn 0.4312 -0.8690 0.2427
vn 0.6046 -0.7305 0.3176
vn 0.6338 -0.7371 0.2347
vn 0.4190 -0.8061 0.4179
vn 0.5680 -0.7278 0.3843
vn 0.3117 -0.2416 0.9189
vn 0.5930 -0.2722 0.7578
vn 0.3870 0.0705 0.9194
vn 0.7177 -0.2060 0.6652
vn 0.5851 -0.6932 0.4209
vn 0.6378 -0.5858 0.5000
vn 0.6704 -0.6581 0.3427
vn 0.7213 -0.5567 0.4120
vn 0.7589 -0.4695 0.4513
vn 0.7360 -0.3679 0.5682
vn 0.7465 -0.2025 0.6339
vn 0.7518 -0.3729 0.5439
vn 0.7434 -0.2926 0.6014
vn 0.7459 -0.6182 0.2480
vn 0.7868 -0.5530 0.2742
vn 0.8883 -0.4460 0.1093
vn 0.8902 -0.1000 0.4445
vn 0.4826 0.4012 0.7786
vn 0.7063 -0.3494 0.6157
vn 0.7146 -0.3725 0.5921
vn 0.7512 -0.5618 0.3465
vn 0.7056 -0.7010 0.1036
vn 0.7361 -0.6751 0.0487
vn 0.7794 -0.5521 0.2962
vn 0.7260 -0.6508 -0.2222
vn 0.6794 -0.7302 0.0714
vn 0.6637 -0.6934 -0.2805
vn 0.7300 -0.6819 -0.0473
vn 0.8508 -0.4735 0.2280
vn 0.6865 -0.5582 -0.4660
vn 0.6068 -0.6785 -0.4139
vn 0.7932 -0.5293 -0.3011
vn 0.7104 -0.3848 -0.5893
vn 0.5847 -0.5208 -0.6220
vn 0.5394 -0.5784 -0.6119
vn 0.7578 -0.5735 -0.3112
vn 0.6974 -0.4031 -0.5926
vn 0.9118 -0.0191 -0.4101
vn 0.9648 -0.2609 -0.0322
vn 0.9063 -0.1433 0.3976
vn 0.9774 0.1327 0.1648
vn 0.8023 0.4752 0.3613
vn 0.8459 0.2017 0.4937
vn 0.8930 0.4117 -0.1818
vn 0.6442 0.7593 0.0921
vn 0.3702 -0.3218 -0.8714
vn 0.5395 -0.1164 -0.8339
vn 0.2650 0.0551 -0.9627
vn 0.2616 -0.1595 -0.9519
vn 0.2917 0.3029 -0.9073
vn 0.6683 0.2279 -0.7081
vn 0.6378 0.5625 -0.5261
vn 0.3984 0.8719 -0.2848
vn 0.2627 0.5559 -0.7886
vn 0.1138 0.8222 -0.5578
vn 0.0914 0.6057 -0.7905
vn -0.0055 0.8588 -0.5123
vn 0.1583 0.3746 -0.9136
vn -0.0805 0.6021 -0.7943
vn -0.0630 0.2457 -0.9673
vn -0.0620 0.9164 -0.3954
vn -0.5555 0.7760 -0.2986
vn -0.4759 0.8780 0.0512
vn -0.5126 0.8559 -0.0680
vn -0.5262 0.8310 -0.1806
vn -0.5434 0.8152 -0.2003
vn -0.5124 0.8450 -0.1532
vn -0.5731 0.5741 -0.5847
vn -0.5572 0.6158 -0.5571
vn -0.5603 0.5664 -0.6044
vn -0.4671 0.3215 -0.8237
vn -0.4586 0.5852 -0.6687
vn -0.2850 0.2153 -0.9340
vn -0.1170 0.6020 -0.7898
vn -0.0341 0.5320 -0.8461
vn -0.4038 0.9136 -0.0484
vn -0.4095 0.8620 -0.2986
vn -0.4610 0.6545 -0.5993
vn -0.4358 0.4077 -0.8024
vn -0.4484 0.5531 -0.7022
vn -0.3600 0.4318 -0.8270
vn -0.3506 0.7130 -0.6072
vn -0.3144 0.8997 -0.3029
vn -0.4258 0.2268 -0.8759
vn -0.2345 0.3721 -0.8981
vn -0.3516 0.2074 -0.9129
vn -0.3418 0.0734 -0.9369
vn -0.4683 0.1960 -0.8615
vn -0.3686 -0.0502 -0.9282
vn -0.2445 -0.0464 -0.9685
vn -0.2744 -0.0507 -0.9603
vn -0.1835 -0.0822 -0.9796
vn -0.1659 0.2788 -0.9459
vn -0.0007 0.5794 -0.8150
vn -0.2963 0.1685 -0.9401
vn -0.0523 0.6392 -0.7673
vn -0.0584 0.5751 -0.8160
vn -0.4416 0.0652 -0.8948
vn -0.3407 0.6084 -0.7168
vn -0.2192 0.5402 -0.8125
vn -0.2682 -0.0454 -0.9623
vn -0.5170 0.2844 -0.8073
vn -0.2620 0.6953 -0.6693
vn -0.2216 0.6785 -0.7004
vn -0.4233 0.4885 -0.7630
vn -0.4218 0.5408 -0.7278
vn -0.3781 0.4515 -0.8082
vn -0.3217 0.4445 -0.8360
vn -0.2918 0.7713 -0.5657
vn -0.1726 0.8698 -0.4622
vn -0.2064 0.7146 -0.6684
vn -0.0990 0.5977 -0.7956
vn -0.1547 0.9317 -0.3287
vn -0.1143 0.6810 -0.7234
vn -0.1155 0.3384 -0.9339
vn -0.2195 0.5116 -0.8307
vn -0.2833 0.4236 -0.8604
vn -0.1603 0.3426 -0.9257
vn -0.2198 0.3827 -0.8973
vn -0.3277 0.4095 -0.8514
vn -0.0397 0.3547 -0.9341
vn -0.0736 0.4587 -0.8855
vn -0.2535 0.4692 -0.8459
vn -0.2947 0.4875 -0.8219
vn -0.3808 0.5868 -0.7146
vn -0.2102 0.4356 -0.8753
vn -0.4920 0.6728 -0.5525
vn -0.3488 0.5082 -0.7874
vn -0.5150 0.6153 -0.5968
vn -0.1366 0.3355 -0.9321
vn -0.0725 0.3321 -0.9404
vn -0.0266 0.3251 -0.9453
vn 0.0089 0.1535 -0.9881
vn -0.0286 0.1752 -0.9841
vn -0.0284 0.3167 -0.9481
vn -0.1670 0.3683 -0.9146
vn -0.0194 0.0942 -0.9954
vn -0.5130 0.5324 -0.6734
vn -0.2373 0.2782 -0.9307
vn -0.2563 0.3440 -0.9033
vn -0.5498 0.5951 -0.5862
vn -0.0169 0.1141 -0.9933
vn -0.4261 0.4038 -0.8096
vn -0.4936 0.4227 -0.7600
vn -0.4187 0.4056 -0.8125
vn -0.4913 0.4604 -0.7394
vn -0.4123 0.4399 -0.7978
vn -0.4762 0.4913 -0.7293
vn -0.3535 0.4488 -0.8208
vn -0.4188 0.4635 -0.7809
vn -0.1626 0.2751 -0.9476
vn -0.1822 0.2609 -0.9480
vn -0.1389 0.2235 -0.9648
vn -0.0896 0.2346 -0.9680
vn -0.3753 0.4526 -0.8089
vn -0.4504 0.3367 -0.8269
vn -0.5973 0.5680 -0.5662
vn -0.7206 0.4094 -0.5596
vn -0.5271 0.4337 -0.7308
vn -0.5429 0.4817 -0.6879
vn -0.5349 0.4072 -0.7404
vn -0.5758 0.4832 -0.6595
vn -0.5274 0.5199 -0.6720
vn -0.5721 0.5231 -0.6317
vn -0.4318 0.4652 -0.7727
vn -0.4752 0.4637 -0.7478
vn -0.1633 0.2702 -0.9489
vn -0.2287 0.2955 -0.9276
vn -0.1766 0.0832 -0.9808
vn -0.2556 0.1563 -0.9541
vn -0.1566 0.1026 -0.9823
vn -0.2183 0.2022 -0.9547
vn -0.3968 0.4177 -0.8174
vn -0.5074 0.4161 -0.7546
vn -0.4107 0.4682 -0.7824
vn -0.1022 0.0835 -0.9913
vn -0.1580 0.2440 -0.9568
vn -0.4568 0.5539 -0.6961
vn -0.4699 0.4191 -0.7769
vn -0.3666 0.5671 -0.7375
vn -0.3655 0.6393 -0.6766
vn -0.5288 0.6839 -0.5027
vn -0.6332 0.6243 -0.4576
vn 0.6832 -0.5965 0.4213
vn 0.6600 -0.6722 0.3354
vn 0.5900 -0.7588 0.2761
vn 0.6923 -0.6115 0.3832
vn 0.5176 -0.7193 0.4634
vn 0.5589 -0.5276 0.6397
vn 0.5534 -0.4329 0.7116
vn 0.7415 -0.6192 0.2582
vn 0.7440 -0.6100 0.2726
vn 0.7520 -0.5314 0.3901
vn 0.8037 -0.5691 0.1738
vn 0.6096 -0.4737 0.6356
vn 0.5973 -0.4406 0.6701
vn 0.7331 -0.5020 0.4588
vn 0.8074 -0.5540 0.2028
vn 0.5699 -0.3963 0.7198
vn 0.5710 -0.3613 0.7372
vn 0.6139 -0.4184 0.6694
vn 0.5917 -0.4964 0.6352
vn 0.5743 -0.4913 0.6548
vn 0.4964 -0.4315 0.7533
vn 0.6720 -0.5814 0.4586
vn 0.7054 -0.5795 0.4081
vn 0.7987 -0.5867 0.1335
vn 0.7430 -0.5503 0.3810
vn 0.8007 -0.5982 -0.0317
vn 0.7853 -0.6082 0.1155
vn 0.7018 -0.5491 0.4538
vn 0.6644 -0.4977 0.5576
vn 0.6254 -0.5447 0.5587
vn 0.7559 -0.5383 0.3726
vn 0.6774 -0.5599 0.4772
vn 0.7190 -0.3869 0.5774
vn 0.7489 -0.4313 0.5031
vn 0.5735 -0.3308 0.7495
vn 0.5796 -0.4681 0.6670
vn 0.5519 -0.1602 0.8184
vn 0.7086 -0.2923 0.6422
vn 0.7883 -0.1008 0.6070
vn 0.7332 0.2069 0.6478
vn 0.7742 -0.0246 0.6325
vn 0.6591 0.0798 0.7478
vn 0.5976 0.2850 0.7495
vn 0.6276 -0.0559 0.7765
vn 0.7401 -0.3470 0.5761
vn 0.6903 -0.5362 0.4859
vn 0.7514 -0.6398 0.1615
vn 0.5541 -0.4284 0.7138
vn 0.7604 -0.2887 0.5818
vn 0.7718 0.1040 0.6273
vn 0.7722 -0.1000 0.6274
vn 0.7008 -0.4550 0.5494
vn 0.7886 0.0969 0.6072
vn 0.9270 -0.1251 0.3537
vn 0.9296 -0.3379 0.1472
vn 0.7503 0.0170 0.6609
vn 0.7224 -0.0449 0.6901
vn 0.7131 -0.2350 0.6605
vn 0.7316 0.1596 0.6628
vn 0.6870 -0.5273 0.5000
vn 0.8412 -0.4518 0.2971
vn 0.7661 -0.1796 0.6171
vn 0.6800 -0.4040 0.6119
vn 0.7701 -0.6378 -0.0146
vn 0.7942 -0.6065 -0.0371
vn 0.7964 -0.5891 0.1365
vn 0.0836 -0.1396 0.9867
vn 0.2432 -0.0638 0.9679
vn 0.3807 -0.2932 0.8770
vn 0.3026 -0.2709 0.9138
vn 0.2278 -0.2298 0.9462
vn 0.0598 -0.0893 0.9942
vn 0.1476 -0.1117 0.9827
vn 0.1984 -0.1577 0.9673
vn 0.4274 -0.3270 0.8429
vn 0.2027 -0.2013 0.9583
vn 0.3160 -0.2516 0.9148
vn 0.5071 -0.3763 0.7754
vn 0.4274 -0.3306 0.8414
vn 0.4953 -0.3760 0.7831
vn 0.1510 -0.1933 0.9695
vn 0.1357 -0.4053 0.9040
vn -0.0208 -0.2050 0.9785
vn 0.1391 -0.1819 0.9734
vn 0.3943 -0.4024 0.8262
vn 0.2917 -0.3817 0.8770
vn 0.3765 -0.3829 0.8436
vn 0.4436 -0.4181 0.7927
vn 0.0160 -0.1963 0.9804
vn 0.0373 -0.2531 0.9667
vn 0.0850 -0.3012 0.9498
vn 0.0747 -0.3109 0.9475
vn 0.1120 -0.2493 0.9619
vn 0.0876 -0.1923 0.9774
vn 0.1692 -0.3498 0.9214
vn 0.2152 -0.4079 0.8873
vn 0.2082 -0.4658 0.8600
vn -0.5822 0.6457 -0.4941
vn -0.5670 0.6556 -0.4988
vn -0.5736 0.6560 -0.4906
vn -0.6040 0.6889 -0.4008
vn -0.6522 0.5816 -0.4863
vn -0.6324 0.5835 -0.5096
vn -0.7043 0.6570 -0.2689
vn -0.6658 0.5607 -0.4923
vn -0.6628 0.5802 -0.4735
vn -0.6671 0.6654 -0.3350
vn -0.7632 0.4611 -0.4527
vn -0.6892 0.4936 -0.5305
vn -0.5532 0.7141 -0.4290
vn -0.6134 0.6792 -0.4030
vn -0.5712 0.7469 -0.3404
vn -0.6553 0.7132 -0.2487
vn -0.6943 0.6941 -0.1902
vn -0.6465 0.6553 -0.3906
vn -0.5282 0.7975 -0.2915
vn -0.6826 0.7306 -0.0166
vn -0.4731 0.7308 -0.4920
vn -0.3401 0.7184 -0.6069
vn -0.4418 0.8558 -0.2693
vn -0.6740 0.7355 -0.0698
vn -0.5784 0.6402 -0.5055
vn -0.5531 0.5908 -0.5874
vn -0.7117 0.6836 -0.1619
vn -0.6621 0.6278 -0.4092
vn -0.5849 0.5310 -0.6131
vn -0.6952 0.6199 -0.3639
vn -0.0268 0.7341 -0.6785
vn -0.3173 0.8270 -0.4642
vn -0.2631 0.5698 -0.7785
vn -0.5319 0.6656 -0.5234
vn 0.2899 -0.3060 0.9068
vn 0.1179 -0.0904 0.9889
vn 0.5123 -0.3626 0.7785
vn 0.5838 -0.4244 0.6921
vn 0.4444 -0.3978 0.8026
vn 0.3604 -0.0353 0.9321
vn 0.5132 -0.1393 0.8469
vn 0.3079 0.2273 0.9239
vn 0.2674 0.2268 0.9365
vn 0.5061 -0.0749 0.8592
vn 0.2937 0.2153 0.9313
vn 0.3788 0.1808 0.9077
vn 0.2737 0.1296 0.9530
vn 0.5143 0.0016 0.8576
vn 0.1640 0.5669 -0.8073
vn 0.3824 0.6517 -0.6551
vn 0.7481 0.1391 -0.6488
vn 0.5791 0.0707 -0.8122
vn 0.0492 0.9317 -0.3600
vn -0.1957 0.8590 -0.4732
vn 0.3310 0.9146 -0.2322
vn 0.6229 0.6973 -0.3545
vn 0.8693 0.2550 -0.4234
vn 0.5987 0.0160 0.8008
vn 0.7861 0.1269 0.6049
vn 0.4426 0.5797 0.6842
vn 0.4566 0.0058 0.8896
vn 0.1565 0.5880 0.7936
vn 0.0310 0.5684 0.8222
vn 0.7923 -0.4269 0.4358
vn 0.7777 -0.4354 0.4535
vn 0.8604 -0.2698 0.4324
vn -0.3000 0.9383 0.1720
vn -0.1485 0.8353 0.5294
vn -0.0171 0.8368 0.5472
vn -0.0771 0.9526 0.2942
vn 0.4047 0.7982 0.4463
vn 0.3603 0.9006 0.2431
vn 0.8913 0.2710 0.3635
vn 0.9081 0.3838 0.1677
vn 0.9248 -0.3221 0.2027
vn 0.9527 -0.2931 0.0800
vn -0.0789 0.9964 -0.0296
vn 0.3338 0.9426 -0.0029
vn -0.3409 0.9329 -0.1160
vn 0.8080 0.5861 -0.0597
vn 0.9888 -0.0668 -0.1331
vn 0.9020 -0.3156 -0.2945
vn 0.8190 -0.3674 -0.4407
vn 0.8622 -0.5035 0.0559
vn 0.8572 -0.5146 0.0205
vn 0.8022 -0.5635 0.1973
vn 0.8216 -0.5398 0.1833
vn -0.0846 -0.4487 0.8897
vn 0.1579 -0.5064 0.8477
vn 0.1717 -0.4775 0.8617
vn -0.0520 -0.4542 0.8894
vn 0.5484 -0.4878 0.6792
vn 0.4928 -0.5338 0.6872
vn 0.7404 -0.4455 0.5033
vn 0.3751 -0.5099 0.7741
vn 0.0773 -0.5123 0.8553
vn -0.2843 -0.3929 0.8745
vn -0.3145 -0.3887 0.8660
vn -0.1989 -0.4701 0.8599
vn -0.5852 -0.3222 0.7441
vn -0.5966 -0.2498 0.7626
vn -0.6182 -0.2636 0.7405
vn 0.0161 -0.3595 0.9330
vn 0.2262 -0.3109 0.9231
vn 0.2116 -0.5774 0.7886
vn -0.0774 -0.5266 0.8466
vn 0.5299 -0.5480 0.6472
vn 0.3174 -0.1850 0.9301
vn -0.3177 -0.4628 0.8276
vn -0.2124 -0.3092 0.9270
vn -0.6504 -0.3186 0.6895
vn -0.6359 -0.1887 0.7483
vn 0.3065 0.2355 0.9223
vn 0.4232 0.1440 0.8945
vn 0.4250 -0.1667 0.8897
vn 0.2049 0.3148 0.9268
vn 0.4943 0.2179 0.8415
vn -0.3919 0.2715 0.8790
vn -0.9046 0.0464 0.4238
vn -0.7729 0.4215 0.4743
vn -0.7623 0.5877 0.2713
vn -0.1286 0.7078 0.6946
vn -0.7816 0.6235 -0.0182
vn -0.3334 0.7831 0.5249
vn 0.7296 0.0070 0.6838
vn 0.6669 -0.0868 0.7401
vn 0.6635 0.1568 0.7316
vn 0.6028 -0.0377 0.7970
vn -0.1762 0.6723 0.7190
vn 0.1025 0.3405 0.9346
vn 0.2243 0.2198 0.9494
vn -0.0589 0.6526 0.7554
vn 0.0277 0.3582 0.9332
vn -0.0101 0.2319 0.9727
vn 0.0286 0.7175 0.6960
vn 0.2296 0.5501 0.8029
vn 0.3609 -0.1328 0.9231
vn 0.2030 -0.0934 0.9747
vn 0.3821 0.0092 0.9241
vn 0.1079 -0.1213 0.9867
vn 0.1984 0.5193 0.8312
vn 0.0875 0.7632 0.6402
vn 0.0631 0.6844 0.7264
vn 0.4100 0.3030 0.8603
vn -0.0745 0.1697 0.9827
vn -0.9252 -0.1294 0.3567
vn -0.8897 -0.1745 0.4219
vn -0.9577 -0.0052 0.2876
vn -0.9485 -0.1314 0.2882
vn -0.3764 0.5987 -0.7071
vn -0.6108 0.5088 -0.6067
vn -0.7159 0.3712 -0.5914
vn -0.4987 0.5208 -0.6928
vn -0.7509 0.6385 -0.1688
vn -0.8561 0.4972 -0.1411
vn -0.9537 0.0045 -0.3007
vn -0.7932 0.3201 -0.5180
vn -0.9155 0.3138 -0.2518
vn -0.6696 0.5013 -0.5480
vn -0.9996 -0.0222 -0.0161
vn -0.6859 0.7074 0.1707
vn -0.9955 -0.0011 0.0946
vn -0.2992 0.6041 -0.7386
vn -0.1220 0.5691 -0.8132
vn 0.0548 0.5337 -0.8439
vn 0.0015 0.6249 -0.7807
vn -0.8742 -0.1503 0.4617
vn -0.9395 -0.0021 0.3426
vn -0.8603 -0.0716 0.5048
vn -0.9482 0.0920 0.3042
vn -0.9696 0.1702 0.1757
vn -0.8813 0.4200 -0.2167
vn -0.9549 0.2880 0.0729
vn -0.8162 0.5091 -0.2730
vn -0.6174 0.5605 -0.5520
vn -0.5431 0.6062 -0.5810
vn -0.8560 -0.0518 0.5144
vn -0.9614 0.1397 0.2371
vn -0.8713 -0.1064 0.4791
vn -0.9805 0.1202 0.1552
vn -0.3050 0.5367 -0.7867
vn -0.2074 0.5762 -0.7905
vn -0.4735 0.5750 -0.6673
vn -0.4657 0.5262 -0.7115
vn -0.7969 0.4783 -0.3691
vn -0.8014 0.4321 -0.4136
vn -0.9366 0.3382 -0.0919
vn -0.9424 0.3040 -0.1395
vn -0.8502 -0.2012 0.4866
vn -0.9859 0.0797 0.1474
vn -0.5251 -0.4307 0.7340
vn -0.4988 -0.4669 0.7302
vn -0.8643 -0.2343 0.4450
vn -0.9946 0.0548 0.0881
vn -0.3952 0.4182 -0.8179
vn -0.3204 0.4955 -0.8074
vn -0.5253 0.4882 -0.6969
vn -0.6961 0.3978 -0.5977
vn -0.8405 0.3907 -0.3753
vn -0.8964 0.3355 -0.2896
vn -0.9576 0.2641 -0.1151
vn -0.9616 0.2464 -0.1209
vn -0.8222 -0.0594 0.5661
vn -0.8085 -0.0782 0.5832
vn -0.6235 -0.2433 0.7430
vn -0.5584 -0.2553 0.7893
vn -0.6361 -0.1326 0.7601
vn -0.8533 0.0278 0.5206
vn -0.3028 -0.3325 0.8932
vn -0.3176 -0.4229 0.8487
vn -0.2155 -0.4037 0.8892
vn -0.9592 0.1845 0.2141
vn -0.9582 0.1432 0.2476
vn -0.9098 0.3721 -0.1839
vn -0.9058 0.3801 -0.1871
vn -0.9548 0.1953 0.2243
vn -0.8902 0.4157 -0.1865
vn -0.3437 0.5541 -0.7582
vn -0.3606 0.5258 -0.7704
vn -0.5655 0.5115 -0.6470
vn -0.5646 0.5617 -0.6047
vn -0.5898 0.4954 -0.6378
vn -0.4443 0.5296 -0.7226
vn 0.0943 -0.9720 0.2150
vn 0.1185 -0.9676 0.2228
vn 0.1437 -0.9698 0.1973
vn 0.0912 -0.9877 0.1274
vn 0.3348 -0.6904 0.6413
vn 0.2529 -0.7981 0.5468
vn 0.4023 -0.0503 0.9141
vn 0.3308 0.5340 0.7781
vn 0.2735 0.4601 0.8447
vn 0.3603 -0.2751 0.8914
vn 0.3064 0.6563 0.6895
vn 0.2126 0.5625 0.7990
vn 0.2412 0.2360 0.9413
vn 0.3639 0.2853 0.8867
vn 0.4591 -0.7386 0.4936
vn 0.4466 -0.6699 0.5930
vn 0.4727 -0.6866 0.5525
vn 0.4184 -0.8413 0.3424
vn 0.3881 -0.7556 0.5276
vn 0.4345 -0.7106 0.5534
vn 0.3785 -0.7246 0.5759
vn 0.4940 -0.6900 0.5290
vn 0.7552 0.6418 -0.1331
vn 0.8344 0.4064 -0.3724
vn 0.4836 0.7268 -0.4877
vn 0.3675 0.6439 -0.6711
vn -0.0318 -0.3953 -0.9180
vn -0.1500 0.0066 -0.9887
vn 0.2447 -0.2735 -0.9302
vn -0.0211 -0.0021 -0.9998
vn 0.2793 0.1579 -0.9471
vn 0.7451 -0.0978 -0.6598
vn 0.8355 0.0419 -0.5479
vn 0.4474 0.3517 -0.8223
vn 0.4718 -0.3290 -0.8180
vn 0.2848 -0.1635 -0.9445
vn 0.4658 -0.1301 -0.8753
vn -0.0020 0.0219 -0.9998
vn 0.8181 -0.1397 -0.5578
vn 0.3623 0.2565 -0.8961
vn 0.3929 0.0426 -0.9186
vn 0.7428 -0.3081 -0.5944
vn -0.1561 0.3128 -0.9369
vn -0.2347 0.4885 -0.8404
vn 0.2119 0.0484 -0.9761
vn -0.0456 -0.0907 -0.9948
vn 0.0151 0.9974 -0.0706
vn -0.0716 0.9854 -0.1547
vn 0.3936 0.8888 -0.2348
vn 0.4095 0.9036 0.1258
vn 0.3432 -0.1207 0.9315
vn 0.3726 -0.0291 0.9275
vn 0.0481 0.5310 0.8460
vn 0.2108 0.4131 0.8859
vn 0.7346 -0.4666 0.4926
vn 0.6534 -0.5416 0.5289
vn -0.0672 0.8895 0.4520
vn 0.2366 0.9025 0.3598
vn -0.2034 0.9791 -0.0012
vn 0.0703 0.9763 -0.2046
vn 0.8253 -0.2655 -0.4984
vn 0.9368 -0.0452 -0.3470
vn 0.4546 0.3332 -0.8260
vn 0.4692 0.0692 -0.8804
vn 0.8728 -0.4879 0.0095
vn 0.8453 -0.5120 0.1527
vn 0.7736 -0.5994 0.2053
vn 0.7197 -0.6534 0.2348
vn 0.8337 -0.2350 0.4997
vn 0.7480 -0.2828 0.6004
vn 0.8486 0.1680 0.5016
vn 0.7347 0.0316 0.6776
vn 0.7442 0.6020 0.2894
vn 0.8356 0.5056 0.2150
vn -0.4560 0.3582 -0.8147
vn -0.3389 0.4440 -0.8295
vn -0.3525 0.5890 -0.7272
vn -0.5478 0.4833 -0.6829
vn -0.3917 0.6025 -0.6954
vn -0.3863 0.5055 -0.7716
vn -0.6288 0.5836 -0.5138
vn -0.4383 0.6724 -0.5965
vn -0.3569 0.6640 -0.6571
vn 0.6254 -0.5536 0.5499
vn 0.6491 -0.4913 0.5808
vn 0.6095 -0.5094 0.6075
vn 0.5506 -0.5955 0.5850
vn 0.6358 -0.4451 0.6306
vn 0.6911 -0.4291 0.5816
vn 0.5155 -0.4507 0.7288
vn 0.4635 -0.5452 0.6985
vn 0.3087 -0.6811 0.6639
vn -0.3232 0.5633 -0.7604
vn -0.3910 0.5730 -0.7203
vn -0.3416 0.6866 -0.6418
vn -0.2859 0.6816 -0.6736
vn -0.1810 0.6626 -0.7268
vn -0.2280 0.5391 -0.8108
vn 0.4842 0.1399 -0.8637
vn 0.5790 0.1137 -0.8073
vn 0.6965 0.0438 -0.7163
vn 0.6419 0.0788 -0.7628
vn 0.6911 -0.0203 -0.7224
vn 0.6008 0.0708 -0.7963
vn 0.6550 -0.0146 -0.7555
vn 0.8588 -0.3718 -0.3525
vn 0.5045 0.1562 -0.8491
vn 0.4364 0.1925 -0.8789
vn 0.6364 -0.0183 -0.7712
vn 0.8274 -0.4002 -0.3940
vn 0.2610 0.1449 -0.9544
vn 0.5534 -0.0955 -0.8274
vn 0.7161 -0.2953 -0.6324
vn 0.6908 -0.7192 -0.0739
vn 0.6208 -0.7132 0.3255
vn 0.3412 -0.8288 0.4436
vn 0.4017 -0.6963 0.5949
vn 0.7073 -0.6075 0.3614
vn 0.4628 -0.5564 0.6901
vn 0.1339 -0.8753 0.4647
vn 0.1149 -0.9309 0.3467
vn 0.1826 -0.9352 0.3034
vn 0.2816 -0.8640 0.4173
vn 0.3264 -0.8767 0.3534
vn 0.4173 -0.7996 0.4318
vn 0.5440 -0.6719 0.5026
vn 0.4093 -0.7533 0.5148
vn 0.1758 -0.7979 0.5766
vn 0.3172 0.4679 -0.8249
vn -0.0521 0.6415 -0.7653
vn 0.8239 0.0841 -0.5604
vn 0.5696 0.3603 -0.7387
vn 0.1896 0.6079 -0.7710
vn 0.4515 -0.7010 0.5521
vn 0.4633 -0.7226 0.5130
vn 0.4595 -0.6204 0.6355
vn 0.4097 -0.6143 0.6744
vn 0.4823 -0.6602 0.5757
vn 0.5236 -0.6973 0.4895
vn 0.3795 -0.7171 0.5846
vn 0.4461 -0.7256 0.5240
vn 0.5020 -0.7310 0.4623
vn 0.8538 0.0532 -0.5178
vn 0.5065 0.4074 -0.7599
vn 0.8957 -0.0358 -0.4433
vn 0.4858 0.2942 -0.8231
vn 0.7329 -0.1631 -0.6606
vn 0.1048 0.0752 -0.9916
vn 0.3518 0.0242 -0.9358
vn 0.8475 -0.2171 -0.4844
vn 0.8163 -0.1040 -0.5682
vn 0.3689 0.1625 -0.9152
vn 0.4103 -0.2865 0.8658
vn 0.3837 -0.4830 0.7871
vn 0.5453 -0.4583 0.7019
vn 0.5694 -0.3307 0.7526
vn -0.4689 0.5854 -0.6614
vn -0.4601 0.6935 -0.5545
vn -0.4996 0.7322 -0.4630
vn -0.5038 0.5182 -0.6912
vn -0.4203 0.8206 -0.3872
vn -0.4387 0.6300 -0.6408
vn 0.8545 -0.0425 0.5177
vn 0.8288 -0.4124 0.3782
vn 0.6615 -0.1606 0.7325
vn 0.5395 -0.5323 0.6524
vn 0.7078 -0.6861 0.1681
vn 0.3673 -0.7942 0.4841
vn 0.1556 0.6740 -0.7221
vn 0.0789 0.6778 -0.7310
vn 0.0185 0.5131 -0.8581
vn 0.0926 0.4920 -0.8657
vn -0.0779 0.2636 -0.9615
vn -0.0044 0.1282 -0.9917
vn 0.2326 -0.2049 0.9507
vn 0.3283 -0.1992 0.9233
vn 0.4697 -0.3263 0.8203
vn 0.3986 -0.3016 0.8661
vn 0.3723 -0.1879 0.9089
vn 0.2605 -0.0299 0.9650
vn -0.2526 0.3969 -0.8824
vn -0.1970 0.3878 -0.9004
vn -0.3464 0.3564 -0.8678
vn -0.2495 0.4739 -0.8445
vn -0.2194 0.4890 -0.8443
vn -0.2990 0.4403 -0.8466
vn -0.3027 0.4989 -0.8121
vn -0.2168 0.6112 -0.7612
vn -0.2008 0.6132 -0.7640
vn 0.0270 0.4709 -0.8818
vn -0.2804 0.7857 -0.5514
vn -0.0083 0.4965 -0.8680
vn -0.1607 0.7696 -0.6179
vn -0.3095 0.9279 -0.2080
vn -0.1110 0.9274 -0.3571
vn 0.5706 -0.6847 0.4535
vn 0.6609 -0.7108 0.2410
vn 0.5420 -0.7809 0.3107
vn 0.5127 -0.7840 0.3500
vn 0.4851 -0.7699 0.4147
vn 0.6400 -0.7157 0.2796
vn 0.4706 -0.6975 0.5404
vn 0.5524 -0.7968 0.2449
vn 0.5175 -0.7827 0.3457
vn 0.2609 -0.4692 0.8437
vn 0.2612 -0.5369 0.8022
vn 0.2714 -0.4656 0.8423
vn 0.2641 0.0279 0.9641
vn 0.2503 -0.0176 0.9680
vn 0.2950 -0.1739 0.9395
vn 0.2566 -0.0484 0.9653
vn 0.2513 -0.2063 0.9457
vn 0.1872 -0.0947 0.9777
vn 0.3475 -0.2631 0.9000
vn 0.2841 -0.2844 0.9156
vn 0.2838 -0.1949 0.9389
vn 0.4034 -0.3288 0.8539
vn 0.3164 -0.4249 0.8482
vn 0.2441 -0.3296 0.9120
vn 0.4033 -0.2810 0.8709
vn 0.3294 -0.2996 0.8954
vn 0.4371 -0.4214 0.7946
vn 0.8223 -0.5296 -0.2080
vn 0.8853 -0.4428 -0.1417
vn 0.6369 -0.7091 0.3027
vn 0.6395 -0.6828 0.3532
vn 0.9295 -0.3662 -0.0427
vn 0.6575 -0.6360 0.4039
vn -0.4360 0.6556 -0.6166
vn -0.3920 0.6785 -0.6212
vn -0.3858 0.7228 -0.5733
vn -0.4436 0.6488 -0.6183
vn -0.4377 0.6684 -0.6014
vn -0.4092 0.6390 -0.6513
vn -0.3143 0.1642 -0.9350
vn -0.3510 0.2230 -0.9094
vn -0.4171 0.5916 -0.6899
vn -0.4257 0.4386 -0.7914
vn -0.3550 0.1854 -0.9163
vn -0.4282 0.5205 -0.7387
vn 0.8941 0.3896 0.2208
vn 0.7858 0.5743 0.2295
vn 0.3483 0.7287 -0.5896
vn 0.5697 0.5573 -0.6040
vn 0.5558 0.6426 -0.5274
vn 0.9341 0.0728 0.3494
vn 0.6543 -0.3274 0.6817
vn 0.5661 -0.0718 0.8212
vn 0.5290 0.0292 0.8481
vn 0.6243 0.0111 0.7811
vn 0.8734 0.3888 0.2932
vn 0.4827 0.7918 -0.3741
vn 0.2990 -0.1579 0.9411
vn 0.2702 -0.2395 0.9325
vn 0.3048 -0.1172 0.9452
vn 0.3955 -0.6972 0.5979
vn 0.4109 -0.6681 0.6203
vn 0.4097 -0.8542 0.3202
vn 0.3820 -0.8974 0.2207
vn -0.2965 -0.0138 -0.9549
vn -0.4059 0.2612 -0.8758
vn -0.4112 0.0907 -0.9070
vn -0.1918 -0.3510 -0.9165
vn -0.3089 0.0724 -0.9483
vn -0.1015 -0.4324 -0.8960
vn -0.1477 -0.3440 -0.9273
vn -0.1867 -0.2758 -0.9429
vn -0.2447 -0.0358 -0.9689
vn 0.8060 -0.2818 0.5205
vn 0.2371 0.8474 -0.4751
vn 0.9117 0.3977 0.1030
vn 0.3550 0.7200 -0.5964
vn 0.9602 0.2792 -0.0109
vn 0.7850 -0.4313 0.4447
vn 0.5300 0.5837 -0.6152
vn 0.9836 0.1248 -0.1306
vn 0.8729 -0.4325 0.2258
vn 0.4543 -0.5609 0.6921
vn 0.5430 -0.5401 0.6430
vn 0.4244 -0.6396 0.6409
vn 0.4988 -0.7214 0.4805
vn 0.4155 -0.8268 0.3792
vn 0.5959 -0.6179 0.5129
vn 0.4207 -0.7424 0.5214
vn 0.4764 -0.7893 0.3874
vn 0.6152 -0.6740 0.4089
vn 0.3035 0.8841 0.3552
vn 0.4184 0.6475 0.6370
vn 0.2103 0.0642 0.9755
vn 0.2019 0.4529 0.8684
vn 0.2280 0.9464 -0.2287
vn 0.0546 0.9732 -0.2235
vn -0.4243 0.4852 -0.7646
vn -0.5191 0.5802 -0.6276
vn -0.5303 0.5889 -0.6099
vn -0.4382 0.4883 -0.7547
vn -0.5114 0.4838 -0.7102
vn -0.3952 0.4389 -0.8069
vn 0.7552 -0.5054 0.4174
vn 0.8831 -0.4235 0.2019
vn 0.8415 -0.5159 0.1606
vn 0.7269 -0.5926 0.3470
vn 0.7812 -0.5495 0.2962
vn 0.8802 -0.4250 0.2114
vn 0.7735 -0.5409 0.3304
vn 0.8421 -0.5136 0.1647
vn 0.7212 -0.5803 0.3783
vn 0.2564 -0.5542 0.7919
vn 0.2078 -0.6027 0.7704
vn 0.2463 -0.5225 0.8163
vn 0.0924 -0.8915 0.4435
vn 0.1591 -0.8746 0.4580
vn 0.0771 -0.9480 0.3089
vn 0.0627 -0.9359 0.3465
vn 0.2013 -0.8453 0.4949
vn 0.3416 -0.7100 0.6158
vn 0.3138 0.4036 0.8594
vn 0.5688 0.1485 0.8090
vn 0.4842 0.0230 0.8747
vn 0.2442 0.1719 0.9544
vn 0.4648 0.0875 0.8811
vn 0.6097 -0.0642 0.7901
vn 0.3552 -0.5772 0.7353
vn 0.2950 -0.6710 0.6803
vn 0.4321 -0.6429 0.6325
vn 0.4311 -0.5747 0.6956
vn 0.3880 -0.7337 0.5577
vn 0.2997 -0.7396 0.6026
vn 0.3992 -0.8685 0.2938
vn 0.4168 -0.8824 0.2183
vn 0.3807 -0.8968 0.2253
vn 0.4187 -0.8459 0.3305
vn 0.3847 -0.7504 0.5374
vn 0.4710 -0.6711 0.5726
vn -0.3091 0.4342 -0.8461
vn -0.1929 0.3506 -0.9164
vn -0.0291 0.5299 -0.8476
vn -0.1964 0.6151 -0.7636
vn -0.0000 0.6857 -0.7279
vn -0.0792 0.7947 -0.6019
vn -0.3602 0.0108 -0.9328
vn -0.3940 0.0933 -0.9144
vn -0.3541 -0.0734 -0.9323
vn -0.3691 0.0285 -0.9289
vn -0.3326 0.1563 -0.9300
vn -0.3897 0.3043 -0.8692
vn -0.3025 0.7022 -0.6445
vn -0.0742 0.6932 -0.7169
vn -0.0510 0.6212 -0.7820
vn -0.3365 0.6317 -0.6984
vn -0.1810 0.5015 -0.8460
vn -0.3944 0.5233 -0.7553
vn 0.1616 -0.3342 0.9286
vn 0.2562 -0.2678 0.9288
vn 0.0876 0.0033 0.9962
vn -0.0399 -0.1267 0.9911
vn 0.5571 -0.6241 0.5478
vn 0.4788 -0.6997 0.5303
vn 0.5880 -0.3517 0.7284
vn 0.5236 -0.1462 0.8393
vn 0.4107 -0.2937 0.8632
vn 0.6149 -0.6248 0.4812
vn 0.4202 -0.4857 0.7665
vn 0.3451 -0.5460 0.7634
vn 0.4777 -0.6624 0.5771
vn 0.4383 -0.7280 0.5271
vn 0.4165 -0.4621 0.7830
vn 0.5213 -0.6703 0.5281
vn 0.6212 -0.5841 0.5224
vn 0.0464 -0.4742 0.8792
vn 0.0203 -0.5696 0.8217
vn 0.1884 -0.5862 0.7879
vn 0.3169 -0.4645 0.8269
vn 0.0767 -0.6944 0.7154
vn 0.1406 -0.6900 0.7100
vn 0.1851 -0.8950 0.4059
vn 0.1604 -0.8729 0.4607
vn 0.1651 -0.8943 0.4159
vn 0.0774 -0.8715 0.4843
vn 0.1254 -0.8306 0.5425
vn 0.2454 -0.8177 0.5207
vn 0.4129 -0.6281 0.6596
vn 0.0949 -0.8850 0.4558
vn 0.1152 -0.8209 0.5593
vn 0.5737 -0.2747 0.7716
vn 0.6543 0.0192 0.7560
vn 0.5314 -0.3768 0.7587
vn 0.6795 0.1336 0.7214
vn 0.6769 0.0177 0.7358
vn 0.4040 -0.5171 0.7546
vn 0.6829 -0.2474 0.6873
vn 0.7267 -0.2842 0.6254
vn 0.4681 -0.2517 0.8471
vn 0.4399 -0.2618 0.8590
vn 0.1845 -0.1390 0.9730
vn 0.1670 -0.2155 0.9621
vn 0.3938 -0.4297 0.8126
vn 0.2794 -0.2557 0.9255
vn 0.3678 -0.5975 0.7126
vn 0.4001 -0.4315 0.8086
vn 0.3020 -0.2472 0.9207
vn 0.3766 -0.6859 0.6226
vn 0.4739 -0.7001 0.5341
vn 0.3707 -0.4615 0.8060
vn 0.3083 -0.2515 0.9175
vn 0.4516 -0.7290 0.5143
vn 0.4439 -0.7196 0.5341
vn 0.4750 -0.8333 0.2829
vn 0.4299 -0.7401 0.5171
vn 0.4348 -0.7108 0.5530
vn 0.5566 -0.8081 0.1930
vn 0.4330 -0.7475 0.5037
vn 0.4239 -0.7492 0.5090
vn 0.0129 0.5474 -0.8368
vn -0.0463 0.6329 -0.7728
vn -0.1692 0.4853 -0.8578
vn -0.1018 0.4359 -0.8942
vn -0.2656 0.2208 -0.9385
vn -0.2408 0.1466 -0.9594
vn -0.3257 0.2539 -0.9107
vn -0.2154 0.2124 -0.9532
vn -0.1899 0.6539 -0.7323
vn -0.0604 0.6245 -0.7787
vn -0.0144 0.1230 -0.9923
vn -0.0922 0.1108 -0.9896
vn 0.0917 0.5454 -0.8332
vn 0.1989 0.4035 -0.8931
vn 0.0337 0.3305 -0.9432
vn -0.0466 0.8883 -0.4568
vn 0.0307 0.8331 -0.5523
vn -0.1014 0.8579 -0.5038
vn -0.2254 0.6302 -0.7430
vn -0.2725 0.4648 -0.8424
vn 0.0580 0.7346 -0.6761
vn -0.2632 0.6462 -0.7163
vn -0.4032 0.5965 -0.6940
vn -0.3799 0.5293 -0.7587
vn -0.3289 0.4906 -0.8070
vn -0.3585 0.4322 -0.8275
vn -0.2576 -0.0374 -0.9655
vn -0.1414 -0.2278 -0.9634
vn -0.3086 0.5591 -0.7696
vn -0.3918 0.3699 -0.8424
vn -0.4314 0.2247 -0.8737
vn -0.4721 0.2202 -0.8536
vn -0.4126 0.3784 -0.8286
vn -0.3742 0.3939 -0.8395
vn -0.3856 0.5363 -0.7508
vn -0.4067 0.6283 -0.6633
vn -0.4123 0.6901 -0.5948
vn -0.2624 0.2077 -0.9423
vn -0.1715 0.3560 -0.9186
vn -0.4304 0.6830 -0.5901
vn -0.3188 0.7056 -0.6329
vn -0.3434 0.7465 -0.5699
vn -0.2687 0.8699 -0.4137
vn -0.2832 0.5123 -0.8108
vn -0.0869 0.8327 -0.5468
vn -0.2084 0.4931 -0.8446
vn -0.2355 0.5005 -0.8331
vn 0.0551 0.5784 -0.8139
vn 0.0057 0.7478 -0.6639
vn 0.1328 0.8060 -0.5769
vn 0.0518 0.9054 -0.4214
vn 0.1781 0.6403 -0.7472
vn -0.3037 0.8666 -0.3960
vn -0.1138 0.9680 -0.2235
vn -0.4047 0.6318 -0.6611
vn -0.4616 0.6205 -0.6340
vn -0.3660 0.4520 -0.8135
vn -0.3708 0.5871 -0.7196
vn -0.1360 0.1430 -0.9803
vn -0.2401 0.4833 -0.8419
vn 0.0010 0.0837 -0.9965
vn -0.2413 0.4450 -0.8624
vn -0.1526 0.5655 -0.8105
vn -0.1156 0.3579 -0.9266
vn -0.0652 0.4918 -0.8682
vn 0.0133 0.5384 -0.8426
vn -0.1207 0.7020 -0.7018
vn -0.1053 0.7038 -0.7026
vn -0.0324 0.6950 -0.7183
vn -0.3978 0.6201 -0.6762
vn -0.4736 0.6473 -0.5972
vn -0.3079 0.7187 -0.6235
vn -0.2432 0.7130 -0.6576
vn -0.5316 0.6531 -0.5393
vn -0.4503 0.5937 -0.6669
vn -0.4362 0.6337 -0.6389
vn -0.3886 0.7107 -0.5865
vn -0.0939 0.8074 -0.5825
vn -0.0439 0.8597 -0.5089
vn -0.4056 0.6233 -0.6686
vn -0.1190 0.8447 -0.5218
vn -0.5581 0.6184 -0.5533
vn -0.4083 0.5811 -0.7040
vn -0.8264 0.5380 -0.1662
vn -0.8636 0.5024 -0.0432
vn -0.6783 0.5719 -0.4613
vn -0.4106 0.5734 -0.7090
vn -0.8732 0.3206 0.3670
vn -0.9000 0.3414 0.2710
vn -0.7381 0.0974 0.6676
vn -0.7124 0.0813 0.6971
vn -0.4122 -0.1298 0.9018
vn -0.4279 -0.1585 0.8898
vn -0.0882 -0.3030 0.9489
vn -0.1606 -0.3216 0.9332
vn 0.3305 -0.4446 0.8325
vn 0.7302 -0.4626 0.5028
vn 0.7425 -0.5124 0.4314
vn 0.3079 -0.4866 0.8176
vn 0.9131 -0.3881 0.1253
vn 0.9098 -0.3848 0.1553
vn 0.9084 -0.4103 0.0799
vn 0.9069 -0.4148 0.0737
vn 0.2228 -0.1716 0.9596
vn 0.2846 -0.2203 0.9330
vn 0.1861 -0.1551 0.9702
vn 0.0023 -0.1423 0.9898
vn 0.0843 -0.1524 0.9847
vn 0.2152 -0.3505 0.9115
vn 0.5120 -0.7136 0.4781
vn 0.1231 -0.2173 0.9683
vn 0.0242 -0.0471 0.9986
vn 0.5714 -0.8003 0.1818
vn 0.5330 -0.7185 0.4468
vn 0.5530 -0.7623 0.3361
vn 0.5670 -0.7946 0.2171
vn 0.5078 -0.5898 0.6280
vn 0.5798 -0.6853 0.4408
vn 0.5937 -0.6186 0.5147
vn 0.6248 -0.6910 0.3635
vn 0.6248 -0.7213 0.2988
vn 0.6331 -0.7373 0.2358
vn 0.1606 -0.0894 0.9830
vn 0.1177 -0.1258 0.9851
vn 0.0879 -0.1285 0.9878
vn 0.3038 -0.1352 0.9431
vn 0.2213 -0.2892 0.9313
vn 0.3445 -0.5110 0.7875
vn 0.3241 -0.0818 0.9425
vn 0.4659 -0.1086 0.8781
vn 0.2968 -0.2637 0.9178
vn 0.4005 -0.5129 0.7593
vn 0.2246 -0.2705 0.9362
vn 0.5263 -0.5888 0.6134
vn 0.3138 -0.2355 0.9198
vn -0.2089 0.7521 -0.6251
vn -0.1328 0.6111 -0.7803
vn -0.2931 0.5863 -0.7552
vn -0.3505 0.6923 -0.6308
vn 0.1939 0.4850 -0.8528
vn -0.0384 0.4901 -0.8708
vn -0.3246 0.4917 -0.8080
vn -0.4477 0.5518 -0.7036
vn -0.4988 0.6390 -0.5856
vn -0.0059 -0.3642 0.9313
vn 0.0864 -0.2645 0.9605
vn -0.0841 -0.4587 0.8846
vn 0.1658 -0.3462 0.9234
vn 0.2066 -0.2435 0.9476
vn 0.2032 -0.5432 0.8146
vn 0.3472 -0.6917 0.6333
vn 0.5273 -0.3319 0.7822
vn 0.3566 -0.3336 0.8727
vn 0.3556 -0.2519 0.9001
vn 0.5169 -0.2684 0.8129
vn 0.3357 0.3362 -0.8799
vn 0.1773 0.5066 -0.8437
vn 0.4764 0.2054 -0.8549
vn 0.2408 0.3723 -0.8963
vn 0.0116 0.6183 -0.7858
vn -0.0387 0.4877 -0.8721
vn 0.0862 -0.7615 0.6425
vn 0.2009 -0.7648 0.6121
vn 0.2870 -0.8025 0.5231
vn 0.5094 -0.6697 0.5404
vn 0.4080 -0.7004 0.5856
vn 0.3912 -0.7607 0.5179
vn -0.4143 0.6650 -0.6214
vn -0.2658 0.7030 -0.6597
vn -0.0866 0.6936 -0.7152
vn -0.3818 0.2985 -0.8747
vn -0.4059 0.2643 -0.8749
vn -0.3732 0.2286 -0.8992
vn 0.5201 -0.2348 0.8212
vn 0.3886 -0.1455 0.9099
vn 0.2560 -0.0960 0.9619
vn -0.4106 0.4704 -0.7811
vn -0.3958 0.2844 -0.8732
vn -0.2292 0.2005 -0.9525
vn -0.5258 0.8503 0.0250
vn -0.3964 0.9172 -0.0405
vn -0.4349 0.8576 -0.2746
vn -0.3051 0.9126 -0.2723
vn -0.1636 -0.9422 0.2923
vn -0.5718 -0.8202 0.0159
vn -0.1958 -0.8370 0.5110
vn -0.6529 -0.7196 0.2363
vn -0.8472 0.2761 -0.4538
vn -0.8412 0.0769 -0.5352
vn -0.8382 -0.4103 -0.3592
vn -0.9469 -0.2720 -0.1716
vn -0.1708 -0.6048 0.7778
vn -0.6725 -0.4634 0.5771
vn -0.1542 -0.3078 0.9389
vn -0.5528 -0.2148 0.8052
vn -0.9730 0.0417 0.2270
vn -0.7246 0.3071 0.6170
vn -0.6253 0.7583 0.1843
vn -0.8155 0.5485 -0.1847
vn -0.2890 0.7503 0.5946
vn -0.1945 0.2473 0.9492
vn -0.4287 0.8873 -0.1701
vn -0.2745 0.9616 -0.0045
vn -0.5448 0.7558 -0.3633
vn -0.6298 0.6251 -0.4610
vn -0.7163 0.4736 -0.5125
vn 0.5433 -0.4360 0.7175
vn 0.6356 -0.4606 0.6196
vn 0.7523 -0.4627 0.4690
vn 0.6725 -0.4421 0.5936
vn 0.7131 -0.4582 0.5305
vn 0.7348 -0.4908 0.4682
vn 0.9075 -0.3353 0.2531
vn 0.7740 -0.4409 0.4544
vn 0.7748 -0.4275 0.4657
vn 0.8805 -0.3250 0.3451
vn 0.5685 -0.3996 0.7191
vn 0.6372 -0.4069 0.6546
vn 0.5453 -0.3975 0.7380
vn 0.5850 -0.4050 0.7027
vn 0.6973 -0.4169 0.5830
vn 0.6401 -0.4013 0.6552
vn 0.7067 -0.3848 0.5937
vn 0.7405 -0.4213 0.5237
vn 0.7708 -0.3652 0.5220
vn 0.7581 -0.3808 0.5294
vn 0.5247 -0.4248 0.7377
vn 0.4520 -0.5704 0.6858
vn 0.3703 -0.5124 0.7748
vn 0.3395 -0.4139 0.8447
vn 0.3560 -0.5717 0.7392
vn 0.4549 -0.5965 0.6612
vn 0.6953 -0.5563 0.4550
vn 0.7152 -0.5602 0.4179
vn 0.7047 -0.5820 0.4059
vn 0.6465 -0.6104 0.4577
vn 0.8367 -0.4665 0.2869
vn 0.7534 -0.5341 0.3836
vn 0.5318 -0.6098 0.5876
vn 0.5353 -0.6130 0.5811
vn 0.6165 -0.4885 0.6175
vn 0.6703 -0.5311 0.5183
vn 0.5769 -0.6328 0.5164
vn 0.5936 -0.6187 0.5145
vn 0.6104 -0.6343 0.4744
vn 0.6782 -0.5476 0.4901
vn 0.6649 -0.5937 0.4532
vn 0.3181 -0.3230 0.8913
vn 0.3940 -0.1830 0.9007
vn 0.5316 -0.3424 0.7747
vn 0.5085 -0.3855 0.7700
vn 0.7511 -0.5135 0.4150
vn 0.8243 -0.4894 0.2847
vn 0.8303 -0.4146 0.3725
vn 0.7821 -0.4241 0.4566
vn 0.6725 -0.5082 0.5381
vn 0.6827 -0.5166 0.5167
vn 0.7367 -0.4384 0.5149
vn 0.7075 -0.4642 0.5330
vn 0.6514 -0.4487 0.6118
vn 0.6604 -0.4691 0.5864
vn 0.5592 -0.3025 0.7719
vn 0.4008 -0.1409 0.9053
vn 0.4133 -0.0127 0.9105
vn 0.6619 -0.1661 0.7309
vn 0.7075 -0.4303 0.5606
vn 0.7148 -0.4601 0.5267
vn 0.8692 0.0347 0.4933
vn 0.8873 0.0371 0.4596
vn 0.4025 0.6474 0.6472
vn 0.6674 0.6762 0.3121
vn -0.1389 0.8864 -0.4416
vn 0.0989 0.9206 -0.3778
vn 0.5830 0.8123 0.0138
vn 0.5531 0.8259 0.1095
vn 0.0148 0.9333 -0.3589
vn -0.1728 0.9425 -0.2862
vn -0.3596 0.5446 -0.7577
vn -0.1203 0.7897 -0.6016
vn -0.2807 0.5828 -0.7626
vn -0.2613 0.6615 -0.7029
vn -0.6424 0.6433 -0.4165
vn -0.5418 0.7225 -0.4296
vn -0.3152 0.8217 -0.4749
vn -0.5088 0.6917 -0.5126
vn -0.4482 0.5536 -0.7019
vn -0.4101 0.5778 -0.7056
vn -0.5037 0.5958 -0.6255
vn -0.5459 0.5577 -0.6252
vn -0.3493 0.5973 -0.7220
vn -0.4840 0.6158 -0.6217
vn -0.2883 0.5140 -0.8079
vn -0.4284 0.4988 -0.7534
vn -0.3870 0.4076 -0.8271
vn -0.5380 0.4129 -0.7349
vn -0.6528 0.5443 -0.5268
vn -0.6995 0.4776 -0.5316
vn -0.7135 0.5132 -0.4769
vn -0.7164 0.5551 -0.4226
vn -0.6487 0.6021 -0.4655
vn -0.6373 0.5405 -0.5492
vn -0.6190 0.6195 -0.4828
vn -0.5459 0.5489 -0.6330
vn -0.5853 0.5398 -0.6050
vn -0.6234 0.5627 -0.5429
vn -0.6611 0.5308 -0.5302
vn -0.3767 0.4542 -0.8073
vn -0.5055 0.5104 -0.6956
vn -0.4016 0.4383 -0.8041
vn -0.5507 0.4994 -0.6688
vn -0.6284 0.5467 -0.5534
vn -0.6445 0.5337 -0.5476
vn -0.6702 0.5393 -0.5099
vn -0.6545 0.5800 -0.4851
vn -0.6340 0.5821 -0.5091
vn -0.6734 0.5372 -0.5079
vn -0.5779 0.4239 -0.6974
vn -0.5562 0.4615 -0.6911
vn -0.4481 0.4068 -0.7961
vn -0.4622 0.3882 -0.7973
vn -0.3825 0.3748 -0.8445
vn -0.3791 0.3505 -0.8564
vn -0.6542 0.5042 -0.5637
vn -0.6735 0.4456 -0.5898
vn -0.6971 0.4676 -0.5436
vn -0.6779 0.5195 -0.5201
vn -0.4805 0.4868 -0.7295
vn -0.3892 0.5291 -0.7540
vn -0.4264 0.4610 -0.7782
vn -0.6198 0.4678 -0.6302
vn -0.6218 0.4516 -0.6398
vn -0.4556 0.5065 -0.7320
vn -0.5281 0.4759 -0.7032
vn -0.4897 0.4936 -0.7187
vn -0.4114 0.5032 -0.7600
vn -0.5477 0.4440 -0.7091
vn -0.5870 0.4336 -0.6837
vn -0.4985 0.4379 -0.7482
vn -0.5009 0.5088 -0.7002
vn -0.5538 0.5396 -0.6341
vn -0.4943 0.4572 -0.7393
vn -0.2348 0.5369 -0.8103
vn -0.3226 0.9410 0.1019
vn -0.0700 0.6963 0.7143
vn -0.0009 0.7392 0.6735
vn -0.3599 0.9330 0.0074
vn -0.0379 0.6421 0.7656
vn -0.2035 0.9612 0.1863
vn 0.7092 0.4201 0.5662
vn 0.7551 -0.0544 0.6534
vn 0.6977 -0.0620 0.7137
vn 0.7257 0.3061 0.6161
vn 0.6636 0.3661 0.6524
vn 0.6779 -0.1722 0.7147
vn 0.7216 -0.1976 0.6635
vn 0.6951 -0.2294 0.6814
vn 0.7332 -0.1438 0.6647
vn -0.1565 0.9096 0.3849
vn -0.0301 0.5301 0.8474
vn -0.0669 0.7501 0.6580
vn -0.0306 0.4789 0.8774
vn 0.0100 0.6143 0.7890
vn 0.0284 0.4981 0.8667
vn 0.0586 0.5202 0.8520
vn 0.0951 0.5056 0.8575
vn 0.4145 0.4724 0.7779
vn 0.3612 0.1610 0.9185
vn 0.2581 -0.5308 0.8072
vn 0.2594 0.2755 0.9256
vn 0.3107 -0.3643 0.8779
vn 0.3834 -0.4781 0.7902
vn 0.2391 -0.5646 0.7900
vn 0.2004 -0.3494 0.9153
vn 0.0511 -0.4889 0.8708
vn 0.0349 -0.1172 0.9925
vn 0.1085 0.6720 0.7326
vn 0.3285 0.9307 0.1610
vn 0.4833 0.4316 0.7617
vn -0.1121 -0.1820 0.9769
vn 0.4698 0.4479 0.7607
vn -0.2512 -0.3645 0.8967
vn -0.3363 -0.3936 0.8555
vn -0.0371 0.0600 0.9975
vn 0.4948 0.5771 0.6498
vn -0.2669 -0.5082 0.8188
vn 0.1022 0.0043 0.9948
vn 0.0557 0.0940 0.9940
vn -0.5779 -0.3510 0.7367
vn 0.6391 0.5185 0.5681
vn 0.5500 0.5847 0.5963
vn -0.9029 0.2210 -0.3687
vn -0.8157 0.3420 -0.4666
vn -0.8941 0.3306 -0.3022
vn -0.9610 0.1324 -0.2430
vn -0.7681 0.3478 -0.5376
vn -0.6826 0.5029 -0.5303
vn -0.7527 0.6081 -0.2523
vn -0.5150 0.8461 0.1374
vn -0.5765 0.8163 -0.0359
vn -0.8922 0.3943 -0.2203
vn -0.1397 0.9568 -0.2550
vn -0.1622 0.9791 0.1231
vn -0.9385 0.2203 -0.2657
vn -0.8500 0.3489 -0.3947
vn -0.9977 0.0654 -0.0171
vn -0.9883 0.1451 -0.0464
vn -0.8848 0.3546 -0.3024
vn -0.8498 0.3873 -0.3576
vn -0.1108 0.1661 -0.9799
vn -0.0602 -0.0209 -0.9980
vn 0.1917 0.5677 -0.8006
vn 0.1127 0.7242 -0.6803
vn -0.2864 0.0147 -0.9580
vn -0.2443 -0.0966 -0.9649
vn 0.1917 0.9610 -0.1993
vn 0.3905 0.8886 -0.2405
vn 0.2372 0.9082 -0.3448
vn -0.0170 0.9134 -0.4066
vn 0.2900 -0.7592 0.5826
vn 0.3206 -0.8468 0.4245
vn 0.3411 -0.6515 0.6776
vn 0.3374 -0.6779 0.6532
vn -0.2086 0.1708 -0.9630
vn -0.1708 0.0588 -0.9835
vn 0.0082 0.0613 -0.9981
vn -0.0168 0.2324 -0.9725
vn -0.2569 0.2411 -0.9359
vn -0.1371 0.4218 -0.8963
vn -0.3538 0.6087 -0.7101
vn -0.2455 0.7456 -0.6196
vn -0.3339 0.7565 -0.5624
vn -0.3083 0.7599 -0.5723
vn 0.4500 -0.7179 0.5311
vn 0.3527 -0.9134 0.2031
vn 0.5026 -0.8292 0.2445
vn 0.5412 -0.6682 0.5105
vn 0.5425 -0.6473 0.5355
vn 0.4836 -0.6800 0.5511
vn 0.4558 0.2620 0.8506
vn 0.4960 -0.0264 0.8679
vn 0.4204 0.3809 0.8235
vn 0.2964 0.3672 0.8817
vn 0.3788 0.2448 0.8925
vn 0.4906 -0.0904 0.8667
vn -0.4976 0.6189 -0.6078
vn -0.3693 0.4149 -0.8316
vn -0.4374 0.3704 -0.8195
vn -0.5790 0.4886 -0.6527
vn -0.8410 0.2106 0.4983
vn -0.6522 -0.0059 0.7580
vn -0.5413 0.2389 0.8062
vn -0.7663 0.4468 0.4617
vn -0.2189 -0.0274 0.9754
vn -0.3274 -0.2294 0.9166
vn 0.3740 -0.2709 0.8870
vn 0.2916 -0.4425 0.8480
vn 0.7824 -0.4283 0.4521
vn 0.8164 -0.2492 0.5210
vn 0.9177 -0.3188 0.2372
vn 0.9385 -0.3087 0.1546
vn 0.9611 -0.2104 0.1790
vn 0.9724 -0.2305 0.0358
vn 0.9251 -0.3409 0.1670
vn 0.8894 -0.3885 0.2408
vn 0.8072 -0.4497 0.3823
vn 0.8141 -0.4250 0.3958
vn 0.7933 -0.5981 0.1139
vn 0.7271 -0.5887 0.3532
vn 0.7186 -0.5792 0.3849
vn 0.7775 -0.5980 0.1948
vn 0.6825 -0.5502 0.4811
vn 0.6795 -0.5787 0.4509
vn 0.4191 0.1758 0.8907
vn 0.3470 0.1146 0.9308
vn 0.3839 -0.0564 0.9217
vn 0.4830 -0.0313 0.8751
vn 0.4277 -0.1410 0.8928
vn 0.5196 -0.1587 0.8396
vn 0.4232 -0.0074 0.9060
vn 0.4189 0.1103 0.9013
vn 0.6225 -0.4351 0.6505
vn 0.6340 -0.4194 0.6497
vn 0.5892 -0.4255 0.6869
vn 0.5940 -0.4068 0.6940
vn 0.5527 -0.4223 0.7184
vn 0.5464 -0.3725 0.7501
vn 0.5087 -0.4202 0.7514
vn 0.4307 -0.3531 0.8305
vn 0.6121 -0.3393 0.7143
vn 0.5858 -0.3594 0.7264
vn 0.6285 -0.4805 0.6117
vn 0.6272 -0.4832 0.6108
vn 0.5064 -0.2451 0.8267
vn 0.5809 -0.2409 0.7775
vn 0.4679 -0.4851 0.7387
vn 0.3633 -0.4962 0.7886
vn 0.5029 -0.4867 0.7143
vn 0.4137 -0.5362 0.7358
vn -0.3596 0.3948 -0.8455
vn -0.3977 0.3368 -0.8535
vn -0.3338 0.6592 -0.6738
vn -0.3454 0.6486 -0.6782
vn -0.4935 0.6030 -0.6267
vn -0.4274 0.6326 -0.6458
vn -0.5195 0.5200 -0.6780
vn -0.5654 0.5024 -0.6542
vn -0.4103 0.6389 -0.6507
vn -0.3697 0.6488 -0.6651
vn -0.3707 0.6532 -0.6602
vn -0.4606 0.5490 -0.6975
vn -0.4015 -0.1934 -0.8952
vn -0.2886 -0.1736 -0.9416
vn -0.4304 0.3194 -0.8442
vn -0.4458 0.3464 -0.8254
vn -0.4456 0.6024 -0.6622
vn -0.4309 0.3686 -0.8237
vn -0.4537 -0.1530 -0.8779
vn -0.3627 0.6728 -0.6448
vn -0.4327 0.5710 -0.6976
vn -0.5282 0.5793 -0.6208
vn -0.5761 0.4996 -0.6469
vn -0.5731 0.4222 -0.7023
vn -0.5728 0.3991 -0.7160
vn -0.5573 0.4073 -0.7236
vn -0.5722 0.4275 -0.6998
vn -0.4764 0.4442 -0.7588
vn -0.4245 0.4615 -0.7790
vn -0.4203 0.4884 -0.7648
vn -0.4514 0.5964 -0.6638
vn -0.4164 0.5508 -0.7234
vn -0.3814 0.4757 -0.7926
vn -0.1002 0.9589 -0.2656
vn 0.1316 0.9790 -0.1554
vn 0.1979 0.8092 0.5532
vn 0.4349 0.8251 0.3606
vn 0.4792 0.8174 0.3198
vn 0.4080 0.8420 0.3530
vn 0.3807 0.8579 0.3451
vn 0.4335 0.8669 0.2462
vn 0.1352 0.9731 -0.1864
vn 0.0044 0.9897 -0.1429
vn 0.2327 0.9516 -0.2010
vn 0.4292 0.8808 0.1998
vn 0.5903 -0.4622 0.6618
vn 0.6615 -0.4351 0.6108
vn 0.6548 -0.4825 0.5818
vn 0.6457 -0.5042 0.5735
vn 0.6323 -0.5475 0.5481
vn 0.6157 -0.5309 0.5823
vn 0.4319 -0.5624 0.7051
vn 0.5062 -0.5156 0.6913
vn 0.6038 -0.5300 0.5954
vn 0.4725 -0.5370 0.6988
vn 0.5604 -0.5003 0.6600
vn 0.4502 -0.4786 0.7539
vn 0.3733 -0.4814 0.7931
vn 0.3547 -0.5122 0.7822
vn 0.4062 -0.5689 0.7151
vn 0.4787 -0.5483 0.6857
vn 0.4230 -0.5381 0.7290
vn 0.5256 -0.5913 0.6116
vn 0.3896 -0.6894 0.6107
vn 0.4134 -0.6212 0.6657
vn 0.4085 -0.6291 0.6613
vn 0.3323 -0.6716 0.6623
vn 0.3703 -0.5459 0.7516
vn 0.3236 -0.8495 0.4167
vn 0.1847 -0.8986 0.3981
vn 0.4348 -0.7629 0.4785
vn 0.1646 -0.8737 0.4577
vn -0.1309 -0.9667 0.2199
vn 0.0701 -0.9250 0.3734
vn 0.3800 -0.7121 0.5904
vn 0.5645 -0.6255 0.5386
vn -0.3249 0.7495 -0.5768
vn -0.3383 0.7453 -0.5745
vn -0.3211 0.7074 -0.6297
vn -0.3235 0.7017 -0.6348
vn 0.3641 -0.6839 0.6322
vn 0.2453 -0.7914 0.5599
vn -0.3462 0.6347 -0.6909
vn -0.3820 0.5335 -0.7546
vn -0.4159 0.5052 -0.7562
vn -0.3497 0.6177 -0.7044
vn -0.4467 0.5785 -0.6825
vn -0.4579 0.6534 -0.6027
vn -0.4544 0.4701 -0.7567
vn -0.4048 0.4922 -0.7706
vn -0.4456 0.5881 -0.6750
vn -0.4723 0.6530 -0.5921
vn 0.5507 -0.6206 0.5582
vn 0.5098 -0.6688 0.5411
vn 0.5700 -0.5625 0.5988
vn 0.5567 -0.6138 0.5597
vn -0.4417 0.6001 -0.6669
vn -0.4043 0.5044 -0.7630
vn -0.4630 0.6639 -0.5873
vn 0.5880 -0.5431 0.5995
vn 0.5865 -0.5610 0.5841
vn 0.6040 -0.4951 0.6246
vn 0.5854 -0.5109 0.6295
vn 0.5710 -0.5676 0.5931
vn 0.5578 -0.6385 0.5303
vn 0.5491 -0.5173 0.6564
vn 0.5133 -0.5167 0.6853
vn 0.5559 -0.5673 0.6076
vn 0.5501 -0.6442 0.5315
vn 0.5137 -0.5792 0.6329
vn 0.4872 -0.5083 0.7101
vn 0.4927 -0.6677 0.5580
vn -0.4165 0.4078 -0.8126
vn -0.4970 0.3932 -0.7735
vn -0.3696 0.3669 -0.8537
vn -0.4611 0.3711 -0.8060
vn -0.3580 0.4497 -0.8183
vn -0.4521 0.4173 -0.7883
vn -0.3607 0.4085 -0.8384
vn -0.3070 0.4319 -0.8481
vn -0.3740 0.4359 -0.8186
vn -0.3892 0.4464 -0.8058
vn 0.5895 -0.4733 0.6546
vn 0.5603 -0.5195 0.6451
vn 0.5448 -0.4912 0.6796
vn 0.5897 -0.4602 0.6637
vn 0.5146 -0.4432 0.7340
vn 0.4920 -0.4816 0.7253
vn 0.5391 -0.4693 0.6994
vn 0.5229 -0.4566 0.7197
vn -0.2753 0.4633 -0.8424
vn -0.2935 0.7513 -0.5911
vn -0.0769 0.5820 -0.8095
vn -0.0960 0.8396 -0.5347
vn 0.4607 -0.4816 0.7456
vn 0.4592 -0.4599 0.7600
vn -0.3044 0.7318 -0.6097
vn -0.3619 0.4635 -0.8089
vn -0.2028 0.8403 -0.5027
vn -0.4182 0.6415 -0.6431
vn -0.6140 0.7345 -0.2890
vn -0.6014 0.7883 -0.1300
vn -0.4337 0.8778 -0.2034
vn -0.3556 0.8311 -0.4276
vn -0.5622 0.7362 -0.3768
vn -0.5665 0.7139 -0.4115
vn 0.4803 0.0395 0.8762
vn 0.4787 -0.4068 0.7780
vn 0.3958 -0.4859 0.7793
vn 0.3825 0.0256 0.9236
vn -0.6055 0.7720 -0.1935
vn -0.6113 0.7537 -0.2414
vn -0.5731 0.6010 -0.5570
vn -0.4687 -0.2562 -0.8454
vn -0.3300 -0.2408 -0.9127
vn -0.5414 -0.2009 -0.8164
vn -0.5066 0.2451 -0.8266
vn -0.6008 0.2972 -0.7421
vn -0.2418 0.3056 -0.9210
vn 0.3714 -0.8300 0.4162
vn 0.2826 -0.8225 0.4936
vn 0.0506 0.4153 -0.9083
vn -0.1519 -0.1619 -0.9750
vn -0.3146 0.9146 -0.2540
vn -0.4745 0.5450 -0.6913
vn -0.4441 0.8560 -0.2647
vn -0.2584 0.8947 -0.3642
vn 0.0077 0.9998 -0.0193
vn 0.1491 0.8895 -0.4320
vn 0.3366 0.9392 -0.0682
vn -0.4919 -0.0370 -0.8699
vn -0.1901 0.5786 -0.7932
vn -0.3068 0.3913 -0.8676
vn -0.3009 0.3758 -0.8765
vn -0.2186 0.5119 -0.8307
vn -0.3513 0.3516 -0.8677
vn -0.3518 0.4514 -0.8201
vn 0.4091 0.8866 -0.2159
vn 0.4156 0.8414 -0.3455
vn -0.3431 0.3904 -0.8543
vn -0.2829 0.5954 -0.7520
vn -0.2855 0.5698 -0.7706
vn -0.3925 0.4160 -0.8203
vn -0.0986 0.6826 -0.7241
vn 0.1008 0.7986 -0.5934
vn 0.1317 0.8948 -0.4267
vn -0.2859 0.3522 -0.8912
vn -0.0845 0.9313 -0.3543
vn 0.5077 -0.1446 0.8493
vn 0.4806 -0.1309 0.8671
vn 0.4972 -0.2779 0.8219
vn 0.5206 -0.3469 0.7801
vn 0.5410 -0.4564 0.7065
vn 0.5169 -0.4280 0.7414
vn -0.5955 0.6002 -0.5340
vn -0.7467 0.6175 -0.2475
vn -0.5666 0.7851 -0.2501
vn -0.4309 0.7570 -0.4911
vn -0.5961 0.7061 -0.3822
vn -0.7840 0.5684 -0.2494
vn -0.5733 0.7375 -0.3570
vn -0.5013 0.6964 -0.5135
vn 0.0286 0.1092 -0.9936
vn -0.0678 0.0766 -0.9948
vn -0.3884 0.1800 -0.9037
vn -0.2489 0.3786 -0.8915
vn -0.7505 0.3670 -0.5497
vn -0.3474 0.2839 -0.8937
vn -0.5974 0.5167 -0.6132
vn -0.1139 0.0673 -0.9912
vn -0.0883 0.2136 -0.9729
vn -0.3007 0.4681 -0.8309
vn 0.0399 0.2447 -0.9688
vn -0.1538 0.5419 -0.8263
vn -0.6668 0.5853 -0.4613
vn -0.8728 0.4163 -0.2549
vn -0.8433 0.4634 -0.2723
vn 0.2372 -0.2350 0.9426
vn 0.6312 -0.4765 0.6119
vn 0.0564 -0.1202 0.9911
vn 0.1693 -0.0228 0.9853
vn 0.3021 -0.0231 0.9530
vn 0.6772 -0.3188 0.6631
vn 0.7960 -0.5682 0.2085
vn 0.8408 -0.5098 0.1820
vn 0.4549 -0.3782 0.8063
vn 0.5053 -0.4063 0.7613
vn 0.4887 -0.4752 0.7316
vn 0.4699 -0.3837 0.7950
vn 0.5248 -0.5102 0.6814
vn 0.5667 -0.3806 0.7308
vn 0.4301 -0.2334 0.8721
vn 0.4643 -0.3274 0.8230
vn 0.4625 -0.4154 0.7833
vn 0.3909 -0.2804 0.8767
vn 0.1749 0.0212 0.9844
vn 0.3294 0.1619 0.9302
vn 0.3851 -0.0008 0.9229
vn 0.3692 -0.1470 0.9176
vn 0.5085 -0.2122 0.8345
vn 0.4764 -0.2659 0.8380
vn 0.5228 -0.2965 0.7992
vn 0.5513 -0.3082 0.7753
vn 0.4840 -0.2978 0.8228
vn 0.6012 -0.3214 0.7316
vn 0.5649 -0.3430 0.7505
vn 0.4364 -0.2894 0.8519
vn 0.2881 -0.1511 0.9456
vn 0.4322 -0.8109 0.3945
vn 0.3928 -0.7705 0.5021
vn 0.3714 -0.7303 0.5734
vn 0.4181 -0.7460 0.5183
vn 0.5537 -0.2697 0.7878
vn 0.5849 -0.3356 0.7384
vn 0.5414 -0.6835 0.4896
vn 0.4585 -0.7657 0.4511
vn 0.5430 -0.7057 0.4551
vn 0.4625 -0.8109 0.3586
vn 0.4596 -0.7740 0.4354
vn 0.4806 -0.8476 0.2251
vn 0.4448 -0.8869 0.1250
vn 0.4556 -0.8252 0.3338
vn 0.4376 -0.8967 -0.0663
vn 0.3068 -0.9509 -0.0413
vn 0.3782 -0.9080 0.1805
vn 0.4821 -0.7437 0.4632
vn -0.4388 0.7080 -0.5534
vn -0.4570 0.7027 -0.5453
vn -0.4604 0.6607 -0.5929
vn -0.4347 0.6837 -0.5862
vn 0.3708 -0.8479 0.3790
vn 0.2376 -0.9674 0.0877
vn -0.4561 0.6927 -0.5587
vn -0.4388 0.6656 -0.6037
vn -0.4860 0.6799 -0.5490
vn -0.5154 0.6090 -0.6029
vn -0.4328 0.6465 -0.6283
vn -0.4577 0.4252 -0.7809
vn -0.4136 0.2207 -0.8833
vn -0.4579 0.6127 -0.6442
vn -0.5268 0.1717 -0.8324
vn -0.5383 0.4807 -0.6922
vn -0.5148 0.4271 -0.7434
vn -0.4419 0.1413 -0.8859
vn -0.5080 0.6518 -0.5631
vn -0.4784 0.6961 -0.5354
vn -0.4738 0.4296 -0.7687
vn -0.5176 0.4290 -0.7403
vn -0.5867 0.3516 -0.7295
vn -0.5310 0.3333 -0.7791
vn -0.5752 0.4857 -0.6582
vn -0.6428 0.4072 -0.6488
vn -0.6434 0.4234 -0.6378
vn -0.6125 0.3129 -0.7259
vn -0.5584 0.2644 -0.7863
vn -0.1855 0.2879 -0.9395
vn -0.3572 0.5858 -0.7275
vn -0.5262 0.4221 -0.7382
vn -0.5233 0.4230 -0.7398
vn -0.5654 0.5025 -0.6541
vn -0.4300 0.2761 -0.8596
vn -0.4910 0.2491 -0.8348
vn -0.5246 0.3714 -0.7660
vn -0.5531 0.4737 -0.6853
vn -0.4909 0.5382 -0.6851
vn -0.5715 0.3173 -0.7568
vn -0.6430 0.4337 -0.6312
vn 0.3430 -0.0222 0.9391
vn 0.2767 -0.0736 0.9581
vn 0.4784 -0.3755 0.7938
vn 0.3443 -0.4432 0.8277
vn -0.5312 0.4844 -0.6951
vn 0.5265 -0.7858 0.3246
vn 0.4695 -0.3928 0.7907
vn 0.3721 -0.3955 0.8397
vn 0.4184 -0.8427 0.3388
vn 0.4848 -0.8557 0.1809
vn 0.3015 -0.9269 0.2237
vn 0.2914 -0.9139 0.2827
vn 0.3267 -0.3853 0.8630
vn 0.1913 -0.0813 0.9782
vn 0.1955 -0.1241 0.9728
vn -0.5333 0.4409 -0.7219
vn -0.5423 0.5952 -0.5930
vn -0.4107 -0.0020 -0.9118
vn -0.3977 0.0694 -0.9149
vn 0.3790 -0.0287 0.9250
vn -0.2978 0.5303 -0.7938
vn -0.1897 0.1594 -0.9688
vn -0.4768 0.0561 -0.8772
vn -0.5742 0.4200 -0.7027
vn -0.2844 -0.1476 -0.9473
vn -0.4273 0.0697 -0.9014
vn -0.4205 -0.0364 -0.9066
vn -0.4472 -0.0573 -0.8926
vn -0.4279 0.0543 -0.9022
vn -0.5656 0.5069 -0.6506
vn -0.2433 0.3272 -0.9131
vn -0.2170 0.4112 -0.8853
vn -0.2634 0.4022 -0.8768
vn -0.5280 0.6092 -0.5917
vn -0.5167 0.5840 -0.6260
vn -0.5544 0.4631 -0.6915
vn -0.1057 0.0074 -0.9944
vn -0.2604 0.2667 -0.9279
vn -0.5269 0.4210 -0.7384
vn -0.6132 0.6017 -0.5118
vn -0.6635 0.5368 -0.5211
vn -0.6130 0.5469 -0.5702
vn -0.6408 0.4643 -0.6114
vn -0.6284 0.4576 -0.6290
vn -0.3662 0.3708 -0.8535
vn 0.6863 -0.5295 0.4985
vn 0.7014 -0.5822 0.4111
vn 0.6701 -0.5966 0.4416
vn 0.6432 -0.5649 0.5169
vn 0.5808 -0.5191 0.6270
vn 0.6261 -0.4133 0.6612
vn -0.5919 0.5099 -0.6242
vn 0.6149 -0.4776 0.6275
vn 0.6640 -0.5955 0.4521
vn 0.6524 -0.6101 0.4496
vn 0.6073 -0.4630 0.6457
vn 0.6802 -0.6841 0.2633
vn 0.6911 -0.6571 0.3011
vn 0.6889 -0.5623 0.4575
vn 0.6693 -0.7424 0.0296
vn 0.6870 -0.7266 -0.0057
vn 0.6452 -0.4163 0.6407
vn 0.5477 -0.4179 0.7248
vn 0.5824 -0.3174 0.7484
vn 0.4688 -0.2338 0.8518
vn 0.4527 -0.3494 0.8203
vn 0.4704 -0.1482 0.8699
vn 0.5880 -0.2623 0.7651
vn 0.3362 -0.0339 0.9412
vn 0.3712 -0.1197 0.9208
vn 0.3718 -0.2361 0.8978
vn 0.7064 -0.6414 0.2993
vn 0.7453 -0.6657 0.0366
vn 0.5753 -0.2850 0.7667
vn 0.4296 -0.2141 0.8773
vn 0.3157 -0.1688 0.9337
vn 0.1482 -0.2584 0.9546
vn 0.2648 -0.1431 0.9536
vn 0.3003 -0.3804 0.8747
vn 0.5071 -0.5148 0.6913
vn 0.4306 -0.4656 0.7732
vn -0.6258 0.5192 -0.5821
vn -0.5843 0.4724 -0.6598
vn -0.5259 0.4458 -0.7244
vn -0.4511 0.4277 -0.7833
vn -0.5729 0.3970 -0.7171
vn -0.5782 0.4219 -0.6983
vn -0.4737 0.3562 -0.8054
vn -0.4773 0.3345 -0.8126
vn -0.4398 0.3275 -0.8363
vn -0.4645 0.3529 -0.8122
vn -0.6745 0.4843 -0.5572
vn -0.6833 0.4782 -0.5518
vn -0.4688 0.3862 -0.7944
vn -0.5372 0.4066 -0.7389
vn -0.4851 0.4009 -0.7771
vn -0.4592 0.4050 -0.7907
vn -0.5477 0.4123 -0.7280
vn -0.5703 0.3769 -0.7298
vn -0.4722 0.3514 -0.8084
vn -0.5365 0.5011 -0.6790
vn -0.3897 0.7708 -0.5039
vn -0.4360 0.6082 -0.6633
vn -0.5177 0.6133 -0.5965
vn -0.3313 0.7195 -0.6103
vn -0.6422 0.5713 -0.5111
vn -0.5427 0.5933 -0.5946
vn -0.4858 0.4698 -0.7371
vn -0.4439 0.7072 -0.5503
vn -0.2220 0.6097 -0.7609
vn -0.2160 0.4129 -0.8848
vn -0.4604 0.4888 -0.7411
vn -0.4621 0.4404 -0.7697
vn -0.6765 0.5358 -0.5052
vn -0.6669 0.4953 -0.5568
vn 0.7996 -0.4118 0.4370
vn 0.9179 -0.3358 0.2114
vn 0.9529 -0.2827 0.1094
vn 0.8634 -0.3578 0.3557
vn 0.9122 -0.3444 0.2222
vn 0.9408 -0.3200 0.1119
vn -0.5330 0.4655 -0.7065
vn -0.2626 0.3607 -0.8950
vn -0.4522 0.3420 -0.8237
vn 0.7950 -0.4215 0.4363
vn 0.8994 -0.3860 0.2051
vn 0.8805 -0.4022 0.2508
vn 0.7746 -0.4503 0.4441
vn 0.9239 -0.3717 0.0913
vn 0.9278 -0.3727 0.0164
vn 0.7111 -0.4071 0.5732
vn 0.6790 -0.4407 0.5872
vn 0.5335 -0.5829 0.6129
vn 0.0201 -0.6033 0.7972
vn -0.1020 -0.5569 0.8243
vn 0.2712 -0.5591 0.7835
vn 0.6558 -0.4801 0.5826
vn 0.8394 -0.4463 0.3101
vn 0.8079 -0.3966 0.4358
vn 0.9342 -0.3388 0.1114
vn 0.9542 -0.2889 -0.0775
vn -0.9198 0.3458 0.1857
vn -0.7752 0.5381 0.3308
vn -0.8214 0.5699 0.0249
vn -0.9013 0.4109 -0.1373
vn -0.8475 0.5067 0.1581
vn -0.8501 0.5250 -0.0411
vn -0.8374 0.5372 -0.1011
vn -0.8989 0.3773 -0.2229
vn -0.9209 0.2902 -0.2602
vn -0.9478 0.2408 -0.2092
vn -0.9936 0.0928 0.0640
vn -0.6444 0.5267 -0.5543
vn -0.6857 0.6569 -0.3136
vn -0.9120 0.3903 -0.1259
vn -0.7558 0.6060 -0.2482
vn -0.8367 0.4123 -0.3604
vn -0.9309 0.2910 0.2206
vn 0.7758 -0.4302 0.4617
vn 0.7863 -0.3794 0.4877
vn 0.7442 -0.3554 0.5656
vn 0.7059 -0.4466 0.5498
vn 0.7476 -0.3941 0.5346
vn 0.7416 -0.3374 0.5798
vn -0.8243 0.3262 -0.4627
vn 0.6969 -0.4452 0.5623
vn 0.6813 -0.4022 0.6116
vn 0.5869 -0.5329 0.6095
vn 0.6359 -0.4387 0.6350
vn 0.6558 -0.5322 0.5355
vn 0.6671 -0.3543 0.6553
vn 0.6891 -0.3109 0.6546
vn 0.7372 -0.4931 0.4620
vn -0.6824 0.4892 -0.5431
vn -0.6597 0.4423 -0.6076
vn -0.6615 0.5085 -0.5513
vn -0.6593 0.5155 -0.5473
vn -0.6653 0.4511 -0.5948
vn -0.6523 0.4276 -0.6259
vn 0.6628 -0.3434 0.6654
vn -0.6634 0.4596 -0.5905
vn -0.6928 0.4664 -0.5500
vn -0.5909 0.4133 -0.6928
vn -0.6141 0.4196 -0.6685
vn -0.6177 0.4179 -0.6662
vn -0.6318 0.4128 -0.6560
vn -0.6303 0.4681 -0.6194
vn -0.6248 0.4314 -0.6508
vn -0.6589 0.4585 -0.5963
vn 0.4075 -0.0155 0.9131
vn 0.3529 0.3043 0.8848
vn 0.3959 -0.0458 0.9171
vn 0.5120 -0.2569 0.8196
vn 0.2829 0.4286 0.8581
vn 0.3483 0.4990 0.7936
vn 0.5315 0.4075 0.7426
vn 0.5048 0.4152 0.7568
vn 0.4501 0.0325 0.8924
vn 0.5017 -0.1816 0.8458
vn 0.4972 0.4551 0.7387
vn 0.6254 0.4136 0.6617
vn 0.6825 0.0260 0.7304
vn 0.6310 0.4942 0.5980
vn 0.4342 -0.1231 0.8924
vn 0.0422 -0.6137 0.7884
vn 0.0639 -0.6340 0.7707
vn 0.2030 -0.1402 0.9691
vn 0.1266 -0.1529 0.9801
vn 0.2851 0.3349 0.8981
vn 0.1724 0.2747 0.9459
vn 0.1417 0.3172 0.9377
vn 0.1894 -0.1130 0.9754
vn 0.1687 -0.5903 0.7893
vn -0.0724 -0.8878 0.4546
vn -0.0406 -0.8819 0.4697
vn 0.1131 -0.8210 0.5597
vn 0.1361 0.5418 0.8294
vn 0.1254 0.5751 0.8084
vn 0.2266 0.3963 0.8897
vn 0.3556 0.1531 0.9220
vn 0.3965 -0.3716 0.8395
vn 0.4729 -0.3841 0.7930
vn 0.4382 -0.4329 0.7878
vn 0.4416 -0.3208 0.8379
vn 0.4635 -0.0204 0.8859
vn 0.3551 0.4952 0.7929
vn 0.4602 -0.3465 0.8174
vn 0.4201 -0.0637 0.9053
vn 0.3036 0.5835 0.7532
vn 0.4774 -0.1474 0.8662
vn 0.4917 -0.3642 0.7909
vn 0.2900 -0.0250 0.9567
vn 0.2010 0.0867 0.9757
vn 0.1742 0.1343 0.9755
vn 0.1000 0.1960 0.9755
vn 0.7879 -0.6028 0.1262
vn 0.6810 -0.7250 0.1030
vn 0.6940 -0.3405 0.6344
vn 0.6510 -0.4954 0.5752
vn 0.2372 -0.3115 0.9202
vn -0.0567 -0.0070 0.9984
vn 0.5359 -0.6786 0.5023
vn 0.3627 -0.0467 0.9307
vn 0.0970 -0.0718 0.9927
vn 0.3641 0.0679 0.9289
vn 0.6017 -0.7908 0.1125
vn -0.5205 0.3209 0.7913
vn -0.6984 0.0686 0.7124
vn -0.1916 -0.2842 0.9394
vn -0.1210 0.0081 0.9926
vn -0.8204 -0.2270 0.5247
vn -0.3478 -0.5023 0.7917
vn 0.1498 -0.6109 0.7774
vn 0.6090 -0.6110 0.5057
vn 0.6740 -0.5673 0.4733
vn 0.2735 -0.4965 0.8238
vn 0.3771 -0.2644 0.8876
vn 0.7849 -0.3329 0.5226
vn 0.9338 -0.3331 0.1306
vn 0.8612 -0.4779 0.1731
vn 0.8552 -0.4599 0.2391
vn -0.4584 0.7885 -0.4101
vn -0.1779 0.9507 -0.2539
vn -0.4105 0.6825 -0.6047
vn -0.0291 0.8282 -0.5597
vn -0.3992 0.5682 -0.7196
vn -0.2060 0.5944 -0.7774
vn -0.2827 0.5905 -0.7559
vn -0.3841 0.5767 -0.7210
vn -0.9210 0.3809 -0.0814
vn -0.7277 0.5305 -0.4348
vn -0.7200 0.5416 -0.4340
vn -0.9018 0.4288 -0.0530
vn -0.9431 0.2026 0.2635
vn -0.9265 0.2344 0.2942
vn -0.7551 -0.0477 0.6538
vn -0.7685 -0.0539 0.6376
vn -0.4735 -0.2866 0.8329
vn -0.4529 -0.2611 0.8525
vn -0.1709 -0.4115 0.8952
vn -0.1013 -0.3405 0.9348
vn 0.7402 -0.4906 0.4598
vn 0.3125 -0.4419 0.8409
vn 0.2827 -0.5355 0.7958
vn 0.7108 -0.5658 0.4178
vn 0.8842 -0.4637 0.0566
vn 0.9135 -0.3979 0.0849
vn 0.8719 -0.4833 0.0794
vn 0.8891 -0.4397 0.1270
vn 0.6674 -0.5644 0.4858
vn 0.7097 -0.5765 0.4050
vn 0.8403 0.1477 0.5216
vn 0.9115 0.0108 0.4111
vn 0.7681 -0.5631 0.3049
vn 0.8587 -0.3824 0.3412
vn 0.2664 0.9603 0.0832
vn 0.5767 0.8156 -0.0476
vn -0.4028 0.6306 -0.6634
vn -0.0002 0.6157 -0.7880
vn -0.0707 0.6173 -0.7836
vn -0.4055 0.6049 -0.6853
vn 0.4147 0.5518 -0.7235
vn 0.2786 0.6873 -0.6709
vn -0.7357 0.5405 -0.4082
vn -0.7190 0.5673 -0.4014
vn -0.9136 0.4004 -0.0710
vn -0.8899 0.4512 -0.0669
vn -0.9240 0.2265 0.3082
vn -0.8975 0.2830 0.3383
vn -0.7358 0.0087 0.6771
vn -0.7038 0.0953 0.7040
vn -0.3864 -0.1884 0.9029
vn -0.3610 -0.0634 0.9304
vn -0.0254 -0.2673 0.9633
vn 0.0721 -0.1845 0.9802
vn 0.7730 -0.1903 0.6051
vn 0.4653 -0.2230 0.8566
vn 0.3425 -0.2820 0.8962
vn 0.7531 -0.3053 0.5827
vn -0.6060 0.6845 -0.4052
vn -0.2787 0.7293 -0.6248
vn -0.8109 0.5809 -0.0710
vn -0.6141 0.7889 -0.0224
vn -0.3841 0.8968 -0.2194
vn -0.0406 0.9236 -0.3812
vn -0.8253 0.4589 0.3292
vn -0.5746 0.7730 0.2687
vn -0.6362 0.3051 0.7086
vn -0.5042 0.6095 0.6118
vn 0.9891 -0.0094 -0.1469
vn 0.9738 -0.1198 0.1932
vn 0.9544 -0.2426 0.1739
vn 0.9850 -0.1435 0.0959
vn -0.2707 0.2333 0.9340
vn -0.1329 0.6715 0.7290
vn 0.1814 0.1549 0.9711
vn 0.2686 0.6444 0.7159
vn -0.2176 0.9509 0.2201
vn 0.2081 0.9650 0.1598
vn 0.6939 0.5541 -0.4598
vn 0.3560 0.8194 -0.4492
vn 0.5607 0.8263 0.0527
vn 0.7791 0.6222 -0.0767
vn 0.6197 0.5355 0.5738
vn 0.8716 0.3677 0.3242
vn 0.5877 0.0189 0.8088
vn 0.8457 -0.0449 0.5318
vn 0.9210 0.3044 -0.2431
vn 0.9429 0.3261 0.0678
vn 0.7066 0.6555 -0.2666
vn 0.7869 0.4054 -0.4652
vn 0.1510 0.6678 -0.7289
vn 0.5220 0.5170 -0.6784
vn 0.9690 0.1539 -0.1931
vn 0.9568 0.1574 -0.2445
vn 0.9804 0.0217 -0.1958
vn 0.9137 0.1268 -0.3862
vn 0.8805 0.3057 -0.3623
vn 0.8539 0.2512 -0.4558
vn 0.7613 0.4000 -0.5102
vn 0.9813 0.1918 0.0137
vn 0.8569 0.4566 -0.2393
vn 0.9854 -0.0412 0.1655
vn 0.0140 0.5253 -0.8508
vn -0.0834 0.5236 -0.8479
vn 0.1911 0.4814 -0.8554
vn 0.1978 0.4885 -0.8499
vn -0.6556 0.3780 -0.6537
vn -0.4601 0.5290 -0.7131
vn -0.2143 0.5286 -0.8214
vn -0.2578 0.5197 -0.8146
vn -0.2517 0.7658 -0.5918
vn -0.2943 0.7261 -0.6214
vn -0.2119 0.7393 -0.6391
vn -0.4269 0.3780 -0.8215
vn -0.3330 0.3750 -0.8651
vn -0.5133 0.3897 -0.7646
vn -0.3969 0.4181 -0.8171
vn -0.4891 0.4249 -0.7617
vn -0.3189 0.4097 -0.8546
vn -0.3719 0.4398 -0.8175
vn -0.3080 0.4491 -0.8387
vn -0.4769 0.4320 -0.7655
vn -0.3068 0.4928 -0.8143
vn -0.3682 0.4615 -0.8071
vn -0.4780 0.4324 -0.7646
vn -0.3737 0.4176 -0.8282
vn -0.4495 0.4320 -0.7819
vn -0.2874 0.3901 -0.8748
vn -0.3246 0.3104 -0.8935
vn -0.3934 0.3301 -0.8581
vn -0.4512 0.3542 -0.8191
vn -0.3605 0.6475 -0.6714
vn -0.3100 0.7231 -0.6173
vn -0.3469 0.4872 -0.8014
vn -0.3077 0.4990 -0.8102
vn -0.3504 0.4363 -0.8288
vn -0.3104 0.4422 -0.8415
vn -0.3853 0.4337 -0.8145
vn -0.3677 0.3604 -0.8573
vn -0.4077 0.3674 -0.8359
vn -0.3199 0.3625 -0.8754
vn -0.1568 0.3540 -0.9220
vn -0.2346 0.2919 -0.9272
vn 0.0787 0.2930 -0.9529
vn -0.0814 0.2697 -0.9595
vn -0.4308 0.3336 -0.8385
vn -0.3873 0.3195 -0.8648
vn -0.3302 0.3081 -0.8922
vn 0.3753 0.2006 -0.9049
vn 0.1956 0.2210 -0.9555
vn 0.3776 0.5399 0.7523
vn 0.3272 0.6217 0.7116
vn 0.1785 0.6448 0.7433
vn 0.6087 0.4382 0.6614
vn 0.2483 0.6163 0.7474
vn -0.1047 0.9537 0.2821
vn 0.6466 0.5154 -0.5624
vn 0.4065 0.1800 -0.8957
vn 0.6031 0.0817 -0.7935
vn 0.5914 0.0403 -0.8053
vn 0.3728 0.2032 -0.9054
vn 0.8166 -0.1027 -0.5680
vn 0.7838 -0.1599 -0.6000
vn 0.8889 0.4388 0.1316
vn 0.8385 0.4819 -0.2544
vn 0.4136 0.6836 0.6014
vn 0.3778 0.4548 0.8065
vn 0.6654 0.0071 -0.7464
vn 0.7747 -0.1300 -0.6188
vn 0.6169 0.0142 -0.7869
vn 0.7775 -0.1795 -0.6028
vn 0.4031 0.2388 -0.8834
vn 0.8919 -0.3997 0.2117
vn 0.9034 -0.4245 0.0602
vn 0.3769 -0.3527 0.8565
vn 0.5312 -0.3951 0.7494
vn 0.5021 0.6452 0.5759
vn 0.9568 0.2584 0.1333
vn 0.7432 -0.0676 0.6657
vn 0.5161 0.2773 0.8104
vn 0.9266 -0.3206 -0.1966
vn 0.7382 -0.4998 0.4532
vn 0.9200 -0.3823 -0.0868
vn 0.6666 -0.4232 0.6137
vn 0.1609 -0.2425 0.9567
vn 0.2234 -0.2860 0.9318
vn 0.2169 -0.2316 0.9483
vn 0.2112 -0.2850 0.9350
vn 0.1921 -0.0666 0.9791
vn 0.3529 -0.3499 0.8678
vn 0.1594 -0.4464 0.8805
vn 0.0643 -0.0041 0.9979
vn 0.3354 -0.5278 0.7803
vn 0.2039 -0.5215 0.8285
vn 0.2747 -0.3758 0.8850
vn 0.2003 -0.3943 0.8969
vn 0.3444 -0.2679 0.8998
vn 0.3308 -0.3552 0.8743
vn 0.5053 -0.3062 0.8068
vn 0.4901 -0.3980 0.7755
vn 0.6461 -0.3482 0.6792
vn 0.6299 -0.2880 0.7213
vn 0.6887 -0.3780 0.6187
vn 0.6625 -0.3343 0.6703
vn 0.5613 -0.0179 0.8274
vn 0.3893 0.5237 0.7577
vn 0.2130 0.3271 0.9207
vn 0.3302 -0.2701 0.9044
vn 0.3366 -0.5459 0.7673
vn 0.5541 -0.4321 0.7115
vn 0.3198 -0.4737 0.8206
vn 0.5062 -0.4456 0.7384
vn 0.6903 -0.3247 0.6466
vn 0.6887 0.0284 0.7245
vn 0.5109 0.5493 0.6613
vn 0.6336 -0.3535 0.6881
vn 0.6020 -0.3757 0.7046
vn 0.6064 -0.3279 0.7244
vn 0.6369 -0.3549 0.6844
vn 0.6537 -0.2488 0.7147
vn 0.6450 -0.3497 0.6795
vn 0.6484 -0.4233 0.6327
vn 0.6135 -0.3835 0.6904
vn 0.5417 -0.4632 0.7014
vn 0.5230 -0.4091 0.7477
vn 0.6254 -0.2681 0.7328
vn 0.6482 -0.3383 0.6822
vn 0.6156 -0.3568 0.7027
vn 0.5687 -0.3298 0.7536
vn 0.7032 -0.1788 0.6882
vn 0.6957 -0.2752 0.6635
vn 0.6718 -0.4105 0.6166
vn 0.5600 -0.4815 0.6742
vn 0.4748 -0.5309 0.7019
vn 0.6759 -0.4235 0.6032
vn 0.1154 -0.5882 0.8004
vn 0.0228 -0.5911 0.8062
vn -0.0340 -0.6196 0.7842
vn 0.3532 -0.5742 0.7386
vn 0.4196 -0.5586 0.7155
vn -0.0162 -0.5642 0.8255
vn 0.6368 -0.4214 0.6457
vn 0.5682 -0.4224 0.7062
vn -0.0468 -0.5942 0.8030
vn 0.2776 -0.5556 0.7838
vn 0.4794 -0.4389 0.7600
vn -0.4510 -0.5091 0.7331
vn -0.4469 -0.5085 0.7360
vn -0.4429 -0.5238 0.7276
vn -0.3772 -0.3532 0.8561
vn -0.3516 -0.4201 0.8366
vn -0.3658 -0.5036 0.7827
vn -0.3805 -0.5250 0.7613
vn -0.3700 -0.3174 0.8731
vn -0.7459 -0.3381 0.5739
vn -0.6677 -0.4195 0.6150
vn -0.9924 0.1068 -0.0619
vn -0.9910 0.1326 -0.0203
vn -0.3509 -0.4499 0.8212
vn -0.3356 -0.5087 0.7928
vn -0.1944 -0.5216 0.8307
vn -0.1581 -0.5777 0.8008
vn -0.6772 -0.2899 0.6763
vn -0.2942 -0.4793 0.8269
vn -0.2568 -0.4556 0.8523
vn -0.7248 -0.3043 0.6181
vn -0.6292 -0.3125 0.7117
vn -0.2909 -0.4997 0.8159
vn 0.6856 0.6335 0.3586
vn -0.7621 0.0398 0.6462
vn -0.7353 0.6221 0.2688
vn 0.3799 0.7239 0.5758
vn -0.9411 0.0246 0.3372
vn -0.9725 0.0410 0.2293
vn -0.9277 0.3270 -0.1804
vn -0.9345 0.3497 -0.0669
vn -0.9888 0.1022 0.1084
vn -0.8794 0.3879 -0.2761
vn 0.7107 0.3883 0.5866
vn -0.2259 0.8180 0.5289
vn 0.6977 0.4111 0.5866
vn -0.5069 0.8587 -0.0748
vn 0.3871 0.7811 0.4899
vn -0.4415 0.6079 -0.6600
vn -0.4820 0.5734 -0.6625
vn -0.5396 0.3995 -0.7411
vn -0.5431 0.4120 -0.7316
vn -0.5216 0.4255 -0.7395
vn -0.5240 0.4265 -0.7372
vn -0.5280 0.4190 -0.7387
vn -0.5351 0.4093 -0.7390
vn -0.5246 0.4279 -0.7360
vn -0.5063 0.5691 -0.6479
vn -0.5240 0.4295 -0.7355
vn -0.5262 0.3882 -0.7566
vn -0.5553 0.3947 -0.7320
vn -0.5515 0.4239 -0.7185
vn -0.5431 0.4125 -0.7313
vn -0.5529 0.3988 -0.7317
vn -0.4941 0.4336 -0.7536
vn -0.4896 0.3761 -0.7867
vn -0.4679 0.3540 -0.8098
vn -0.5034 0.3738 -0.7790
vn -0.4460 0.3793 -0.8107
vn -0.4812 0.3928 -0.7836
vn -0.5157 0.4024 -0.7564
vn -0.5345 0.3875 -0.7511
vn 0.3691 -0.4245 0.8268
vn 0.4147 -0.4120 0.8114
vn 0.4166 -0.4908 0.7652
vn 0.3737 -0.5220 0.7667
vn -0.4210 0.4377 -0.7945
vn -0.4614 0.4391 -0.7709
vn -0.5048 0.4329 -0.7469
vn 0.4164 -0.1991 0.8871
vn 0.5405 -0.2197 0.8121
vn 0.4802 -0.2994 0.8245
vn 0.3932 -0.2842 0.8744
vn 0.4439 -0.2264 0.8670
vn 0.2587 -0.1614 0.9524
vn 0.3220 -0.2377 0.9164
vn 0.4846 -0.3178 0.8150
vn 0.4488 -0.3460 0.8239
vn 0.4956 -0.2236 0.8393
vn 0.4935 -0.4841 0.7226
vn 0.4202 -0.4626 0.7806
vn 0.4206 -0.5435 0.7264
vn 0.4602 -0.5387 0.7057
vn 0.3827 -0.3239 0.8652
vn 0.5065 -0.3872 0.7704
vn 0.5688 -0.4871 0.6628
vn 0.6225 -0.4433 0.6450
vn 0.6371 -0.3557 0.6838
vn 0.6266 -0.3037 0.7177
vn 0.5933 -0.2790 0.7550
vn 0.2841 0.9361 -0.2074
vn 0.1375 0.8067 -0.5747
vn -0.2096 0.4602 -0.8627
vn 0.0303 0.8151 -0.5786
vn -0.2973 0.4986 -0.8142
vn 0.1819 0.4890 -0.8531
vn -0.3160 0.4655 -0.8267
vn 0.1582 0.5099 -0.8456
vn 0.3653 0.9176 0.1567
vn 0.2379 0.9529 0.1879
vn 0.4767 0.8217 -0.3124
vn 0.4603 0.8878 -0.0019
vn -0.3119 0.4284 -0.8480
vn 0.1397 0.5271 -0.8382
vn 0.4514 0.5274 -0.7197
vn 0.2739 0.7879 -0.5516
vn -0.0186 0.7486 -0.6628
vn 0.3092 0.5411 -0.7821
vn -0.2737 0.8186 -0.5050
vn -0.7038 0.6327 -0.3229
vn -0.3990 0.7606 -0.5122
vn -0.1514 0.7879 -0.5969
vn -0.6111 0.5890 -0.5288
vn -0.4320 0.6760 -0.5970
vn -0.2492 0.6415 -0.7255
vn 0.1524 0.5351 -0.8309
vn -0.6775 0.4748 -0.5617
vn -0.4708 0.6182 -0.6294
vn -0.2114 0.8087 -0.5489
vn -0.0080 0.9140 -0.4057
vn -0.0584 0.9229 -0.3806
vn -0.1738 0.8263 -0.5358
vn 0.3681 0.9291 0.0359
vn 0.2325 0.9725 0.0115
vn 0.0026 0.8863 -0.4631
vn 0.0019 0.8412 -0.5408
vn 0.1616 0.9799 -0.1171
vn -0.2186 0.8323 -0.5094
vn -0.1873 0.8137 -0.5503
vn -0.1428 0.8117 -0.5663
vn -0.0390 0.8151 -0.5781
vn -0.2849 0.7504 -0.5965
vn -0.3318 0.6974 -0.6353
vn -0.0499 0.6009 -0.7977
vn -0.1122 0.9903 -0.0822
vn -0.1212 0.9624 -0.2430
vn -0.2003 0.5248 -0.8273
vn 0.0941 0.2669 -0.9591
vn -0.1420 0.2977 -0.9440
vn 0.0571 0.3378 -0.9395
vn -0.1605 0.3702 -0.9150
vn -0.2485 0.8358 -0.4895
vn -0.2591 0.5106 -0.8198
vn -0.2535 0.4515 -0.8555
vn -0.1777 0.4670 -0.8662
vn -0.2569 0.3677 -0.8937
vn 0.0446 0.4305 -0.9015
vn -0.2583 0.3029 -0.9173
vn -0.6369 0.7644 0.1000
vn -0.9576 0.2829 -0.0541
vn -0.9335 0.3528 0.0635
vn -0.3594 0.8804 0.3093
vn -0.8611 0.4086 -0.3027
vn -0.8564 0.4268 -0.2907
vn -0.9622 0.2559 -0.0937
vn -0.9466 0.3079 -0.0956
vn -0.7104 0.5799 -0.3989
vn -0.7056 0.5735 -0.4162
vn -0.9184 0.3319 -0.2156
vn -0.9574 0.2546 -0.1361
vn -0.9859 0.1669 -0.0121
vn -0.9905 0.0540 0.1264
vn -0.8581 0.4931 -0.1429
vn -0.7281 0.5642 -0.3894
vn -0.9943 0.1067 -0.0084
vn -0.9985 -0.0014 0.0540
vn -0.8351 0.5021 -0.2249
vn -0.9391 0.3307 -0.0931
vn 0.1016 0.8672 0.4875
vn -0.6000 0.5603 0.5710
vn -0.9898 0.1253 0.0673
vn -0.9833 0.1818 -0.0129
vn -0.9818 0.1755 0.0725
vn -0.9831 0.1448 0.1122
vn -0.9753 0.2044 0.0838
vn -0.9792 0.1875 0.0780
vn -0.9897 0.0637 0.1279
vn -0.9892 0.0920 0.1145
vn -0.9884 0.1351 0.0694
vn 0.9974 0.0283 0.0657
vn 0.2091 0.4925 0.8448
# 3605 vertex normals

vt 0.0000 0.0000 0.0000
# 1 texture coords

o Object001
g Object001
usemtl 09___Default
s 1
f 1/1/1 2/1/2 3/1/3 4/1/4 
f 5/1/5 3/1/3 2/1/2 6/1/6 
f 7/1/7 8/1/8 3/1/3 5/1/5 
f 4/1/4 3/1/3 8/1/8 9/1/9 
f 10/1/10 11/1/11 12/1/12 13/1/13 
f 14/1/14 13/1/13 12/1/12 15/1/15 
f 9/1/9 8/1/8 13/1/13 14/1/14 
f 10/1/10 13/1/13 8/1/8 7/1/7 
f 16/1/16 17/1/17 18/1/18 19/1/19 
f 14/1/14 18/1/18 17/1/17 9/1/9 
f 15/1/15 20/1/20 18/1/18 14/1/14 
f 18/1/18 20/1/20 21/1/21 
f 22/1/22 23/1/23 24/1/24 25/1/25 
f 4/1/4 23/1/23 22/1/22 1/1/1 
f 9/1/9 17/1/17 23/1/23 4/1/4 
f 16/1/16 24/1/24 23/1/23 17/1/17 
f 26/1/26 27/1/27 28/1/28 29/1/29 
f 30/1/30 28/1/28 27/1/27 31/1/31 
f 32/1/32 33/1/33 28/1/28 30/1/30 
f 29/1/29 28/1/28 33/1/33 34/1/34 
f 35/1/35 36/1/36 37/1/37 38/1/38 
f 29/1/29 37/1/37 36/1/36 26/1/26 
f 34/1/34 39/1/39 37/1/37 29/1/29 
f 38/1/38 37/1/37 39/1/39 40/1/40 
f 25/1/25 24/1/24 41/1/41 42/1/42 
f 43/1/43 41/1/41 24/1/24 16/1/16 
f 40/1/40 39/1/39 41/1/41 43/1/43 
f 42/1/42 41/1/41 39/1/39 34/1/34 
f 44/1/44 45/1/45 46/1/46 47/1/47 
f 48/1/48 46/1/46 45/1/45 49/1/49 
f 49/1/49 50/1/50 51/1/51 48/1/48 
f 52/1/52 53/1/53 54/1/54 55/1/55 
f 56/1/56 54/1/54 53/1/53 57/1/57 
f 57/1/57 58/1/58 59/1/59 56/1/56 
f 47/1/47 59/1/59 58/1/58 44/1/44 
f 60/1/60 61/1/61 62/1/62 63/1/63 
f 64/1/64 62/1/62 61/1/61 65/1/65 
f 62/1/62 64/1/64 66/1/66 
f 63/1/63 62/1/62 67/1/67 68/1/68 
f 69/1/69 70/1/70 71/1/71 72/1/72 
f 73/1/73 71/1/71 70/1/70 74/1/74 
f 75/1/75 76/1/76 71/1/71 73/1/73 
f 72/1/72 71/1/71 76/1/76 77/1/77 
f 78/1/78 79/1/79 80/1/80 81/1/81 
f 79/1/79 82/1/82 83/1/83 80/1/80 
f 83/1/83 74/1/74 84/1/84 80/1/80 
f 81/1/81 80/1/80 84/1/84 85/1/85 
f 86/1/86 87/1/87 88/1/88 89/1/89 
f 73/1/73 88/1/88 87/1/87 75/1/75 
f 74/1/74 83/1/83 88/1/88 73/1/73 
f 89/1/89 88/1/88 83/1/83 82/1/82 
f 90/1/90 91/1/91 92/1/92 93/1/93 
f 94/1/94 92/1/92 91/1/91 95/1/95 
f 77/1/77 76/1/76 92/1/92 94/1/94 
f 93/1/93 92/1/92 76/1/76 75/1/75 
f 96/1/96 97/1/97 98/1/98 99/1/99 
f 100/1/100 98/1/98 97/1/97 101/1/101 
f 102/1/102 103/1/103 98/1/98 100/1/100 
f 99/1/99 98/1/98 103/1/103 104/1/104 
f 21/1/21 20/1/20 105/1/105 106/1/106 
f 107/1/107 105/1/105 20/1/20 15/1/15 
f 108/1/108 109/1/109 105/1/105 107/1/107 
f 106/1/106 105/1/105 109/1/109 110/1/110 
f 111/1/111 112/1/112 113/1/113 114/1/114 
f 109/1/109 113/1/113 112/1/112 110/1/110 
f 108/1/108 115/1/115 113/1/113 109/1/109 
f 115/1/115 116/1/116 114/1/114 
f 108/1/108 107/1/107 117/1/117 118/1/118 
f 12/1/12 117/1/117 107/1/107 15/1/15 
f 11/1/11 119/1/119 117/1/117 12/1/12 
f 118/1/118 117/1/117 119/1/119 120/1/120 
f 121/1/121 122/1/122 116/1/116 
f 115/1/115 108/1/108 118/1/118 121/1/121 
f 120/1/120 123/1/123 121/1/121 118/1/118 
f 122/1/122 121/1/121 123/1/123 124/1/124 
f 16/1/16 19/1/19 125/1/125 43/1/43 
f 19/1/19 21/1/21 126/1/126 
f 127/1/127 128/1/128 125/1/125 126/1/126 
f 43/1/43 125/1/125 128/1/128 40/1/40 
f 21/1/21 106/1/106 129/1/129 126/1/126 
f 130/1/130 129/1/129 106/1/106 110/1/110 
f 131/1/131 132/1/132 129/1/129 130/1/130 
f 126/1/126 129/1/129 132/1/132 127/1/127 
f 133/1/133 130/1/130 110/1/110 
f 112/1/112 111/1/111 134/1/134 
f 135/1/135 136/1/136 133/1/133 134/1/134 
f 130/1/130 133/1/133 136/1/136 131/1/131 
f 40/1/40 128/1/128 137/1/137 38/1/38 
f 138/1/138 137/1/137 128/1/128 127/1/127 
f 139/1/139 140/1/140 137/1/137 138/1/138 
f 38/1/38 137/1/137 140/1/140 35/1/35 
f 141/1/141 142/1/142 143/1/143 144/1/144 
f 142/1/142 145/1/145 146/1/146 143/1/143 
f 147/1/147 148/1/148 143/1/143 146/1/146 
f 144/1/144 143/1/143 148/1/148 149/1/149 
f 150/1/150 151/1/151 152/1/152 
f 153/1/153 154/1/154 155/1/155 152/1/152 
f 154/1/154 149/1/149 148/1/148 155/1/155 
f 150/1/150 155/1/155 148/1/148 147/1/147 
f 156/1/156 157/1/157 158/1/158 
f 159/1/159 156/1/156 160/1/160 141/1/141 
f 161/1/161 162/1/162 156/1/156 159/1/159 
f 157/1/157 156/1/156 162/1/162 163/1/163 
f 89/1/89 164/1/164 165/1/165 86/1/86 
f 166/1/166 164/1/164 89/1/89 82/1/82 
f 164/1/164 166/1/166 167/1/167 
f 168/1/168 169/1/169 165/1/165 
f 170/1/170 171/1/171 172/1/172 173/1/173 
f 174/1/174 175/1/175 172/1/172 171/1/171 
f 176/1/176 172/1/172 175/1/175 177/1/177 
f 173/1/173 172/1/172 176/1/176 178/1/178 
f 178/1/178 176/1/176 179/1/179 180/1/180 
f 181/1/181 179/1/179 176/1/176 177/1/177 
f 182/1/182 183/1/183 179/1/179 181/1/181 
f 180/1/180 179/1/179 183/1/183 184/1/184 
f 185/1/185 186/1/186 187/1/187 188/1/188 
f 189/1/189 187/1/187 186/1/186 190/1/190 
f 191/1/191 192/1/192 187/1/187 189/1/189 
f 188/1/188 187/1/187 192/1/192 193/1/193 
f 194/1/194 195/1/195 196/1/196 197/1/197 
f 198/1/198 196/1/196 195/1/195 199/1/199 
f 190/1/190 186/1/186 196/1/196 198/1/198 
f 197/1/197 196/1/196 186/1/186 185/1/185 
f 200/1/200 201/1/201 202/1/202 203/1/203 
f 202/1/202 199/1/199 195/1/195 203/1/203 
f 204/1/204 203/1/203 195/1/195 194/1/194 
f 205/1/205 200/1/200 203/1/203 204/1/204 
f 169/1/169 168/1/168 206/1/206 207/1/207 
f 208/1/208 206/1/206 168/1/168 167/1/167 
f 209/1/209 210/1/210 206/1/206 208/1/208 
f 207/1/207 206/1/206 210/1/210 211/1/211 
f 212/1/212 213/1/213 214/1/214 215/1/215 
f 216/1/216 214/1/214 213/1/213 217/1/217 
f 211/1/211 210/1/210 214/1/214 216/1/216 
f 215/1/215 214/1/214 210/1/210 209/1/209 
f 218/1/218 219/1/219 220/1/220 221/1/221 
f 99/1/99 220/1/220 219/1/219 96/1/96 
f 104/1/104 222/1/222 220/1/220 99/1/99 
f 221/1/221 220/1/220 222/1/222 223/1/223 
f 223/1/223 222/1/222 224/1/224 225/1/225 
f 226/1/226 224/1/224 222/1/222 104/1/104 
f 227/1/227 228/1/228 224/1/224 226/1/226 
f 225/1/225 224/1/224 228/1/228 229/1/229 
f 229/1/229 228/1/228 230/1/230 231/1/231 
f 232/1/232 230/1/230 228/1/228 227/1/227 
f 233/1/233 234/1/234 230/1/230 232/1/232 
f 231/1/231 230/1/230 234/1/234 235/1/235 
f 235/1/235 234/1/234 236/1/236 237/1/237 
f 238/1/238 236/1/236 234/1/234 233/1/233 
f 239/1/239 240/1/240 236/1/236 238/1/238 
f 237/1/237 236/1/236 240/1/240 241/1/241 
f 242/1/242 243/1/243 244/1/244 
f 245/1/245 246/1/246 247/1/247 
f 248/1/248 242/1/242 247/1/247 249/1/249 
f 250/1/250 243/1/243 242/1/242 
f 251/1/251 252/1/252 253/1/253 254/1/254 
f 255/1/255 253/1/253 252/1/252 256/1/256 
f 257/1/257 258/1/258 253/1/253 255/1/255 
f 254/1/254 253/1/253 258/1/258 259/1/259 
f 260/1/260 261/1/261 262/1/262 263/1/263 
f 264/1/264 262/1/262 261/1/261 265/1/265 
f 266/1/266 267/1/267 262/1/262 264/1/264 
f 263/1/263 262/1/262 267/1/267 268/1/268 
f 269/1/269 270/1/270 271/1/271 272/1/272 
f 273/1/273 271/1/271 270/1/270 274/1/274 
f 275/1/275 276/1/276 271/1/271 273/1/273 
f 272/1/272 271/1/271 276/1/276 277/1/277 
f 278/1/278 279/1/279 280/1/280 281/1/281 
f 263/1/263 280/1/280 279/1/279 260/1/260 
f 268/1/268 282/1/282 280/1/280 263/1/263 
f 281/1/281 280/1/280 282/1/282 283/1/283 
f 284/1/284 285/1/285 286/1/286 287/1/287 
f 288/1/288 286/1/286 285/1/285 153/1/153 
f 289/1/289 286/1/286 288/1/288 290/1/290 
f 287/1/287 286/1/286 289/1/289 291/1/291 
f 184/1/184 183/1/183 292/1/292 293/1/293 
f 294/1/294 292/1/292 183/1/183 182/1/182 
f 295/1/295 292/1/292 294/1/294 296/1/296 
f 293/1/293 292/1/292 295/1/295 297/1/297 
f 298/1/298 299/1/299 300/1/300 301/1/301 
f 299/1/299 217/1/217 213/1/213 
f 300/1/300 213/1/213 212/1/212 
f 301/1/301 300/1/300 302/1/302 303/1/303 
f 304/1/304 305/1/305 306/1/306 307/1/307 
f 308/1/308 306/1/306 305/1/305 309/1/309 
f 265/1/265 261/1/261 306/1/306 308/1/308 
f 307/1/307 306/1/306 261/1/261 260/1/260 
f 310/1/310 311/1/311 312/1/312 313/1/313 
f 122/1/122 312/1/312 311/1/311 116/1/116 
f 124/1/124 314/1/314 312/1/312 122/1/122 
f 313/1/313 312/1/312 314/1/314 315/1/315 
f 223/1/223 316/1/316 317/1/317 221/1/221 
f 313/1/313 317/1/317 316/1/316 310/1/310 
f 315/1/315 318/1/318 317/1/317 313/1/313 
f 221/1/221 317/1/317 318/1/318 218/1/218 
f 319/1/319 320/1/320 321/1/321 322/1/322 
f 114/1/114 321/1/321 320/1/320 111/1/111 
f 116/1/116 311/1/311 321/1/321 114/1/114 
f 322/1/322 321/1/321 311/1/311 310/1/310 
f 229/1/229 323/1/323 324/1/324 225/1/225 
f 322/1/322 324/1/324 323/1/323 319/1/319 
f 310/1/310 316/1/316 324/1/324 322/1/322 
f 225/1/225 324/1/324 316/1/316 223/1/223 
f 325/1/325 326/1/326 327/1/327 
f 134/1/134 325/1/325 328/1/328 135/1/135 
f 111/1/111 320/1/320 325/1/325 134/1/134 
f 326/1/326 325/1/325 320/1/320 319/1/319 
f 235/1/235 329/1/329 330/1/330 231/1/231 
f 326/1/326 330/1/330 329/1/329 327/1/327 
f 319/1/319 323/1/323 330/1/330 326/1/326 
f 231/1/231 330/1/330 323/1/323 229/1/229 
f 331/1/331 332/1/332 333/1/333 334/1/334 
f 335/1/335 333/1/333 332/1/332 336/1/336 
f 135/1/135 328/1/328 333/1/333 335/1/335 
f 334/1/334 333/1/333 328/1/328 327/1/327 
f 241/1/241 337/1/337 338/1/338 237/1/237 
f 334/1/334 338/1/338 337/1/337 331/1/331 
f 327/1/327 329/1/329 338/1/338 334/1/334 
f 237/1/237 338/1/338 329/1/329 235/1/235 
f 339/1/339 340/1/340 341/1/341 342/1/342 
f 289/1/289 341/1/341 340/1/340 291/1/291 
f 290/1/290 343/1/343 341/1/341 289/1/289 
f 342/1/342 341/1/341 343/1/343 344/1/344 
f 249/1/249 345/1/345 346/1/346 248/1/248 
f 342/1/342 346/1/346 345/1/345 339/1/339 
f 344/1/344 347/1/347 346/1/346 342/1/342 
f 347/1/347 250/1/250 248/1/248 
f 201/1/201 200/1/200 348/1/348 349/1/349 
f 350/1/350 348/1/348 200/1/200 205/1/205 
f 351/1/351 352/1/352 348/1/348 350/1/350 
f 349/1/349 348/1/348 352/1/352 353/1/353 
f 254/1/254 354/1/354 355/1/355 251/1/251 
f 356/1/356 354/1/354 254/1/254 259/1/259 
f 353/1/353 352/1/352 354/1/354 356/1/356 
f 355/1/355 354/1/354 352/1/352 351/1/351 
f 357/1/357 358/1/358 298/1/298 
f 359/1/359 357/1/357 301/1/301 303/1/303 
f 309/1/309 305/1/305 357/1/357 359/1/359 
f 358/1/358 357/1/357 305/1/305 304/1/304 
f 260/1/260 279/1/279 360/1/360 307/1/307 
f 361/1/361 360/1/360 279/1/279 278/1/278 
f 362/1/362 363/1/363 360/1/360 361/1/361 
f 307/1/307 360/1/360 363/1/363 304/1/304 
f 364/1/364 365/1/365 366/1/366 367/1/367 
f 368/1/368 366/1/366 365/1/365 369/1/369 
f 370/1/370 371/1/371 366/1/366 368/1/368 
f 367/1/367 366/1/366 371/1/371 372/1/372 
f 373/1/373 374/1/374 375/1/375 376/1/376 
f 377/1/377 375/1/375 374/1/374 378/1/378 
f 379/1/379 380/1/380 375/1/375 377/1/377 
f 376/1/376 375/1/375 380/1/380 381/1/381 
f 382/1/382 383/1/383 384/1/384 385/1/385 
f 376/1/376 384/1/384 383/1/383 373/1/373 
f 381/1/381 386/1/386 384/1/384 376/1/376 
f 385/1/385 384/1/384 386/1/386 387/1/387 
f 369/1/369 365/1/365 388/1/388 389/1/389 
f 390/1/390 388/1/388 365/1/365 364/1/364 
f 391/1/391 392/1/392 388/1/388 390/1/390 
f 389/1/389 388/1/388 392/1/392 393/1/393 
f 369/1/369 394/1/394 395/1/395 368/1/368 
f 396/1/396 395/1/395 394/1/394 397/1/397 
f 398/1/398 399/1/399 395/1/395 396/1/396 
f 368/1/368 395/1/395 399/1/399 370/1/370 
f 400/1/400 401/1/401 379/1/379 
f 399/1/399 400/1/400 402/1/402 370/1/370 
f 398/1/398 403/1/403 400/1/400 399/1/399 
f 401/1/401 400/1/400 403/1/403 404/1/404 
f 381/1/381 380/1/380 405/1/405 406/1/406 
f 401/1/401 405/1/405 380/1/380 379/1/379 
f 405/1/405 401/1/401 404/1/404 
f 406/1/406 405/1/405 407/1/407 408/1/408 
f 387/1/387 386/1/386 409/1/409 410/1/410 
f 406/1/406 409/1/409 386/1/386 381/1/381 
f 408/1/408 411/1/411 409/1/409 406/1/406 
f 410/1/410 409/1/409 411/1/411 412/1/412 
f 387/1/387 410/1/410 413/1/413 414/1/414 
f 415/1/415 413/1/413 410/1/410 412/1/412 
f 416/1/416 417/1/417 413/1/413 415/1/415 
f 414/1/414 413/1/413 417/1/417 393/1/393 
f 397/1/397 394/1/394 418/1/418 419/1/419 
f 389/1/389 418/1/418 394/1/394 369/1/369 
f 393/1/393 417/1/417 418/1/418 389/1/389 
f 417/1/417 416/1/416 419/1/419 
f 397/1/397 420/1/420 421/1/421 396/1/396 
f 422/1/422 421/1/421 420/1/420 423/1/423 
f 424/1/424 425/1/425 421/1/421 422/1/422 
f 396/1/396 421/1/421 425/1/425 398/1/398 
f 398/1/398 425/1/425 426/1/426 403/1/403 
f 427/1/427 426/1/426 425/1/425 424/1/424 
f 428/1/428 429/1/429 426/1/426 427/1/427 
f 429/1/429 404/1/404 403/1/403 426/1/426 
f 408/1/408 407/1/407 430/1/430 431/1/431 
f 429/1/429 430/1/430 407/1/407 404/1/404 
f 428/1/428 432/1/432 430/1/430 429/1/429 
f 431/1/431 430/1/430 432/1/432 433/1/433 
f 412/1/412 411/1/411 434/1/434 435/1/435 
f 431/1/431 434/1/434 411/1/411 408/1/408 
f 433/1/433 436/1/436 434/1/434 431/1/431 
f 435/1/435 434/1/434 436/1/436 437/1/437 
f 415/1/415 438/1/438 439/1/439 416/1/416 
f 435/1/435 438/1/438 415/1/415 412/1/412 
f 437/1/437 440/1/440 438/1/438 435/1/435 
f 440/1/440 441/1/441 439/1/439 438/1/438 
f 423/1/423 420/1/420 442/1/442 443/1/443 
f 419/1/419 442/1/442 420/1/420 397/1/397 
f 442/1/442 419/1/419 416/1/416 
f 443/1/443 442/1/442 439/1/439 441/1/441 
f 444/1/444 445/1/445 446/1/446 447/1/447 
f 448/1/448 446/1/446 445/1/445 449/1/449 
f 450/1/450 451/1/451 446/1/446 448/1/448 
f 447/1/447 446/1/446 451/1/451 452/1/452 
f 453/1/453 454/1/454 455/1/455 
f 456/1/456 453/1/453 457/1/457 458/1/458 
f 444/1/444 459/1/459 453/1/453 456/1/456 
f 454/1/454 453/1/453 459/1/459 460/1/460 
f 461/1/461 462/1/462 463/1/463 464/1/464 
f 454/1/454 463/1/463 462/1/462 455/1/455 
f 460/1/460 465/1/465 463/1/463 454/1/454 
f 466/1/466 464/1/464 463/1/463 
f 461/1/461 464/1/464 467/1/467 468/1/468 
f 469/1/469 467/1/467 464/1/464 466/1/466 
f 470/1/470 471/1/471 467/1/467 469/1/469 
f 468/1/468 467/1/467 471/1/471 472/1/472 
f 472/1/472 471/1/471 473/1/473 474/1/474 
f 475/1/475 473/1/473 471/1/471 470/1/470 
f 476/1/476 477/1/477 473/1/473 475/1/475 
f 474/1/474 473/1/473 477/1/477 478/1/478 
f 479/1/479 480/1/480 481/1/481 
f 482/1/482 478/1/478 477/1/477 479/1/479 
f 483/1/483 479/1/479 477/1/477 476/1/476 
f 480/1/480 479/1/479 483/1/483 449/1/449 
f 449/1/449 445/1/445 484/1/484 480/1/480 
f 456/1/456 484/1/484 445/1/445 444/1/444 
f 458/1/458 485/1/485 484/1/484 
f 481/1/481 480/1/480 484/1/484 485/1/485 
f 424/1/424 486/1/486 487/1/487 427/1/427 
f 488/1/488 487/1/487 486/1/486 489/1/489 
f 490/1/490 487/1/487 488/1/488 491/1/491 
f 427/1/427 487/1/487 490/1/490 428/1/428 
f 491/1/491 492/1/492 493/1/493 490/1/490 
f 494/1/494 493/1/493 492/1/492 495/1/495 
f 433/1/433 432/1/432 493/1/493 494/1/494 
f 490/1/490 493/1/493 432/1/432 428/1/428 
f 437/1/437 436/1/436 496/1/496 497/1/497 
f 494/1/494 496/1/496 436/1/436 433/1/433 
f 495/1/495 498/1/498 496/1/496 494/1/494 
f 497/1/497 496/1/496 498/1/498 499/1/499 
f 441/1/441 440/1/440 500/1/500 501/1/501 
f 497/1/497 500/1/500 440/1/440 437/1/437 
f 499/1/499 502/1/502 500/1/500 497/1/497 
f 501/1/501 500/1/500 502/1/502 503/1/503 
f 441/1/441 501/1/501 504/1/504 443/1/443 
f 501/1/501 503/1/503 505/1/505 504/1/504 
f 506/1/506 507/1/507 504/1/504 505/1/505 
f 443/1/443 504/1/504 507/1/507 423/1/423 
f 489/1/489 486/1/486 508/1/508 509/1/509 
f 422/1/422 508/1/508 486/1/486 424/1/424 
f 423/1/423 507/1/507 508/1/508 422/1/422 
f 509/1/509 508/1/508 507/1/507 506/1/506 
f 491/1/491 488/1/488 510/1/510 511/1/511 
f 512/1/512 510/1/510 488/1/488 489/1/489 
f 510/1/510 512/1/512 513/1/513 
f 511/1/511 510/1/510 514/1/514 515/1/515 
f 455/1/455 462/1/462 516/1/516 517/1/517 
f 518/1/518 516/1/516 462/1/462 461/1/461 
f 519/1/519 520/1/520 516/1/516 518/1/518 
f 517/1/517 516/1/516 520/1/520 521/1/521 
f 522/1/522 523/1/523 524/1/524 525/1/525 
f 523/1/523 515/1/515 526/1/526 
f 524/1/524 526/1/526 519/1/519 
f 527/1/527 528/1/528 525/1/525 
f 495/1/495 492/1/492 529/1/529 530/1/530 
f 511/1/511 529/1/529 492/1/492 491/1/491 
f 515/1/515 523/1/523 529/1/529 511/1/511 
f 530/1/530 529/1/529 523/1/523 522/1/522 
f 518/1/518 531/1/531 527/1/527 519/1/519 
f 461/1/461 468/1/468 531/1/531 518/1/518 
f 532/1/532 531/1/531 468/1/468 472/1/472 
f 527/1/527 531/1/531 532/1/532 528/1/528 
f 499/1/499 498/1/498 533/1/533 534/1/534 
f 530/1/530 533/1/533 498/1/498 495/1/495 
f 522/1/522 535/1/535 533/1/533 530/1/530 
f 534/1/534 533/1/533 535/1/535 536/1/536 
f 503/1/503 502/1/502 537/1/537 538/1/538 
f 534/1/534 537/1/537 502/1/502 499/1/499 
f 536/1/536 539/1/539 537/1/537 534/1/534 
f 538/1/538 537/1/537 539/1/539 540/1/540 
f 541/1/541 521/1/521 520/1/520 
f 519/1/519 526/1/526 542/1/542 520/1/520 
f 542/1/542 526/1/526 515/1/515 
f 514/1/514 513/1/513 541/1/541 
f 543/1/543 544/1/544 545/1/545 546/1/546 
f 532/1/532 545/1/545 544/1/544 528/1/528 
f 472/1/472 474/1/474 545/1/545 532/1/532 
f 546/1/546 545/1/545 474/1/474 478/1/478 
f 547/1/547 548/1/548 549/1/549 
f 550/1/550 547/1/547 551/1/551 552/1/552 
f 543/1/543 553/1/553 547/1/547 550/1/550 
f 553/1/553 554/1/554 548/1/548 
f 555/1/555 556/1/556 554/1/554 
f 546/1/546 555/1/555 553/1/553 543/1/543 
f 546/1/546 478/1/478 482/1/482 555/1/555 
f 482/1/482 481/1/481 556/1/556 
f 556/1/556 557/1/557 558/1/558 554/1/554 
f 556/1/556 481/1/481 485/1/485 
f 458/1/458 559/1/559 557/1/557 485/1/485 
f 559/1/559 560/1/560 558/1/558 
f 458/1/458 457/1/457 561/1/561 559/1/559 
f 457/1/457 455/1/455 517/1/517 
f 521/1/521 562/1/562 561/1/561 517/1/517 
f 559/1/559 561/1/561 562/1/562 560/1/560 
f 563/1/563 564/1/564 560/1/560 
f 565/1/565 563/1/563 562/1/562 521/1/521 
f 566/1/566 567/1/567 563/1/563 565/1/565 
f 564/1/564 563/1/563 567/1/567 568/1/568 
f 568/1/568 567/1/567 569/1/569 570/1/570 
f 571/1/571 569/1/569 567/1/567 566/1/566 
f 572/1/572 573/1/573 569/1/569 571/1/571 
f 570/1/570 569/1/569 573/1/573 574/1/574 
f 575/1/575 576/1/576 577/1/577 
f 575/1/575 578/1/578 579/1/579 
f 580/1/580 576/1/576 575/1/575 581/1/581 
f 580/1/580 582/1/582 583/1/583 576/1/576 
f 570/1/570 583/1/583 582/1/582 568/1/568 
f 574/1/574 584/1/584 583/1/583 570/1/570 
f 576/1/576 583/1/583 584/1/584 577/1/577 
f 585/1/585 586/1/586 587/1/587 588/1/588 
f 586/1/586 589/1/589 590/1/590 
f 587/1/587 590/1/590 591/1/591 
f 588/1/588 587/1/587 592/1/592 593/1/593 
f 594/1/594 595/1/595 596/1/596 597/1/597 
f 594/1/594 579/1/579 598/1/598 
f 588/1/588 595/1/595 598/1/598 585/1/585 
f 593/1/593 596/1/596 595/1/595 588/1/588 
f 597/1/597 596/1/596 599/1/599 600/1/600 
f 601/1/601 599/1/599 596/1/596 593/1/593 
f 602/1/602 603/1/603 599/1/599 601/1/601 
f 600/1/600 599/1/599 603/1/603 604/1/604 
f 605/1/605 606/1/606 607/1/607 608/1/608 
f 609/1/609 607/1/607 606/1/606 610/1/610 
f 609/1/609 549/1/549 548/1/548 607/1/607 
f 548/1/548 554/1/554 608/1/608 
f 611/1/611 612/1/612 613/1/613 
f 608/1/608 611/1/611 614/1/614 605/1/605 
f 554/1/554 558/1/558 611/1/611 608/1/608 
f 612/1/612 611/1/611 558/1/558 560/1/560 
f 615/1/615 616/1/616 614/1/614 613/1/613 
f 615/1/615 617/1/617 618/1/618 616/1/616 
f 605/1/605 614/1/614 616/1/616 618/1/618 
f 619/1/619 620/1/620 613/1/613 
f 564/1/564 619/1/619 612/1/612 560/1/560 
f 568/1/568 582/1/582 619/1/619 564/1/564 
f 620/1/620 619/1/619 582/1/582 580/1/580 
f 621/1/621 620/1/620 580/1/580 
f 581/1/581 579/1/579 622/1/622 
f 622/1/622 623/1/623 624/1/624 
f 620/1/620 621/1/621 624/1/624 613/1/613 
f 625/1/625 626/1/626 624/1/624 623/1/623 
f 627/1/627 626/1/626 625/1/625 628/1/628 
f 617/1/617 615/1/615 626/1/626 627/1/627 
f 624/1/624 626/1/626 615/1/615 613/1/613 
f 623/1/623 622/1/622 629/1/629 630/1/630 
f 594/1/594 629/1/629 622/1/622 579/1/579 
f 597/1/597 631/1/631 629/1/629 594/1/594 
f 630/1/630 629/1/629 631/1/631 632/1/632 
f 633/1/633 634/1/634 635/1/635 636/1/636 
f 630/1/630 635/1/635 634/1/634 623/1/623 
f 632/1/632 637/1/637 635/1/635 630/1/630 
f 636/1/636 635/1/635 637/1/637 638/1/638 
f 639/1/639 640/1/640 641/1/641 642/1/642 
f 640/1/640 604/1/604 643/1/643 
f 644/1/644 641/1/641 643/1/643 645/1/645 
f 646/1/646 642/1/642 641/1/641 644/1/644 
f 647/1/647 648/1/648 632/1/632 
f 600/1/600 647/1/647 631/1/631 597/1/597 
f 647/1/647 600/1/600 604/1/604 
f 639/1/639 648/1/648 647/1/647 640/1/640 
f 646/1/646 644/1/644 649/1/649 650/1/650 
f 645/1/645 651/1/651 649/1/649 644/1/644 
f 652/1/652 649/1/649 651/1/651 628/1/628 
f 653/1/653 650/1/650 649/1/649 652/1/652 
f 654/1/654 655/1/655 656/1/656 657/1/657 
f 638/1/638 637/1/637 656/1/656 655/1/655 
f 637/1/637 632/1/632 648/1/648 
f 657/1/657 656/1/656 648/1/648 639/1/639 
f 628/1/628 625/1/625 658/1/658 652/1/652 
f 634/1/634 658/1/658 625/1/625 623/1/623 
f 633/1/633 659/1/659 658/1/658 634/1/634 
f 652/1/652 658/1/658 659/1/659 653/1/653 
f 660/1/660 661/1/661 653/1/653 
f 659/1/659 633/1/633 636/1/636 
f 638/1/638 655/1/655 660/1/660 636/1/636 
f 661/1/661 660/1/660 655/1/655 654/1/654 
f 662/1/662 661/1/661 654/1/654 
f 657/1/657 639/1/639 642/1/642 
f 662/1/662 642/1/642 646/1/646 
f 650/1/650 653/1/653 661/1/661 
f 663/1/663 664/1/664 665/1/665 666/1/666 
f 93/1/93 665/1/665 664/1/664 90/1/90 
f 75/1/75 87/1/87 665/1/665 93/1/93 
f 666/1/666 665/1/665 87/1/87 86/1/86 
f 86/1/86 165/1/165 667/1/667 666/1/666 
f 668/1/668 667/1/667 165/1/165 169/1/169 
f 669/1/669 670/1/670 667/1/667 668/1/668 
f 666/1/666 667/1/667 670/1/670 663/1/663 
f 663/1/663 670/1/670 671/1/671 672/1/672 
f 673/1/673 671/1/671 670/1/670 669/1/669 
f 674/1/674 675/1/675 671/1/671 673/1/673 
f 672/1/672 671/1/671 675/1/675 676/1/676 
f 668/1/668 677/1/677 678/1/678 669/1/669 
f 207/1/207 677/1/677 668/1/668 169/1/169 
f 211/1/211 679/1/679 677/1/677 207/1/207 
f 680/1/680 678/1/678 677/1/677 679/1/679 
f 674/1/674 673/1/673 681/1/681 682/1/682 
f 669/1/669 678/1/678 681/1/681 673/1/673 
f 680/1/680 683/1/683 681/1/681 678/1/678 
f 682/1/682 681/1/681 683/1/683 684/1/684 
f 679/1/679 685/1/685 686/1/686 680/1/680 
f 216/1/216 685/1/685 679/1/679 211/1/211 
f 216/1/216 217/1/217 687/1/687 
f 685/1/685 687/1/687 688/1/688 
f 683/1/683 680/1/680 686/1/686 689/1/689 
f 690/1/690 689/1/689 686/1/686 688/1/688 
f 691/1/691 689/1/689 690/1/690 692/1/692 
f 684/1/684 683/1/683 689/1/689 691/1/691 
f 693/1/693 694/1/694 695/1/695 696/1/696 
f 695/1/695 694/1/694 298/1/298 
f 304/1/304 363/1/363 695/1/695 358/1/358 
f 696/1/696 695/1/695 363/1/363 362/1/362 
f 697/1/697 694/1/694 693/1/693 
f 698/1/698 688/1/688 687/1/687 
f 697/1/697 687/1/687 217/1/217 
f 299/1/299 298/1/298 694/1/694 
f 688/1/688 698/1/698 699/1/699 690/1/690 
f 693/1/693 700/1/700 699/1/699 698/1/698 
f 701/1/701 699/1/699 700/1/700 702/1/702 
f 692/1/692 690/1/690 699/1/699 701/1/701 
f 90/1/90 664/1/664 703/1/703 704/1/704 
f 672/1/672 703/1/703 664/1/664 663/1/663 
f 676/1/676 705/1/705 703/1/703 672/1/672 
f 704/1/704 703/1/703 705/1/705 706/1/706 
f 704/1/704 706/1/706 707/1/707 708/1/708 
f 709/1/709 708/1/708 707/1/707 710/1/710 
f 95/1/95 91/1/91 708/1/708 709/1/709 
f 704/1/704 708/1/708 91/1/91 90/1/90 
f 711/1/711 712/1/712 713/1/713 714/1/714 
f 715/1/715 712/1/712 711/1/711 716/1/716 
f 710/1/710 707/1/707 712/1/712 715/1/715 
f 713/1/713 712/1/712 707/1/707 706/1/706 
f 717/1/717 718/1/718 705/1/705 676/1/676 
f 719/1/719 720/1/720 718/1/718 717/1/717 
f 705/1/705 718/1/718 720/1/720 706/1/706 
f 714/1/714 713/1/713 721/1/721 722/1/722 
f 721/1/721 713/1/713 706/1/706 
f 723/1/723 721/1/721 720/1/720 719/1/719 
f 722/1/722 721/1/721 723/1/723 724/1/724 
f 725/1/725 726/1/726 727/1/727 728/1/728 
f 717/1/717 726/1/726 725/1/725 719/1/719 
f 676/1/676 675/1/675 726/1/726 717/1/717 
f 727/1/727 726/1/726 675/1/675 674/1/674 
f 729/1/729 730/1/730 731/1/731 732/1/732 
f 722/1/722 731/1/731 730/1/730 714/1/714 
f 724/1/724 733/1/733 731/1/731 722/1/722 
f 732/1/732 731/1/731 733/1/733 734/1/734 
f 734/1/734 735/1/735 736/1/736 732/1/732 
f 10/1/10 736/1/736 735/1/735 11/1/11 
f 7/1/7 737/1/737 736/1/736 10/1/10 
f 732/1/732 736/1/736 737/1/737 729/1/729 
f 738/1/738 739/1/739 740/1/740 741/1/741 
f 724/1/724 723/1/723 741/1/741 740/1/740 
f 719/1/719 725/1/725 741/1/741 723/1/723 
f 725/1/725 728/1/728 738/1/738 741/1/741 
f 740/1/740 742/1/742 733/1/733 724/1/724 
f 739/1/739 743/1/743 742/1/742 740/1/740 
f 734/1/734 733/1/733 742/1/742 743/1/743 
f 11/1/11 735/1/735 744/1/744 119/1/119 
f 745/1/745 744/1/744 735/1/735 734/1/734 
f 746/1/746 747/1/747 744/1/744 745/1/745 
f 120/1/120 119/1/119 744/1/744 747/1/747 
f 728/1/728 727/1/727 748/1/748 749/1/749 
f 682/1/682 748/1/748 727/1/727 674/1/674 
f 684/1/684 750/1/750 748/1/748 682/1/682 
f 749/1/749 748/1/748 750/1/750 751/1/751 
f 752/1/752 746/1/746 745/1/745 753/1/753 
f 743/1/743 753/1/753 745/1/745 734/1/734 
f 739/1/739 754/1/754 753/1/753 743/1/743 
f 752/1/752 753/1/753 754/1/754 755/1/755 
f 755/1/755 754/1/754 756/1/756 757/1/757 
f 738/1/738 756/1/756 754/1/754 739/1/739 
f 749/1/749 756/1/756 738/1/738 728/1/728 
f 757/1/757 756/1/756 749/1/749 751/1/751 
f 751/1/751 750/1/750 758/1/758 759/1/759 
f 691/1/691 758/1/758 750/1/750 684/1/684 
f 692/1/692 760/1/760 758/1/758 691/1/691 
f 759/1/759 758/1/758 760/1/760 761/1/761 
f 751/1/751 759/1/759 762/1/762 757/1/757 
f 763/1/763 762/1/762 759/1/759 761/1/761 
f 764/1/764 765/1/765 762/1/762 763/1/763 
f 757/1/757 762/1/762 765/1/765 755/1/755 
f 746/1/746 752/1/752 766/1/766 767/1/767 
f 765/1/765 766/1/766 752/1/752 755/1/755 
f 768/1/768 766/1/766 765/1/765 764/1/764 
f 768/1/768 769/1/769 767/1/767 766/1/766 
f 124/1/124 123/1/123 770/1/770 771/1/771 
f 747/1/747 770/1/770 123/1/123 120/1/120 
f 746/1/746 767/1/767 770/1/770 747/1/747 
f 771/1/771 770/1/770 767/1/767 769/1/769 
f 772/1/772 773/1/773 774/1/774 775/1/775 
f 763/1/763 774/1/774 773/1/773 764/1/764 
f 761/1/761 776/1/776 774/1/774 763/1/763 
f 775/1/775 774/1/774 776/1/776 777/1/777 
f 761/1/761 760/1/760 778/1/778 776/1/776 
f 701/1/701 778/1/778 760/1/760 692/1/692 
f 702/1/702 779/1/779 778/1/778 701/1/701 
f 776/1/776 778/1/778 779/1/779 777/1/777 
f 764/1/764 773/1/773 780/1/780 768/1/768 
f 781/1/781 780/1/780 773/1/773 772/1/772 
f 768/1/768 780/1/780 781/1/781 769/1/769 
f 702/1/702 700/1/700 782/1/782 783/1/783 
f 696/1/696 782/1/782 700/1/700 693/1/693 
f 362/1/362 784/1/784 782/1/782 696/1/696 
f 783/1/783 782/1/782 784/1/784 785/1/785 
f 315/1/315 314/1/314 786/1/786 787/1/787 
f 771/1/771 786/1/786 314/1/314 124/1/124 
f 769/1/769 788/1/788 786/1/786 771/1/771 
f 787/1/787 786/1/786 788/1/788 789/1/789 
f 783/1/783 790/1/790 779/1/779 702/1/702 
f 790/1/790 783/1/783 785/1/785 
f 777/1/777 779/1/779 790/1/790 791/1/791 
f 789/1/789 788/1/788 792/1/792 793/1/793 
f 781/1/781 792/1/792 788/1/788 769/1/769 
f 772/1/772 794/1/794 792/1/792 781/1/781 
f 793/1/793 792/1/792 794/1/794 795/1/795 
f 795/1/795 794/1/794 796/1/796 797/1/797 
f 775/1/775 796/1/796 794/1/794 772/1/772 
f 777/1/777 791/1/791 796/1/796 775/1/775 
f 797/1/797 796/1/796 791/1/791 785/1/785 
f 785/1/785 784/1/784 798/1/798 799/1/799 
f 361/1/361 798/1/798 784/1/784 362/1/362 
f 278/1/278 800/1/800 798/1/798 361/1/361 
f 799/1/799 798/1/798 800/1/800 801/1/801 
f 218/1/218 318/1/318 802/1/802 803/1/803 
f 787/1/787 802/1/802 318/1/318 315/1/315 
f 789/1/789 804/1/804 802/1/802 787/1/787 
f 803/1/803 802/1/802 804/1/804 805/1/805 
f 805/1/805 804/1/804 806/1/806 807/1/807 
f 793/1/793 806/1/806 804/1/804 789/1/789 
f 795/1/795 808/1/808 806/1/806 793/1/793 
f 807/1/807 806/1/806 808/1/808 809/1/809 
f 809/1/809 808/1/808 810/1/810 811/1/811 
f 797/1/797 810/1/810 808/1/808 795/1/795 
f 785/1/785 799/1/799 810/1/810 797/1/797 
f 811/1/811 810/1/810 799/1/799 801/1/801 
f 812/1/812 801/1/801 800/1/800 813/1/813 
f 281/1/281 813/1/813 800/1/800 278/1/278 
f 283/1/283 814/1/814 813/1/813 281/1/281 
f 815/1/815 812/1/812 813/1/813 814/1/814 
f 96/1/96 219/1/219 816/1/816 817/1/817 
f 803/1/803 816/1/816 219/1/219 218/1/218 
f 805/1/805 818/1/818 816/1/816 803/1/803 
f 817/1/817 816/1/816 818/1/818 819/1/819 
f 819/1/819 818/1/818 820/1/820 821/1/821 
f 807/1/807 820/1/820 818/1/818 805/1/805 
f 809/1/809 822/1/822 820/1/820 807/1/807 
f 821/1/821 820/1/820 822/1/822 823/1/823 
f 823/1/823 822/1/822 824/1/824 825/1/825 
f 811/1/811 824/1/824 822/1/822 809/1/809 
f 801/1/801 812/1/812 824/1/824 811/1/811 
f 825/1/825 824/1/824 812/1/812 815/1/815 
f 97/1/97 826/1/826 827/1/827 101/1/101 
f 817/1/817 826/1/826 97/1/97 96/1/96 
f 819/1/819 828/1/828 826/1/826 817/1/817 
f 827/1/827 826/1/826 828/1/828 829/1/829 
f 512/1/512 830/1/830 831/1/831 513/1/513 
f 512/1/512 489/1/489 509/1/509 
f 830/1/830 509/1/509 506/1/506 
f 831/1/831 830/1/830 832/1/832 833/1/833 
f 834/1/834 835/1/835 836/1/836 837/1/837 
f 571/1/571 836/1/836 835/1/835 572/1/572 
f 566/1/566 838/1/838 836/1/836 571/1/571 
f 837/1/837 836/1/836 838/1/838 833/1/833 
f 839/1/839 832/1/832 506/1/506 
f 538/1/538 839/1/839 505/1/505 503/1/503 
f 540/1/540 840/1/840 839/1/839 538/1/538 
f 832/1/832 839/1/839 840/1/840 833/1/833 
f 565/1/565 841/1/841 838/1/838 566/1/566 
f 541/1/541 841/1/841 565/1/565 521/1/521 
f 513/1/513 831/1/831 841/1/841 541/1/541 
f 838/1/838 841/1/841 831/1/831 833/1/833 
f 842/1/842 843/1/843 844/1/844 
f 845/1/845 833/1/833 846/1/846 
f 842/1/842 846/1/846 847/1/847 
f 848/1/848 849/1/849 843/1/843 
f 849/1/849 848/1/848 850/1/850 851/1/851 
f 852/1/852 850/1/850 848/1/848 847/1/847 
f 853/1/853 854/1/854 850/1/850 852/1/852 
f 854/1/854 855/1/855 851/1/851 
f 856/1/856 857/1/857 858/1/858 859/1/859 
f 860/1/860 858/1/858 857/1/857 861/1/861 
f 862/1/862 863/1/863 858/1/858 860/1/860 
f 864/1/864 859/1/859 858/1/858 863/1/863 
f 865/1/865 866/1/866 867/1/867 868/1/868 
f 869/1/869 867/1/867 866/1/866 870/1/870 
f 871/1/871 872/1/872 867/1/867 869/1/869 
f 868/1/868 867/1/867 872/1/872 873/1/873 
f 873/1/873 872/1/872 874/1/874 875/1/875 
f 876/1/876 874/1/874 872/1/872 871/1/871 
f 877/1/877 878/1/878 874/1/874 876/1/876 
f 875/1/875 874/1/874 878/1/878 879/1/879 
f 880/1/880 881/1/881 882/1/882 883/1/883 
f 868/1/868 882/1/882 881/1/881 865/1/865 
f 873/1/873 884/1/884 882/1/882 868/1/868 
f 883/1/883 882/1/882 884/1/884 885/1/885 
f 886/1/886 887/1/887 888/1/888 
f 883/1/883 886/1/886 889/1/889 880/1/880 
f 886/1/886 883/1/883 885/1/885 
f 887/1/887 886/1/886 890/1/890 891/1/891 
f 885/1/885 884/1/884 892/1/892 893/1/893 
f 875/1/875 892/1/892 884/1/884 873/1/873 
f 879/1/879 894/1/894 892/1/892 875/1/875 
f 893/1/893 892/1/892 894/1/894 895/1/895 
f 895/1/895 894/1/894 896/1/896 897/1/897 
f 898/1/898 896/1/896 894/1/894 879/1/879 
f 101/1/101 827/1/827 896/1/896 898/1/898 
f 897/1/897 896/1/896 827/1/827 829/1/829 
f 899/1/899 900/1/900 901/1/901 902/1/902 
f 903/1/903 901/1/901 900/1/900 904/1/904 
f 888/1/888 905/1/905 901/1/901 903/1/903 
f 902/1/902 901/1/901 905/1/905 906/1/906 
f 829/1/829 828/1/828 907/1/907 908/1/908 
f 821/1/821 907/1/907 828/1/828 819/1/819 
f 823/1/823 909/1/909 907/1/907 821/1/821 
f 908/1/908 907/1/907 909/1/909 910/1/910 
f 911/1/911 912/1/912 913/1/913 914/1/914 
f 911/1/911 815/1/815 814/1/814 
f 915/1/915 912/1/912 814/1/814 283/1/283 
f 913/1/913 912/1/912 915/1/915 916/1/916 
f 910/1/910 909/1/909 917/1/917 918/1/918 
f 825/1/825 917/1/917 909/1/909 823/1/823 
f 815/1/815 911/1/911 917/1/917 825/1/825 
f 918/1/918 917/1/917 911/1/911 914/1/914 
f 919/1/919 913/1/913 916/1/916 
f 590/1/590 919/1/919 920/1/920 591/1/591 
f 921/1/921 919/1/919 590/1/590 589/1/589 
f 919/1/919 921/1/921 914/1/914 
f 922/1/922 923/1/923 895/1/895 
f 908/1/908 922/1/922 897/1/897 829/1/829 
f 910/1/910 924/1/924 922/1/922 908/1/908 
f 924/1/924 925/1/925 923/1/923 
f 926/1/926 927/1/927 891/1/891 
f 890/1/890 885/1/885 893/1/893 
f 895/1/895 923/1/923 926/1/926 893/1/893 
f 923/1/923 925/1/925 927/1/927 
f 906/1/906 905/1/905 928/1/928 929/1/929 
f 887/1/887 928/1/928 905/1/905 888/1/888 
f 891/1/891 927/1/927 928/1/928 887/1/887 
f 927/1/927 925/1/925 929/1/929 
f 930/1/930 931/1/931 932/1/932 
f 932/1/932 933/1/933 934/1/934 
f 929/1/929 935/1/935 934/1/934 906/1/906 
f 935/1/935 929/1/929 925/1/925 
f 931/1/931 930/1/930 936/1/936 937/1/937 
f 938/1/938 936/1/936 930/1/930 925/1/925 
f 936/1/936 938/1/938 939/1/939 
f 937/1/937 936/1/936 940/1/940 941/1/941 
f 939/1/939 942/1/942 943/1/943 940/1/940 
f 921/1/921 943/1/943 942/1/942 914/1/914 
f 589/1/589 944/1/944 943/1/943 921/1/921 
f 940/1/940 943/1/943 944/1/944 941/1/941 
f 918/1/918 945/1/945 924/1/924 910/1/910 
f 914/1/914 942/1/942 945/1/945 918/1/918 
f 939/1/939 938/1/938 945/1/945 942/1/942 
f 938/1/938 925/1/925 924/1/924 
f 452/1/452 946/1/946 947/1/947 447/1/447 
f 948/1/948 949/1/949 947/1/947 946/1/946 
f 460/1/460 459/1/459 947/1/947 949/1/949 
f 447/1/447 947/1/947 459/1/459 444/1/444 
f 950/1/950 951/1/951 952/1/952 953/1/953 
f 450/1/450 448/1/448 952/1/952 951/1/951 
f 449/1/449 483/1/483 952/1/952 448/1/448 
f 476/1/476 953/1/953 952/1/952 483/1/483 
f 954/1/954 955/1/955 956/1/956 957/1/957 
f 469/1/469 956/1/956 955/1/955 470/1/470 
f 466/1/466 958/1/958 956/1/956 469/1/469 
f 957/1/957 956/1/956 958/1/958 959/1/959 
f 465/1/465 960/1/960 958/1/958 466/1/466 
f 949/1/949 960/1/960 465/1/465 460/1/460 
f 948/1/948 961/1/961 960/1/960 949/1/949 
f 958/1/958 960/1/960 961/1/961 959/1/959 
f 950/1/950 953/1/953 962/1/962 963/1/963 
f 475/1/475 962/1/962 953/1/953 476/1/476 
f 470/1/470 955/1/955 962/1/962 475/1/475 
f 963/1/963 962/1/962 955/1/955 954/1/954 
f 964/1/964 965/1/965 966/1/966 967/1/967 
f 963/1/963 966/1/966 965/1/965 950/1/950 
f 954/1/954 957/1/957 966/1/966 963/1/963 
f 966/1/966 957/1/957 959/1/959 
f 948/1/948 946/1/946 968/1/968 961/1/961 
f 968/1/968 946/1/946 452/1/452 
f 968/1/968 969/1/969 964/1/964 
f 961/1/961 968/1/968 967/1/967 959/1/959 
f 964/1/964 969/1/969 970/1/970 965/1/965 
f 452/1/452 451/1/451 970/1/970 
f 450/1/450 951/1/951 970/1/970 451/1/451 
f 965/1/965 970/1/970 951/1/951 950/1/950 
f 390/1/390 971/1/971 972/1/972 391/1/391 
f 367/1/367 971/1/971 390/1/390 364/1/364 
f 372/1/372 973/1/973 971/1/971 367/1/367 
f 972/1/972 971/1/971 973/1/973 378/1/378 
f 378/1/378 973/1/973 974/1/974 377/1/377 
f 372/1/372 371/1/371 974/1/974 973/1/973 
f 370/1/370 402/1/402 974/1/974 371/1/371 
f 377/1/377 974/1/974 402/1/402 379/1/379 
f 373/1/373 383/1/383 975/1/975 374/1/374 
f 976/1/976 975/1/975 383/1/383 382/1/382 
f 975/1/975 976/1/976 391/1/391 
f 378/1/378 374/1/374 975/1/975 972/1/972 
f 382/1/382 385/1/385 977/1/977 976/1/976 
f 414/1/414 977/1/977 385/1/385 387/1/387 
f 393/1/393 392/1/392 977/1/977 414/1/414 
f 976/1/976 977/1/977 392/1/392 391/1/391 
f 906/1/906 934/1/934 978/1/978 902/1/902 
f 979/1/979 978/1/978 934/1/934 933/1/933 
f 980/1/980 981/1/981 978/1/978 979/1/979 
f 902/1/902 978/1/978 981/1/981 899/1/899 
f 572/1/572 835/1/835 982/1/982 983/1/983 
f 984/1/984 982/1/982 835/1/835 834/1/834 
f 985/1/985 986/1/986 982/1/982 984/1/984 
f 983/1/983 982/1/982 986/1/986 987/1/987 
f 988/1/988 989/1/989 990/1/990 991/1/991 
f 979/1/979 990/1/990 989/1/989 980/1/980 
f 933/1/933 932/1/932 990/1/990 979/1/979 
f 932/1/932 931/1/931 991/1/991 
f 987/1/987 986/1/986 992/1/992 993/1/993 
f 994/1/994 992/1/992 986/1/986 985/1/985 
f 980/1/980 989/1/989 992/1/992 994/1/994 
f 993/1/993 992/1/992 989/1/989 988/1/988 
f 585/1/585 598/1/598 995/1/995 996/1/996 
f 578/1/578 995/1/995 598/1/598 579/1/579 
f 577/1/577 997/1/997 995/1/995 578/1/578 
f 996/1/996 995/1/995 997/1/997 998/1/998 
f 999/1/999 998/1/998 1000/1/1000 
f 991/1/991 1001/1/1001 1000/1/1000 988/1/988 
f 1001/1/1001 991/1/991 931/1/931 
f 999/1/999 1001/1/1001 937/1/937 941/1/941 
f 1002/1/1002 1003/1/1003 1004/1/1004 1005/1/1005 
f 993/1/993 1004/1/1004 1003/1/1003 987/1/987 
f 988/1/988 1000/1/1000 1004/1/1004 993/1/993 
f 998/1/998 1005/1/1005 1004/1/1004 1000/1/1000 
f 941/1/941 944/1/944 1006/1/1006 999/1/999 
f 586/1/586 1006/1/1006 944/1/944 589/1/589 
f 586/1/586 585/1/585 996/1/996 
f 999/1/999 1006/1/1006 996/1/996 998/1/998 
f 1007/1/1007 997/1/997 577/1/577 
f 1008/1/1008 1007/1/1007 584/1/584 574/1/574 
f 1002/1/1002 1005/1/1005 1007/1/1007 1008/1/1008 
f 1005/1/1005 998/1/998 997/1/997 
f 574/1/574 573/1/573 1009/1/1009 1008/1/1008 
f 983/1/983 1009/1/1009 573/1/573 572/1/572 
f 987/1/987 1003/1/1003 1009/1/1009 983/1/983 
f 1008/1/1008 1009/1/1009 1003/1/1003 1002/1/1002 
f 864/1/864 1010/1/1010 1011/1/1011 1012/1/1012 
f 1013/1/1013 1011/1/1011 1010/1/1010 1014/1/1014 
f 1015/1/1015 1016/1/1016 1011/1/1011 1013/1/1013 
f 1012/1/1012 1011/1/1011 1016/1/1016 1017/1/1017 
f 834/1/834 837/1/837 1018/1/1018 1019/1/1019 
f 845/1/845 1018/1/1018 837/1/837 833/1/833 
f 844/1/844 1020/1/1020 1018/1/1018 845/1/845 
f 1019/1/1019 1018/1/1018 1020/1/1020 1021/1/1021 
f 985/1/985 984/1/984 1022/1/1022 1023/1/1023 
f 1019/1/1019 1022/1/1022 984/1/984 834/1/834 
f 1021/1/1021 1024/1/1024 1022/1/1022 1019/1/1019 
f 1024/1/1024 1025/1/1025 1023/1/1023 
f 1026/1/1026 1023/1/1023 1025/1/1025 
f 1027/1/1027 899/1/899 981/1/981 
f 1026/1/1026 981/1/981 980/1/980 
f 994/1/994 985/1/985 1023/1/1023 
f 1025/1/1025 1024/1/1024 1028/1/1028 1029/1/1029 
f 1024/1/1024 1021/1/1021 1030/1/1030 
f 1031/1/1031 1032/1/1032 1028/1/1028 1030/1/1030 
f 1029/1/1029 1028/1/1028 1032/1/1032 1033/1/1033 
f 1034/1/1034 1035/1/1035 1029/1/1029 1033/1/1033 
f 904/1/904 900/1/900 1035/1/1035 1034/1/1034 
f 1027/1/1027 1035/1/1035 900/1/900 899/1/899 
f 1029/1/1029 1035/1/1035 1027/1/1027 1025/1/1025 
f 1036/1/1036 1037/1/1037 1038/1/1038 1039/1/1039 
f 1040/1/1040 1038/1/1038 1037/1/1037 1017/1/1017 
f 1041/1/1041 1038/1/1038 1040/1/1040 1042/1/1042 
f 1039/1/1039 1038/1/1038 1041/1/1041 1043/1/1043 
f 1044/1/1044 1045/1/1045 1046/1/1046 1047/1/1047 
f 1034/1/1034 1046/1/1046 1045/1/1045 904/1/904 
f 1033/1/1033 1048/1/1048 1046/1/1046 1034/1/1034 
f 1047/1/1047 1046/1/1046 1048/1/1048 1049/1/1049 
f 859/1/859 1050/1/1050 1051/1/1051 856/1/856 
f 1012/1/1012 1050/1/1050 859/1/859 864/1/864 
f 1017/1/1017 1037/1/1037 1050/1/1050 1012/1/1012 
f 1037/1/1037 1036/1/1036 1051/1/1051 1050/1/1050 
f 1031/1/1031 1052/1/1052 1053/1/1053 1032/1/1032 
f 1054/1/1054 1055/1/1055 1053/1/1053 1052/1/1052 
f 1049/1/1049 1048/1/1048 1053/1/1053 1055/1/1055 
f 1032/1/1032 1053/1/1053 1048/1/1048 1033/1/1033 
f 1044/1/1044 1056/1/1056 1057/1/1057 1058/1/1058 
f 1059/1/1059 1057/1/1057 1056/1/1056 1043/1/1043 
f 865/1/865 881/1/881 1057/1/1057 1059/1/1059 
f 1058/1/1058 1057/1/1057 881/1/881 880/1/880 
f 1060/1/1060 1036/1/1036 1039/1/1039 1061/1/1061 
f 1043/1/1043 1056/1/1056 1061/1/1061 1039/1/1039 
f 1047/1/1047 1061/1/1061 1056/1/1056 1044/1/1044 
f 1049/1/1049 1060/1/1060 1061/1/1061 1047/1/1047 
f 880/1/880 889/1/889 1062/1/1062 1058/1/1058 
f 903/1/903 1062/1/1062 889/1/889 888/1/888 
f 904/1/904 1045/1/1045 1062/1/1062 903/1/903 
f 1058/1/1058 1062/1/1062 1045/1/1045 1044/1/1044 
f 1060/1/1060 1049/1/1049 1055/1/1055 1063/1/1063 
f 1064/1/1064 1063/1/1063 1055/1/1055 1054/1/1054 
f 856/1/856 1051/1/1051 1063/1/1063 1064/1/1064 
f 1060/1/1060 1063/1/1063 1051/1/1051 1036/1/1036 
f 1065/1/1065 1066/1/1066 1067/1/1067 1068/1/1068 
f 915/1/915 1067/1/1067 1066/1/1066 916/1/916 
f 283/1/283 282/1/282 1067/1/1067 915/1/915 
f 1068/1/1068 1067/1/1067 282/1/282 268/1/268 
f 268/1/268 267/1/267 1069/1/1069 1068/1/1068 
f 1070/1/1070 1069/1/1069 267/1/267 266/1/266 
f 1071/1/1071 1072/1/1072 1069/1/1069 1070/1/1070 
f 1068/1/1068 1069/1/1069 1072/1/1072 1065/1/1065 
f 1065/1/1065 1072/1/1072 1073/1/1073 1074/1/1074 
f 1075/1/1075 1073/1/1073 1072/1/1072 1071/1/1071 
f 1076/1/1076 1077/1/1077 1073/1/1073 1075/1/1075 
f 1074/1/1074 1073/1/1073 1077/1/1077 1078/1/1078 
f 255/1/255 1079/1/1079 1080/1/1080 257/1/257 
f 256/1/256 1081/1/1081 1079/1/1079 255/1/255 
f 1082/1/1082 1079/1/1079 1081/1/1081 1083/1/1083 
f 1084/1/1084 1080/1/1080 1079/1/1079 1082/1/1082 
f 1085/1/1085 1086/1/1086 246/1/246 
f 245/1/245 244/1/244 1087/1/1087 
f 1088/1/1088 1089/1/1089 1085/1/1085 1087/1/1087 
f 1089/1/1089 1090/1/1090 1086/1/1086 
f 1091/1/1091 1092/1/1092 1093/1/1093 1094/1/1094 
f 1095/1/1095 1093/1/1093 1092/1/1092 1096/1/1096 
f 274/1/274 270/1/270 1093/1/1093 1095/1/1095 
f 1094/1/1094 1093/1/1093 270/1/270 269/1/269 
f 1097/1/1097 1098/1/1098 1099/1/1099 1100/1/1100 
f 238/1/238 1099/1/1099 1098/1/1098 239/1/239 
f 233/1/233 1101/1/1101 1099/1/1099 238/1/238 
f 1100/1/1100 1099/1/1099 1101/1/1101 1102/1/1102 
f 1103/1/1103 1104/1/1104 1105/1/1105 1106/1/1106 
f 226/1/226 1105/1/1105 1104/1/1104 227/1/227 
f 104/1/104 103/1/103 1105/1/1105 226/1/226 
f 1106/1/1106 1105/1/1105 103/1/103 102/1/102 
f 1102/1/1102 1101/1/1101 1107/1/1107 1108/1/1108 
f 232/1/232 1107/1/1107 1101/1/1101 233/1/233 
f 227/1/227 1104/1/1104 1107/1/1107 232/1/232 
f 1108/1/1108 1107/1/1107 1104/1/1104 1103/1/1103 
f 1109/1/1109 1110/1/1110 1111/1/1111 1112/1/1112 
f 1108/1/1108 1111/1/1111 1110/1/1110 1102/1/1102 
f 1103/1/1103 1113/1/1113 1111/1/1111 1108/1/1108 
f 1112/1/1112 1111/1/1111 1113/1/1113 1114/1/1114 
f 100/1/100 1115/1/1115 1116/1/1116 102/1/102 
f 898/1/898 1115/1/1115 100/1/100 101/1/101 
f 1117/1/1117 1115/1/1115 898/1/898 879/1/879 
f 1117/1/1117 1118/1/1118 1116/1/1116 
f 1114/1/1114 1113/1/1113 1119/1/1119 1120/1/1120 
f 1106/1/1106 1119/1/1119 1113/1/1113 1103/1/1103 
f 102/1/102 1116/1/1116 1119/1/1119 1106/1/1106 
f 1120/1/1120 1119/1/1119 1116/1/1116 1118/1/1118 
f 1121/1/1121 1122/1/1122 1123/1/1123 1124/1/1124 
f 1122/1/1122 1125/1/1125 1126/1/1126 
f 1123/1/1123 1126/1/1126 1127/1/1127 
f 1128/1/1128 1129/1/1129 1124/1/1124 
f 1130/1/1130 1131/1/1131 1132/1/1132 1133/1/1133 
f 1134/1/1134 1132/1/1132 1131/1/1131 1135/1/1135 
f 1125/1/1125 1122/1/1122 1132/1/1132 1134/1/1134 
f 1133/1/1133 1132/1/1132 1122/1/1122 1121/1/1121 
f 1136/1/1136 1137/1/1137 1138/1/1138 1139/1/1139 
f 1140/1/1140 1141/1/1141 1137/1/1137 1136/1/1136 
f 1142/1/1142 1137/1/1137 1141/1/1141 1143/1/1143 
f 1144/1/1144 1138/1/1138 1137/1/1137 1142/1/1142 
f 1145/1/1145 1146/1/1146 1147/1/1147 1148/1/1148 
f 1149/1/1149 1147/1/1147 1146/1/1146 1150/1/1150 
f 1151/1/1151 1152/1/1152 1147/1/1147 1149/1/1149 
f 1148/1/1148 1147/1/1147 1152/1/1152 1153/1/1153 
f 1078/1/1078 1077/1/1077 1154/1/1154 1155/1/1155 
f 1156/1/1156 1154/1/1154 1077/1/1077 1076/1/1076 
f 1154/1/1154 1156/1/1156 1157/1/1157 
f 1155/1/1155 1154/1/1154 1158/1/1158 1159/1/1159 
f 1160/1/1160 1161/1/1161 1162/1/1162 
f 1163/1/1163 1164/1/1164 1162/1/1162 1165/1/1165 
f 1164/1/1164 1163/1/1163 1166/1/1166 
f 1160/1/1160 1164/1/1164 1167/1/1167 1168/1/1168 
f 1169/1/1169 1170/1/1170 1159/1/1159 
f 1158/1/1158 1157/1/1157 1171/1/1171 1169/1/1169 
f 1169/1/1169 1171/1/1171 1172/1/1172 
f 1173/1/1173 1170/1/1170 1169/1/1169 1174/1/1174 
f 1175/1/1175 1176/1/1176 1173/1/1173 
f 1174/1/1174 1172/1/1172 1177/1/1177 
f 1161/1/1161 1160/1/1160 1175/1/1175 1177/1/1177 
f 1175/1/1175 1160/1/1160 1168/1/1168 
f 916/1/916 1066/1/1066 1178/1/1178 1179/1/1179 
f 1074/1/1074 1178/1/1178 1066/1/1066 1065/1/1065 
f 1078/1/1078 1180/1/1180 1178/1/1178 1074/1/1074 
f 1179/1/1179 1178/1/1178 1180/1/1180 1181/1/1181 
f 1182/1/1182 1181/1/1181 1180/1/1180 
f 1078/1/1078 1155/1/1155 1183/1/1183 1180/1/1180 
f 1159/1/1159 1182/1/1182 1183/1/1183 1155/1/1155 
f 1184/1/1184 1185/1/1185 1186/1/1186 1187/1/1187 
f 1186/1/1186 1185/1/1185 1181/1/1181 
f 1182/1/1182 1159/1/1159 1170/1/1170 
f 1170/1/1170 1173/1/1173 1187/1/1187 
f 1188/1/1188 1187/1/1187 1173/1/1173 
f 1176/1/1176 1168/1/1168 1189/1/1189 
f 1190/1/1190 1191/1/1191 1188/1/1188 1189/1/1189 
f 1191/1/1191 1184/1/1184 1187/1/1187 
f 593/1/593 592/1/592 1192/1/1192 601/1/601 
f 1193/1/1193 1192/1/1192 592/1/592 591/1/591 
f 1194/1/1194 1195/1/1195 1192/1/1192 1193/1/1193 
f 601/1/601 1192/1/1192 1195/1/1195 602/1/602 
f 591/1/591 920/1/920 1196/1/1196 1193/1/1193 
f 1179/1/1179 1196/1/1196 920/1/920 916/1/916 
f 1181/1/1181 1197/1/1197 1196/1/1196 1179/1/1179 
f 1193/1/1193 1196/1/1196 1197/1/1197 1194/1/1194 
f 610/1/610 606/1/606 1198/1/1198 1199/1/1199 
f 606/1/606 605/1/605 618/1/618 
f 617/1/617 1200/1/1200 1198/1/1198 618/1/618 
f 1199/1/1199 1198/1/1198 1200/1/1200 1201/1/1201 
f 1185/1/1185 1202/1/1202 1197/1/1197 1181/1/1181 
f 1203/1/1203 1202/1/1202 1185/1/1185 1184/1/1184 
f 1204/1/1204 1202/1/1202 1203/1/1203 1205/1/1205 
f 1194/1/1194 1197/1/1197 1202/1/1202 1204/1/1204 
f 1206/1/1206 1207/1/1207 1208/1/1208 1201/1/1201 
f 1209/1/1209 1207/1/1207 1206/1/1206 1205/1/1205 
f 1210/1/1210 1208/1/1208 1207/1/1207 1209/1/1209 
f 602/1/602 1195/1/1195 1211/1/1211 1212/1/1212 
f 1204/1/1204 1211/1/1211 1195/1/1195 1194/1/1194 
f 1205/1/1205 1206/1/1206 1211/1/1211 1204/1/1204 
f 1212/1/1212 1211/1/1211 1206/1/1206 1201/1/1201 
f 645/1/645 643/1/643 1213/1/1213 1214/1/1214 
f 603/1/603 1213/1/1213 643/1/643 604/1/604 
f 1212/1/1212 1213/1/1213 603/1/603 602/1/602 
f 1212/1/1212 1201/1/1201 1214/1/1214 
f 627/1/627 1215/1/1215 1200/1/1200 617/1/617 
f 628/1/628 651/1/651 1215/1/1215 627/1/627 
f 651/1/651 645/1/645 1214/1/1214 
f 1214/1/1214 1201/1/1201 1200/1/1200 
f 1216/1/1216 1203/1/1203 1184/1/1184 
f 1217/1/1217 1216/1/1216 1191/1/1191 1190/1/1190 
f 1210/1/1210 1209/1/1209 1216/1/1216 1217/1/1217 
f 1205/1/1205 1203/1/1203 1216/1/1216 1209/1/1209 
f 1218/1/1218 1219/1/1219 1220/1/1220 1221/1/1221 
f 1222/1/1222 1220/1/1220 1219/1/1219 1223/1/1223 
f 1224/1/1224 1225/1/1225 1220/1/1220 1222/1/1222 
f 1221/1/1221 1220/1/1220 1225/1/1225 1226/1/1226 
f 1224/1/1224 1222/1/1222 1227/1/1227 1228/1/1228 
f 1222/1/1222 1223/1/1223 1229/1/1229 
f 1230/1/1230 1231/1/1231 1227/1/1227 1229/1/1229 
f 1228/1/1228 1227/1/1227 1231/1/1231 1232/1/1232 
f 1228/1/1228 1233/1/1233 1225/1/1225 1224/1/1224 
f 1234/1/1234 1233/1/1233 1228/1/1228 1232/1/1232 
f 1235/1/1235 1236/1/1236 1233/1/1233 1234/1/1234 
f 1225/1/1225 1233/1/1233 1236/1/1236 1226/1/1226 
f 1237/1/1237 1238/1/1238 1239/1/1239 1240/1/1240 
f 1226/1/1226 1236/1/1236 1238/1/1238 1237/1/1237 
f 1241/1/1241 1238/1/1238 1236/1/1236 1235/1/1235 
f 1242/1/1242 1239/1/1239 1238/1/1238 1241/1/1241 
f 1232/1/1232 1243/1/1243 1244/1/1244 1234/1/1234 
f 1245/1/1245 1244/1/1244 1243/1/1243 1246/1/1246 
f 1247/1/1247 1248/1/1248 1244/1/1244 1245/1/1245 
f 1234/1/1234 1244/1/1244 1248/1/1248 1235/1/1235 
f 1242/1/1242 1241/1/1241 1249/1/1249 1250/1/1250 
f 1235/1/1235 1248/1/1248 1249/1/1249 1241/1/1241 
f 1248/1/1248 1247/1/1247 1251/1/1251 1249/1/1249 
f 1250/1/1250 1249/1/1249 1251/1/1251 1252/1/1252 
f 1251/1/1251 1253/1/1253 1254/1/1254 1252/1/1252 
f 1247/1/1247 1255/1/1255 1253/1/1253 1251/1/1251 
f 1256/1/1256 1253/1/1253 1255/1/1255 1257/1/1257 
f 1258/1/1258 1254/1/1254 1253/1/1253 1256/1/1256 
f 1259/1/1259 1260/1/1260 1261/1/1261 1262/1/1262 
f 1134/1/1134 1261/1/1261 1260/1/1260 1125/1/1125 
f 1263/1/1263 1261/1/1261 1134/1/1134 1135/1/1135 
f 1264/1/1264 1262/1/1262 1261/1/1261 1263/1/1263 
f 1265/1/1265 1266/1/1266 1267/1/1267 1268/1/1268 
f 1112/1/1112 1267/1/1267 1266/1/1266 1109/1/1109 
f 1114/1/1114 1269/1/1269 1267/1/1267 1112/1/1112 
f 1268/1/1268 1267/1/1267 1269/1/1269 1270/1/1270 
f 1271/1/1271 1272/1/1272 1270/1/1270 
f 1120/1/1120 1271/1/1271 1269/1/1269 1114/1/1114 
f 1272/1/1272 1271/1/1271 1120/1/1120 1118/1/1118 
f 1127/1/1127 1126/1/1126 1273/1/1273 1274/1/1274 
f 1125/1/1125 1260/1/1260 1273/1/1273 1126/1/1126 
f 1259/1/1259 1275/1/1275 1273/1/1273 
f 1275/1/1275 1276/1/1276 1274/1/1274 
f 1277/1/1277 1278/1/1278 1279/1/1279 
f 1280/1/1280 1127/1/1127 1274/1/1274 
f 1277/1/1277 1274/1/1274 1276/1/1276 
f 1278/1/1278 1277/1/1277 1281/1/1281 1282/1/1282 
f 1276/1/1276 1275/1/1275 1283/1/1283 1284/1/1284 
f 1285/1/1285 1283/1/1283 1275/1/1275 1259/1/1259 
f 1286/1/1286 1287/1/1287 1283/1/1283 1285/1/1285 
f 1284/1/1284 1283/1/1283 1287/1/1287 1288/1/1288 
f 1288/1/1288 1289/1/1289 1290/1/1290 
f 1289/1/1289 1270/1/1270 1272/1/1272 
f 1272/1/1272 1118/1/1118 1291/1/1291 
f 1291/1/1291 1282/1/1282 1292/1/1292 
f 1118/1/1118 1117/1/1117 1293/1/1293 1291/1/1291 
f 1117/1/1117 879/1/879 878/1/878 
f 877/1/877 1294/1/1294 1293/1/1293 878/1/878 
f 1294/1/1294 1282/1/1282 1291/1/1291 
f 1288/1/1288 1292/1/1292 1295/1/1295 1284/1/1284 
f 1281/1/1281 1295/1/1295 1292/1/1292 1282/1/1282 
f 1276/1/1276 1284/1/1284 1295/1/1295 1281/1/1281 
f 871/1/871 1296/1/1296 1297/1/1297 876/1/876 
f 1278/1/1278 1297/1/1297 1296/1/1296 1279/1/1279 
f 1282/1/1282 1294/1/1294 1297/1/1297 1278/1/1278 
f 876/1/876 1297/1/1297 1294/1/1294 877/1/877 
f 1298/1/1298 1287/1/1287 1286/1/1286 
f 1299/1/1299 1265/1/1265 1268/1/1268 
f 1270/1/1270 1289/1/1289 1298/1/1298 1268/1/1268 
f 1289/1/1289 1288/1/1288 1287/1/1287 1298/1/1298 
f 870/1/870 866/1/866 1300/1/1300 1301/1/1301 
f 1059/1/1059 1300/1/1300 866/1/866 865/1/865 
f 1043/1/1043 1041/1/1041 1300/1/1300 1059/1/1059 
f 1301/1/1301 1300/1/1300 1041/1/1041 1042/1/1042 
f 1017/1/1017 1016/1/1016 1302/1/1302 1040/1/1040 
f 1303/1/1303 1302/1/1302 1016/1/1016 1015/1/1015 
f 1304/1/1304 1302/1/1302 1303/1/1303 1305/1/1305 
f 1042/1/1042 1040/1/1040 1302/1/1302 1304/1/1304 
f 1306/1/1306 1307/1/1307 1279/1/1279 
f 869/1/869 1306/1/1306 1296/1/1296 871/1/871 
f 870/1/870 1308/1/1308 1306/1/1306 869/1/869 
f 1307/1/1307 1306/1/1306 1308/1/1308 1309/1/1309 
f 1127/1/1127 1280/1/1280 1310/1/1310 1128/1/1128 
f 1280/1/1280 1279/1/1279 1307/1/1307 
f 1309/1/1309 1311/1/1311 1310/1/1310 1307/1/1307 
f 1128/1/1128 1310/1/1310 1311/1/1311 1129/1/1129 
f 1312/1/1312 1313/1/1313 1314/1/1314 1315/1/1315 
f 1309/1/1309 1308/1/1308 1313/1/1313 
f 1301/1/1301 1313/1/1313 1308/1/1308 870/1/870 
f 1042/1/1042 1314/1/1314 1313/1/1313 1301/1/1301 
f 1305/1/1305 1316/1/1316 1317/1/1317 1304/1/1304 
f 1315/1/1315 1314/1/1314 1317/1/1317 1316/1/1316 
f 1304/1/1304 1317/1/1317 1314/1/1314 1042/1/1042 
f 1318/1/1318 1319/1/1319 1311/1/1311 1309/1/1309 
f 1320/1/1320 1321/1/1321 1319/1/1319 1318/1/1318 
f 1129/1/1129 1311/1/1311 1319/1/1319 1321/1/1321 
f 1305/1/1305 1303/1/1303 1322/1/1322 1323/1/1323 
f 1015/1/1015 1324/1/1324 1322/1/1322 1303/1/1303 
f 1325/1/1325 1322/1/1322 1324/1/1324 1326/1/1326 
f 1327/1/1327 1323/1/1323 1322/1/1322 1325/1/1325 
f 1316/1/1316 1328/1/1328 1329/1/1329 1315/1/1315 
f 1323/1/1323 1328/1/1328 1316/1/1316 1305/1/1305 
f 1330/1/1330 1328/1/1328 1323/1/1323 1327/1/1327 
f 1328/1/1328 1330/1/1330 1331/1/1331 
f 1320/1/1320 1318/1/1318 1332/1/1332 1333/1/1333 
f 1312/1/1312 1332/1/1332 1318/1/1318 1309/1/1309 
f 1315/1/1315 1329/1/1329 1332/1/1332 1312/1/1312 
f 1333/1/1333 1332/1/1332 1329/1/1329 1331/1/1331 
f 1334/1/1334 1327/1/1327 1325/1/1325 
f 1326/1/1326 1335/1/1335 1336/1/1336 1325/1/1325 
f 1337/1/1337 1336/1/1336 1335/1/1335 1338/1/1338 
f 1339/1/1339 1334/1/1334 1336/1/1336 1337/1/1337 
f 1124/1/1124 1340/1/1340 1341/1/1341 1121/1/1121 
f 1321/1/1321 1340/1/1340 1124/1/1124 1129/1/1129 
f 1320/1/1320 1342/1/1342 1340/1/1340 1321/1/1321 
f 1342/1/1342 1343/1/1343 1341/1/1341 1340/1/1340 
f 1343/1/1343 1342/1/1342 1344/1/1344 1345/1/1345 
f 1333/1/1333 1344/1/1344 1342/1/1342 1320/1/1320 
f 1344/1/1344 1333/1/1333 1331/1/1331 
f 1345/1/1345 1344/1/1344 1346/1/1346 1347/1/1347 
f 1347/1/1347 1346/1/1346 1348/1/1348 1349/1/1349 
f 1346/1/1346 1331/1/1331 1330/1/1330 
f 1327/1/1327 1334/1/1334 1348/1/1348 1330/1/1330 
f 1349/1/1349 1348/1/1348 1334/1/1334 1339/1/1339 
f 1350/1/1350 1351/1/1351 1352/1/1352 1353/1/1353 
f 1337/1/1337 1352/1/1352 1351/1/1351 1339/1/1339 
f 1338/1/1338 1354/1/1354 1352/1/1352 1337/1/1337 
f 1353/1/1353 1352/1/1352 1354/1/1354 1355/1/1355 
f 1121/1/1121 1341/1/1341 1356/1/1356 1133/1/1133 
f 1357/1/1357 1356/1/1356 1341/1/1341 1343/1/1343 
f 1358/1/1358 1356/1/1356 1357/1/1357 1359/1/1359 
f 1133/1/1133 1356/1/1356 1358/1/1358 1130/1/1130 
f 1359/1/1359 1357/1/1357 1360/1/1360 1361/1/1361 
f 1345/1/1345 1360/1/1360 1357/1/1357 1343/1/1343 
f 1347/1/1347 1362/1/1362 1360/1/1360 1345/1/1345 
f 1361/1/1361 1360/1/1360 1362/1/1362 1363/1/1363 
f 1363/1/1363 1362/1/1362 1364/1/1364 1365/1/1365 
f 1349/1/1349 1364/1/1364 1362/1/1362 1347/1/1347 
f 1339/1/1339 1351/1/1351 1364/1/1364 1349/1/1349 
f 1365/1/1365 1364/1/1364 1351/1/1351 1350/1/1350 
f 1366/1/1366 1367/1/1367 1368/1/1368 1369/1/1369 
f 1370/1/1370 1368/1/1368 1367/1/1367 1371/1/1371 
f 1372/1/1372 1373/1/1373 1368/1/1368 1370/1/1370 
f 1369/1/1369 1368/1/1368 1373/1/1373 1374/1/1374 
f 1375/1/1375 1376/1/1376 1366/1/1366 
f 1377/1/1377 1375/1/1375 1369/1/1369 1374/1/1374 
f 1378/1/1378 1379/1/1379 1375/1/1375 1377/1/1377 
f 1376/1/1376 1375/1/1375 1379/1/1379 1380/1/1380 
f 1381/1/1381 1382/1/1382 1383/1/1383 1384/1/1384 
f 1383/1/1383 1385/1/1385 1386/1/1386 1384/1/1384 
f 1387/1/1387 1388/1/1388 1384/1/1384 1386/1/1386 
f 1388/1/1388 1389/1/1389 1381/1/1381 
f 1389/1/1389 1388/1/1388 1390/1/1390 1391/1/1391 
f 1392/1/1392 1390/1/1390 1388/1/1388 1387/1/1387 
f 1393/1/1393 1394/1/1394 1390/1/1390 1392/1/1392 
f 1391/1/1391 1390/1/1390 1394/1/1394 1395/1/1395 
f 1165/1/1165 1396/1/1396 1397/1/1397 1163/1/1163 
f 1398/1/1398 1397/1/1397 1396/1/1396 1399/1/1399 
f 1400/1/1400 1401/1/1401 1397/1/1397 1398/1/1398 
f 1163/1/1163 1397/1/1397 1401/1/1401 1166/1/1166 
f 1402/1/1402 1403/1/1403 1404/1/1404 1405/1/1405 
f 1403/1/1403 1389/1/1389 1391/1/1391 
f 1395/1/1395 1406/1/1406 1404/1/1404 1391/1/1391 
f 1406/1/1406 1407/1/1407 1405/1/1405 
f 1407/1/1407 1408/1/1408 1409/1/1409 1405/1/1405 
f 1398/1/1398 1409/1/1409 1408/1/1408 1400/1/1400 
f 1399/1/1399 1410/1/1410 1409/1/1409 1398/1/1398 
f 1405/1/1405 1409/1/1409 1410/1/1410 1402/1/1402 
f 1411/1/1411 1412/1/1412 1413/1/1413 1414/1/1414 
f 1415/1/1415 1413/1/1413 1412/1/1412 1416/1/1416 
f 1417/1/1417 1418/1/1418 1413/1/1413 1415/1/1415 
f 1414/1/1414 1413/1/1413 1418/1/1418 1419/1/1419 
f 1420/1/1420 1421/1/1421 1422/1/1422 1423/1/1423 
f 1189/1/1189 1422/1/1422 1421/1/1421 1190/1/1190 
f 1422/1/1422 1189/1/1189 1168/1/1168 
f 1423/1/1423 1422/1/1422 1167/1/1167 1166/1/1166 
f 1423/1/1423 1424/1/1424 1425/1/1425 1420/1/1420 
f 1424/1/1424 1423/1/1423 1166/1/1166 
f 1425/1/1425 1424/1/1424 1401/1/1401 1400/1/1400 
f 1395/1/1395 1394/1/1394 1426/1/1426 1427/1/1427 
f 1428/1/1428 1426/1/1426 1394/1/1394 1393/1/1393 
f 1416/1/1416 1412/1/1412 1426/1/1426 1428/1/1428 
f 1427/1/1427 1426/1/1426 1412/1/1412 1411/1/1411 
f 1429/1/1429 1217/1/1217 1190/1/1190 
f 1430/1/1430 1429/1/1429 1421/1/1421 1420/1/1420 
f 1429/1/1429 1430/1/1430 1431/1/1431 
f 1217/1/1217 1429/1/1429 1432/1/1432 1210/1/1210 
f 1433/1/1433 1434/1/1434 1435/1/1435 
f 1430/1/1430 1433/1/1433 1436/1/1436 1431/1/1431 
f 1420/1/1420 1434/1/1434 1433/1/1433 1430/1/1430 
f 1437/1/1437 1438/1/1438 1439/1/1439 1419/1/1419 
f 1437/1/1437 549/1/549 609/1/609 
f 609/1/609 610/1/610 1440/1/1440 
f 1438/1/1438 1440/1/1440 1431/1/1431 
f 1436/1/1436 1435/1/1435 1441/1/1441 
f 1414/1/1414 1442/1/1442 1441/1/1441 1411/1/1411 
f 1442/1/1442 1414/1/1414 1419/1/1419 
f 1436/1/1436 1442/1/1442 1439/1/1439 1431/1/1431 
f 1443/1/1443 1440/1/1440 610/1/610 
f 1208/1/1208 1443/1/1443 1199/1/1199 1201/1/1201 
f 1443/1/1443 1208/1/1208 1210/1/1210 
f 1440/1/1440 1443/1/1443 1432/1/1432 1431/1/1431 
f 1407/1/1407 1406/1/1406 1444/1/1444 1445/1/1445 
f 1427/1/1427 1444/1/1444 1406/1/1406 1395/1/1395 
f 1444/1/1444 1427/1/1427 1411/1/1411 
f 1445/1/1445 1444/1/1444 1441/1/1441 1435/1/1435 
f 1434/1/1434 1420/1/1420 1425/1/1425 
f 1446/1/1446 1425/1/1425 1400/1/1400 
f 1408/1/1408 1407/1/1407 1445/1/1445 
f 1434/1/1434 1446/1/1446 1445/1/1445 1435/1/1435 
f 1447/1/1447 1448/1/1448 1449/1/1449 1450/1/1450 
f 1448/1/1448 1417/1/1417 1415/1/1415 
f 1416/1/1416 1428/1/1428 1449/1/1449 1415/1/1415 
f 1450/1/1450 1449/1/1449 1428/1/1428 1393/1/1393 
f 1450/1/1450 1451/1/1451 1452/1/1452 1447/1/1447 
f 1392/1/1392 1451/1/1451 1450/1/1450 1393/1/1393 
f 1451/1/1451 1392/1/1392 1387/1/1387 
f 1452/1/1452 1451/1/1451 1453/1/1453 1454/1/1454 
f 1455/1/1455 1456/1/1456 1457/1/1457 1458/1/1458 
f 1452/1/1452 1457/1/1457 1456/1/1456 1447/1/1447 
f 1457/1/1457 1452/1/1452 1454/1/1454 
f 1458/1/1458 1457/1/1457 1459/1/1459 1460/1/1460 
f 1386/1/1386 1461/1/1461 1453/1/1453 1387/1/1387 
f 1385/1/1385 1462/1/1462 1461/1/1461 
f 1463/1/1463 1464/1/1464 1461/1/1461 1462/1/1462 
f 1454/1/1454 1453/1/1453 1461/1/1461 1464/1/1464 
f 1464/1/1464 1465/1/1465 1459/1/1459 1454/1/1454 
f 1466/1/1466 1465/1/1465 1464/1/1464 1463/1/1463 
f 1467/1/1467 1468/1/1468 1465/1/1465 1466/1/1466 
f 1468/1/1468 1460/1/1460 1459/1/1459 1465/1/1465 
f 1469/1/1469 1470/1/1470 1471/1/1471 1472/1/1472 
f 1473/1/1473 1471/1/1471 1470/1/1470 1474/1/1474 
f 1475/1/1475 1476/1/1476 1471/1/1471 1473/1/1473 
f 1472/1/1472 1471/1/1471 1476/1/1476 1477/1/1477 
f 1478/1/1478 1479/1/1479 1480/1/1480 1481/1/1481 
f 1370/1/1370 1480/1/1480 1479/1/1479 1372/1/1372 
f 1371/1/1371 1482/1/1482 1480/1/1480 1370/1/1370 
f 1481/1/1481 1480/1/1480 1482/1/1482 1483/1/1483 
f 1484/1/1484 1485/1/1485 1486/1/1486 1487/1/1487 
f 1488/1/1488 1486/1/1486 1485/1/1485 1489/1/1489 
f 1355/1/1355 1354/1/1354 1486/1/1486 1488/1/1488 
f 1487/1/1487 1486/1/1486 1354/1/1354 1338/1/1338 
f 1326/1/1326 1324/1/1324 1490/1/1490 1491/1/1491 
f 1013/1/1013 1490/1/1490 1324/1/1324 1015/1/1015 
f 1014/1/1014 1492/1/1492 1490/1/1490 1013/1/1013 
f 1491/1/1491 1490/1/1490 1492/1/1492 1493/1/1493 
f 1493/1/1493 1494/1/1494 1495/1/1495 1491/1/1491 
f 1487/1/1487 1495/1/1495 1494/1/1494 1484/1/1484 
f 1338/1/1338 1335/1/1335 1495/1/1495 1487/1/1487 
f 1491/1/1491 1495/1/1495 1335/1/1335 1326/1/1326 
f 1493/1/1493 1492/1/1492 1496/1/1496 1497/1/1497 
f 1498/1/1498 1496/1/1496 1492/1/1492 1014/1/1014 
f 1496/1/1496 1498/1/1498 1499/1/1499 
f 1500/1/1500 1501/1/1501 1497/1/1497 
f 1014/1/1014 1010/1/1010 1502/1/1502 1498/1/1498 
f 863/1/863 1502/1/1502 1010/1/1010 864/1/864 
f 862/1/862 1503/1/1503 1502/1/1502 863/1/863 
f 1498/1/1498 1502/1/1502 1503/1/1503 1499/1/1499 
f 1504/1/1504 1497/1/1497 1501/1/1501 
f 1505/1/1505 1506/1/1506 1507/1/1507 
f 1484/1/1484 1494/1/1494 1504/1/1504 1507/1/1507 
f 1497/1/1497 1504/1/1504 1494/1/1494 1493/1/1493 
f 1508/1/1508 1509/1/1509 1500/1/1500 1499/1/1499 
f 1510/1/1510 1511/1/1511 1509/1/1509 1508/1/1508 
f 1501/1/1501 1500/1/1500 1509/1/1509 1511/1/1511 
f 1447/1/1447 1456/1/1456 1512/1/1512 1513/1/1513 
f 1514/1/1514 1512/1/1512 1456/1/1456 1455/1/1455 
f 1515/1/1515 1516/1/1516 1512/1/1512 1514/1/1514 
f 1513/1/1513 1512/1/1512 1516/1/1516 1517/1/1517 
f 1518/1/1518 1519/1/1519 1520/1/1520 1521/1/1521 
f 1522/1/1522 1520/1/1520 1519/1/1519 1523/1/1523 
f 1522/1/1522 1517/1/1517 1521/1/1521 
f 1524/1/1524 1525/1/1525 1417/1/1417 
f 1448/1/1448 1447/1/1447 1513/1/1513 
f 1517/1/1517 1522/1/1522 1524/1/1524 1513/1/1513 
f 1525/1/1525 1524/1/1524 1522/1/1522 1523/1/1523 
f 1526/1/1526 1527/1/1527 1528/1/1528 1529/1/1529 
f 1530/1/1530 1527/1/1527 1526/1/1526 1531/1/1531 
f 1532/1/1532 1533/1/1533 1527/1/1527 1530/1/1530 
f 1534/1/1534 1528/1/1528 1527/1/1527 1533/1/1533 
f 1535/1/1535 1536/1/1536 1537/1/1537 
f 1538/1/1538 1535/1/1535 1539/1/1539 1540/1/1540 
f 1541/1/1541 1535/1/1535 1538/1/1538 1542/1/1542 
f 1543/1/1543 1536/1/1536 1535/1/1535 1541/1/1541 
f 1544/1/1544 1545/1/1545 1546/1/1546 1547/1/1547 
f 1540/1/1540 1539/1/1539 1546/1/1546 1545/1/1545 
f 1537/1/1537 1548/1/1548 1546/1/1546 1539/1/1539 
f 1549/1/1549 1547/1/1547 1546/1/1546 1548/1/1548 
f 1548/1/1548 1550/1/1550 1551/1/1551 1549/1/1549 
f 1548/1/1548 1537/1/1537 1536/1/1536 1550/1/1550 
f 1543/1/1543 1552/1/1552 1550/1/1550 1536/1/1536 
f 1551/1/1551 1550/1/1550 1552/1/1552 1553/1/1553 
f 1530/1/1530 1554/1/1554 1555/1/1555 1532/1/1532 
f 1531/1/1531 1556/1/1556 1554/1/1554 1530/1/1530 
f 1547/1/1547 1554/1/1554 1556/1/1556 1544/1/1544 
f 1547/1/1547 1549/1/1549 1555/1/1555 1554/1/1554 
f 1557/1/1557 1558/1/1558 1534/1/1534 
f 1555/1/1555 1557/1/1557 1533/1/1533 1532/1/1532 
f 1549/1/1549 1551/1/1551 1557/1/1557 1555/1/1555 
f 1551/1/1551 1553/1/1553 1558/1/1558 
f 1529/1/1529 1528/1/1528 1559/1/1559 1560/1/1560 
f 1558/1/1558 1559/1/1559 1528/1/1528 1534/1/1534 
f 1553/1/1553 1561/1/1561 1559/1/1559 1558/1/1558 
f 1560/1/1560 1559/1/1559 1561/1/1561 1562/1/1562 
f 1542/1/1542 1563/1/1563 1564/1/1564 1541/1/1541 
f 1561/1/1561 1564/1/1564 1563/1/1563 1562/1/1562 
f 1553/1/1553 1552/1/1552 1564/1/1564 1561/1/1561 
f 1541/1/1541 1564/1/1564 1552/1/1552 1543/1/1543 
f 1565/1/1565 1566/1/1566 1567/1/1567 1568/1/1568 
f 1569/1/1569 1567/1/1567 1566/1/1566 1570/1/1570 
f 1571/1/1571 1572/1/1572 1567/1/1567 1569/1/1569 
f 1568/1/1568 1567/1/1567 1572/1/1572 1573/1/1573 
f 1565/1/1565 1568/1/1568 1574/1/1574 1575/1/1575 
f 1576/1/1576 1574/1/1574 1568/1/1568 1573/1/1573 
f 1577/1/1577 1578/1/1578 1574/1/1574 1576/1/1576 
f 1575/1/1575 1574/1/1574 1578/1/1578 1579/1/1579 
f 1580/1/1580 1581/1/1581 1582/1/1582 1583/1/1583 
f 1584/1/1584 1582/1/1582 1581/1/1581 1585/1/1585 
f 1570/1/1570 1566/1/1566 1582/1/1582 1584/1/1584 
f 1583/1/1583 1582/1/1582 1566/1/1566 1565/1/1565 
f 1580/1/1580 1583/1/1583 1586/1/1586 1587/1/1587 
f 1575/1/1575 1586/1/1586 1583/1/1583 1565/1/1565 
f 1579/1/1579 1588/1/1588 1586/1/1586 1575/1/1575 
f 1587/1/1587 1586/1/1586 1588/1/1588 1589/1/1589 
f 1523/1/1523 1519/1/1519 1590/1/1590 1591/1/1591 
f 1592/1/1592 1590/1/1590 1519/1/1519 1518/1/1518 
f 1585/1/1585 1593/1/1593 1590/1/1590 1592/1/1592 
f 1591/1/1591 1590/1/1590 1593/1/1593 1594/1/1594 
f 1595/1/1595 1589/1/1589 1596/1/1596 
f 852/1/852 1597/1/1597 1596/1/1596 853/1/853 
f 1597/1/1597 852/1/852 847/1/847 
f 1595/1/1595 1597/1/1597 1598/1/1598 1599/1/1599 
f 1600/1/1600 1598/1/1598 847/1/847 
f 840/1/840 1600/1/1600 846/1/846 833/1/833 
f 540/1/540 1601/1/1601 1600/1/1600 840/1/840 
f 1601/1/1601 1599/1/1599 1598/1/1598 
f 1602/1/1602 1603/1/1603 1594/1/1594 
f 1604/1/1604 552/1/552 551/1/551 
f 1602/1/1602 551/1/551 549/1/549 
f 1437/1/1437 1419/1/1419 1603/1/1603 
f 1603/1/1603 1605/1/1605 1591/1/1591 1594/1/1594 
f 1603/1/1603 1419/1/1419 1418/1/1418 
f 1525/1/1525 1605/1/1605 1418/1/1418 1417/1/1417 
f 1591/1/1591 1605/1/1605 1525/1/1525 1523/1/1523 
f 540/1/540 539/1/539 1606/1/1606 1601/1/1601 
f 539/1/539 536/1/536 1607/1/1607 
f 1607/1/1607 1608/1/1608 1609/1/1609 
f 1601/1/1601 1606/1/1606 1609/1/1609 1599/1/1599 
f 1610/1/1610 1593/1/1593 1585/1/1585 
f 1581/1/1581 1580/1/1580 1611/1/1611 
f 1612/1/1612 1613/1/1613 1610/1/1610 1611/1/1611 
f 1613/1/1613 1594/1/1594 1593/1/1593 
f 528/1/528 544/1/544 1614/1/1614 1615/1/1615 
f 550/1/550 1614/1/1614 544/1/544 543/1/543 
f 1616/1/1616 1614/1/1614 550/1/550 552/1/552 
f 1615/1/1615 1614/1/1614 1616/1/1616 1608/1/1608 
f 1617/1/1617 535/1/535 522/1/522 
f 1615/1/1615 1617/1/1617 525/1/525 528/1/528 
f 1615/1/1615 1608/1/1608 1607/1/1607 1617/1/1617 
f 535/1/535 1617/1/1617 1607/1/1607 536/1/536 
f 1618/1/1618 1619/1/1619 1609/1/1609 1608/1/1608 
f 1612/1/1612 1620/1/1620 1619/1/1619 1618/1/1618 
f 1619/1/1619 1620/1/1620 1599/1/1599 
f 552/1/552 1604/1/1604 1621/1/1621 1616/1/1616 
f 1613/1/1613 1621/1/1621 1604/1/1604 1594/1/1594 
f 1613/1/1613 1612/1/1612 1618/1/1618 
f 1616/1/1616 1621/1/1621 1618/1/1618 1608/1/1608 
f 1580/1/1580 1587/1/1587 1622/1/1622 1611/1/1611 
f 1595/1/1595 1622/1/1622 1587/1/1587 1589/1/1589 
f 1599/1/1599 1620/1/1620 1622/1/1622 1595/1/1595 
f 1611/1/1611 1622/1/1622 1620/1/1620 1612/1/1612 
f 853/1/853 1596/1/1596 1623/1/1623 854/1/854 
f 1596/1/1596 1589/1/1589 1624/1/1624 
f 1625/1/1625 1623/1/1623 1624/1/1624 1626/1/1626 
f 1623/1/1623 1625/1/1625 855/1/855 
f 1627/1/1627 1628/1/1628 1629/1/1629 1630/1/1630 
f 1503/1/1503 1628/1/1628 1627/1/1627 1499/1/1499 
f 1628/1/1628 1503/1/1503 862/1/862 
f 1631/1/1631 1632/1/1632 1629/1/1629 
f 1633/1/1633 1634/1/1634 1629/1/1629 1632/1/1632 
f 1634/1/1634 1633/1/1633 1635/1/1635 
f 1630/1/1630 1629/1/1629 1634/1/1634 1636/1/1636 
f 1637/1/1637 1633/1/1633 1632/1/1632 
f 1625/1/1625 1637/1/1637 1638/1/1638 855/1/855 
f 1637/1/1637 1625/1/1625 1626/1/1626 
f 1633/1/1633 1637/1/1637 1639/1/1639 1635/1/1635 
f 1640/1/1640 1641/1/1641 1642/1/1642 
f 1508/1/1508 1643/1/1643 1642/1/1642 1510/1/1510 
f 1643/1/1643 1508/1/1508 1499/1/1499 
f 1627/1/1627 1630/1/1630 1640/1/1640 
f 1626/1/1626 1624/1/1624 1644/1/1644 1645/1/1645 
f 1588/1/1588 1644/1/1644 1624/1/1624 1589/1/1589 
f 1579/1/1579 1646/1/1646 1644/1/1644 1588/1/1588 
f 1645/1/1645 1644/1/1644 1646/1/1646 1647/1/1647 
f 1635/1/1635 1639/1/1639 1648/1/1648 1649/1/1649 
f 1645/1/1645 1648/1/1648 1639/1/1639 1626/1/1626 
f 1647/1/1647 1650/1/1650 1648/1/1648 1645/1/1645 
f 1649/1/1649 1648/1/1648 1650/1/1650 1651/1/1651 
f 1641/1/1641 1640/1/1640 1652/1/1652 1653/1/1653 
f 1640/1/1640 1630/1/1630 1636/1/1636 1652/1/1652 
f 1649/1/1649 1652/1/1652 1636/1/1636 1635/1/1635 
f 1653/1/1653 1652/1/1652 1649/1/1649 1651/1/1651 
f 1647/1/1647 1646/1/1646 1654/1/1654 1655/1/1655 
f 1578/1/1578 1654/1/1654 1646/1/1646 1579/1/1579 
f 1577/1/1577 1656/1/1656 1654/1/1654 1578/1/1578 
f 1655/1/1655 1654/1/1654 1656/1/1656 1657/1/1657 
f 1658/1/1658 1659/1/1659 1660/1/1660 1661/1/1661 
f 1653/1/1653 1660/1/1660 1659/1/1659 1641/1/1641 
f 1651/1/1651 1662/1/1662 1660/1/1660 1653/1/1653 
f 1661/1/1661 1660/1/1660 1662/1/1662 1663/1/1663 
f 1650/1/1650 1664/1/1664 1662/1/1662 1651/1/1651 
f 1655/1/1655 1664/1/1664 1650/1/1650 1647/1/1647 
f 1657/1/1657 1665/1/1665 1664/1/1664 1655/1/1655 
f 1663/1/1663 1662/1/1662 1664/1/1664 1665/1/1665 
f 1657/1/1657 1656/1/1656 1666/1/1666 1667/1/1667 
f 1668/1/1668 1666/1/1666 1656/1/1656 1577/1/1577 
f 1669/1/1669 1670/1/1670 1666/1/1666 1668/1/1668 
f 1671/1/1671 1667/1/1667 1666/1/1666 1670/1/1670 
f 1672/1/1672 1673/1/1673 1674/1/1674 1675/1/1675 
f 1661/1/1661 1674/1/1674 1673/1/1673 1658/1/1658 
f 1663/1/1663 1676/1/1676 1674/1/1674 1661/1/1661 
f 1675/1/1675 1674/1/1674 1676/1/1676 1677/1/1677 
f 1677/1/1677 1676/1/1676 1678/1/1678 1679/1/1679 
f 1665/1/1665 1678/1/1678 1676/1/1676 1663/1/1663 
f 1657/1/1657 1667/1/1667 1678/1/1678 1665/1/1665 
f 1679/1/1679 1678/1/1678 1667/1/1667 1671/1/1671 
f 1680/1/1680 1681/1/1681 1682/1/1682 1683/1/1683 
f 1684/1/1684 1682/1/1682 1681/1/1681 1685/1/1685 
f 1686/1/1686 1687/1/1687 1682/1/1682 1684/1/1684 
f 1683/1/1683 1682/1/1682 1687/1/1687 1688/1/1688 
f 1689/1/1689 1690/1/1690 1691/1/1691 1692/1/1692 
f 1685/1/1685 1681/1/1681 1690/1/1690 1689/1/1689 
f 1693/1/1693 1690/1/1690 1681/1/1681 1680/1/1680 
f 1694/1/1694 1691/1/1691 1690/1/1690 1693/1/1693 
f 1695/1/1695 1696/1/1696 1697/1/1697 1698/1/1698 
f 1699/1/1699 1697/1/1697 1696/1/1696 1700/1/1700 
f 1692/1/1692 1691/1/1691 1697/1/1697 1699/1/1699 
f 1698/1/1698 1697/1/1697 1691/1/1691 1694/1/1694 
f 1701/1/1701 1702/1/1702 1703/1/1703 1704/1/1704 
f 1705/1/1705 1703/1/1703 1702/1/1702 1706/1/1706 
f 185/1/185 188/1/188 1703/1/1703 1705/1/1705 
f 1704/1/1704 1703/1/1703 188/1/188 193/1/193 
f 197/1/197 1707/1/1707 1708/1/1708 194/1/194 
f 1705/1/1705 1707/1/1707 197/1/197 185/1/185 
f 1707/1/1707 1705/1/1705 1706/1/1706 
f 1709/1/1709 1708/1/1708 1707/1/1707 1710/1/1710 
f 194/1/194 1708/1/1708 1711/1/1711 204/1/204 
f 1712/1/1712 1711/1/1711 1708/1/1708 1709/1/1709 
f 1711/1/1711 1712/1/1712 1713/1/1713 
f 204/1/204 1711/1/1711 1714/1/1714 205/1/205 
f 1715/1/1715 1716/1/1716 1717/1/1717 1718/1/1718 
f 1145/1/1145 1719/1/1719 1716/1/1716 1715/1/1715 
f 1720/1/1720 1716/1/1716 1719/1/1719 1721/1/1721 
f 1722/1/1722 1717/1/1717 1716/1/1716 1720/1/1720 
f 290/1/290 288/1/288 1723/1/1723 1724/1/1724 
f 152/1/152 1723/1/1723 288/1/288 153/1/153 
f 151/1/151 1725/1/1725 1723/1/1723 152/1/152 
f 1724/1/1724 1723/1/1723 1725/1/1725 1726/1/1726 
f 145/1/145 142/1/142 1727/1/1727 1728/1/1728 
f 160/1/160 1727/1/1727 142/1/142 141/1/141 
f 1729/1/1729 1727/1/1727 160/1/160 158/1/158 
f 1730/1/1730 1728/1/1728 1727/1/1727 1729/1/1729 
f 1731/1/1731 1732/1/1732 1733/1/1733 1734/1/1734 
f 343/1/343 1733/1/1733 1732/1/1732 344/1/344 
f 290/1/290 1724/1/1724 1733/1/1733 343/1/343 
f 1734/1/1734 1733/1/1733 1724/1/1724 1726/1/1726 
f 1246/1/1246 1243/1/1243 1735/1/1735 1736/1/1736 
f 1232/1/1232 1231/1/1231 1735/1/1735 1243/1/1243 
f 1230/1/1230 1737/1/1737 1735/1/1735 1231/1/1231 
f 1737/1/1737 1738/1/1738 1736/1/1736 
f 1739/1/1739 1740/1/1740 1741/1/1741 1742/1/1742 
f 1743/1/1743 1741/1/1741 1740/1/1740 1744/1/1744 
f 1741/1/1741 1743/1/1743 1738/1/1738 
f 1742/1/1742 1741/1/1741 1737/1/1737 1230/1/1230 
f 1257/1/1257 1255/1/1255 1745/1/1745 1746/1/1746 
f 1245/1/1245 1745/1/1745 1255/1/1255 1247/1/1247 
f 1246/1/1246 1736/1/1736 1745/1/1745 1245/1/1245 
f 1746/1/1746 1745/1/1745 1736/1/1736 1738/1/1738 
f 1252/1/1252 1254/1/1254 1747/1/1747 1250/1/1250 
f 1254/1/1254 1258/1/1258 1748/1/1748 
f 1748/1/1748 1749/1/1749 1750/1/1750 
f 1250/1/1250 1747/1/1747 1750/1/1750 1242/1/1242 
f 1751/1/1751 1752/1/1752 1753/1/1753 1754/1/1754 
f 1755/1/1755 1752/1/1752 1751/1/1751 1756/1/1756 
f 1542/1/1542 1538/1/1538 1752/1/1752 1755/1/1755 
f 1540/1/1540 1753/1/1753 1752/1/1752 1538/1/1538 
f 1757/1/1757 1545/1/1545 1544/1/1544 
f 1758/1/1758 1757/1/1757 1759/1/1759 1760/1/1760 
f 1757/1/1757 1758/1/1758 1754/1/1754 
f 1545/1/1545 1757/1/1757 1753/1/1753 1540/1/1540 
f 1761/1/1761 1762/1/1762 1763/1/1763 
f 1560/1/1560 1761/1/1761 1764/1/1764 1529/1/1529 
f 1562/1/1562 1765/1/1765 1761/1/1761 1560/1/1560 
f 1762/1/1762 1761/1/1761 1765/1/1765 1766/1/1766 
f 1562/1/1562 1563/1/1563 1767/1/1767 1765/1/1765 
f 1755/1/1755 1767/1/1767 1563/1/1563 1542/1/1542 
f 1768/1/1768 1767/1/1767 1755/1/1755 1756/1/1756 
f 1765/1/1765 1767/1/1767 1768/1/1768 1766/1/1766 
f 1221/1/1221 1769/1/1769 1770/1/1770 1218/1/1218 
f 1237/1/1237 1769/1/1769 1221/1/1221 1226/1/1226 
f 1240/1/1240 1771/1/1771 1769/1/1769 1237/1/1237 
f 1770/1/1770 1769/1/1769 1771/1/1771 1772/1/1772 
f 1240/1/1240 1239/1/1239 1773/1/1773 1771/1/1771 
f 1750/1/1750 1773/1/1773 1239/1/1239 1242/1/1242 
f 1773/1/1773 1750/1/1750 1749/1/1749 
f 1771/1/1771 1773/1/1773 1774/1/1774 1772/1/1772 
f 1143/1/1143 1775/1/1775 1776/1/1776 1142/1/1142 
f 1777/1/1777 1776/1/1776 1775/1/1775 1778/1/1778 
f 1779/1/1779 1780/1/1780 1776/1/1776 1777/1/1777 
f 1142/1/1142 1776/1/1776 1780/1/1780 1144/1/1144 
f 1778/1/1778 1781/1/1781 1782/1/1782 1777/1/1777 
f 1781/1/1781 1380/1/1380 1379/1/1379 1782/1/1782 
f 1379/1/1379 1378/1/1378 1783/1/1783 1782/1/1782 
f 1777/1/1777 1782/1/1782 1783/1/1783 1779/1/1779 
f 1784/1/1784 1785/1/1785 1786/1/1786 1787/1/1787 
f 1788/1/1788 1786/1/1786 1785/1/1785 1789/1/1789 
f 1790/1/1790 1791/1/1791 1786/1/1786 1788/1/1788 
f 1787/1/1787 1786/1/1786 1791/1/1791 1792/1/1792 
f 1793/1/1793 1794/1/1794 1795/1/1795 1796/1/1796 
f 171/1/171 1796/1/1796 1795/1/1795 174/1/174 
f 170/1/170 1797/1/1797 1796/1/1796 171/1/171 
f 1797/1/1797 1798/1/1798 1793/1/1793 1796/1/1796 
f 1799/1/1799 1800/1/1800 1801/1/1801 1802/1/1802 
f 1803/1/1803 1801/1/1801 1800/1/1800 1804/1/1804 
f 65/1/65 61/1/61 1801/1/1801 1803/1/1803 
f 1802/1/1802 1801/1/1801 61/1/61 60/1/60 
f 1803/1/1803 1805/1/1805 1806/1/1806 65/1/65 
f 1804/1/1804 1807/1/1807 1805/1/1805 1803/1/1803 
f 1808/1/1808 1809/1/1809 1805/1/1805 1807/1/1807 
f 1810/1/1810 1806/1/1806 1805/1/1805 1809/1/1809 
f 1808/1/1808 1811/1/1811 1812/1/1812 1809/1/1809 
f 1729/1/1729 1812/1/1812 1811/1/1811 1730/1/1730 
f 158/1/158 1813/1/1813 1812/1/1812 1729/1/1729 
f 1809/1/1809 1812/1/1812 1813/1/1813 1810/1/1810 
f 1814/1/1814 1815/1/1815 1810/1/1810 
f 157/1/157 1814/1/1814 1813/1/1813 158/1/158 
f 1814/1/1814 157/1/157 163/1/163 
f 1815/1/1815 1814/1/1814 1816/1/1816 1817/1/1817 
f 1818/1/1818 64/1/64 65/1/65 
f 1815/1/1815 1818/1/1818 1806/1/1806 1810/1/1810 
f 1817/1/1817 1819/1/1819 1818/1/1818 1815/1/1815 
f 1819/1/1819 66/1/66 64/1/64 
f 1820/1/1820 1821/1/1821 1822/1/1822 1823/1/1823 
f 1704/1/1704 1822/1/1822 1821/1/1821 1701/1/1701 
f 193/1/193 1824/1/1824 1822/1/1822 1704/1/1704 
f 1823/1/1823 1822/1/1822 1824/1/1824 1825/1/1825 
f 1825/1/1825 1826/1/1826 1827/1/1827 1823/1/1823 
f 1787/1/1787 1827/1/1827 1826/1/1826 1784/1/1784 
f 1792/1/1792 1828/1/1828 1827/1/1827 1787/1/1787 
f 1823/1/1823 1827/1/1827 1828/1/1828 1820/1/1820 
f 1744/1/1744 1740/1/1740 1829/1/1829 1830/1/1830 
f 1831/1/1831 1829/1/1829 1740/1/1740 1739/1/1739 
f 1088/1/1088 1832/1/1832 1829/1/1829 1831/1/1831 
f 1832/1/1832 1833/1/1833 1830/1/1830 
f 1083/1/1083 1081/1/1081 1834/1/1834 1835/1/1835 
f 1836/1/1836 1834/1/1834 1081/1/1081 256/1/256 
f 1837/1/1837 1838/1/1838 1834/1/1834 1836/1/1836 
f 1835/1/1835 1834/1/1834 1838/1/1838 1839/1/1839 
f 1721/1/1721 1840/1/1840 1841/1/1841 1720/1/1720 
f 1835/1/1835 1841/1/1841 1840/1/1840 1083/1/1083 
f 1839/1/1839 1842/1/1842 1841/1/1841 1835/1/1835 
f 1720/1/1720 1841/1/1841 1842/1/1842 1722/1/1722 
f 1843/1/1843 1844/1/1844 1833/1/1833 
f 1832/1/1832 1088/1/1088 1087/1/1087 
f 244/1/244 1845/1/1845 1843/1/1843 1087/1/1087 
f 1844/1/1844 1843/1/1843 1845/1/1845 1846/1/1846 
f 1847/1/1847 1848/1/1848 1849/1/1849 
f 347/1/347 1847/1/1847 1850/1/1850 250/1/250 
f 344/1/344 1732/1/1732 1847/1/1847 347/1/347 
f 1848/1/1848 1847/1/1847 1732/1/1732 1731/1/1731 
f 1851/1/1851 1852/1/1852 1846/1/1846 
f 243/1/243 1851/1/1851 1845/1/1845 244/1/244 
f 250/1/250 1850/1/1850 1851/1/1851 243/1/243 
f 1852/1/1852 1851/1/1851 1850/1/1850 1849/1/1849 
f 1853/1/1853 1854/1/1854 1855/1/1855 1856/1/1856 
f 1836/1/1836 1855/1/1855 1854/1/1854 1837/1/1837 
f 256/1/256 252/1/252 1855/1/1855 1836/1/1836 
f 1856/1/1856 1855/1/1855 252/1/252 251/1/251 
f 1857/1/1857 1858/1/1858 1859/1/1859 1860/1/1860 
f 1858/1/1858 1140/1/1140 1136/1/1136 
f 1139/1/1139 1861/1/1861 1859/1/1859 1136/1/1136 
f 1860/1/1860 1859/1/1859 1861/1/1861 1862/1/1862 
f 149/1/149 154/1/154 1863/1/1863 1864/1/1864 
f 153/1/153 285/1/285 1863/1/1863 154/1/154 
f 1865/1/1865 1863/1/1863 285/1/285 284/1/284 
f 1864/1/1864 1863/1/1863 1865/1/1865 1866/1/1866 
f 141/1/141 144/1/144 1867/1/1867 159/1/159 
f 1864/1/1864 1867/1/1867 144/1/144 149/1/149 
f 1864/1/1864 1866/1/1866 1868/1/1868 1867/1/1867 
f 159/1/159 1867/1/1867 1868/1/1868 161/1/161 
f 1726/1/1726 1725/1/1725 1869/1/1869 1870/1/1870 
f 150/1/150 1869/1/1869 1725/1/1725 151/1/151 
f 147/1/147 1871/1/1871 1869/1/1869 150/1/150 
f 1870/1/1870 1869/1/1869 1871/1/1871 1872/1/1872 
f 1872/1/1872 1871/1/1871 1873/1/1873 1874/1/1874 
f 146/1/146 1873/1/1873 1871/1/1871 147/1/147 
f 1728/1/1728 1873/1/1873 146/1/146 145/1/145 
f 1874/1/1874 1873/1/1873 1728/1/1728 1730/1/1730 
f 1875/1/1875 1876/1/1876 1877/1/1877 1878/1/1878 
f 1856/1/1856 1877/1/1877 1876/1/1876 1853/1/1853 
f 251/1/251 355/1/355 1877/1/1877 1856/1/1856 
f 1878/1/1878 1877/1/1877 355/1/355 351/1/351 
f 351/1/351 350/1/350 1879/1/1879 1878/1/1878 
f 205/1/205 1714/1/1714 1879/1/1879 350/1/350 
f 1714/1/1714 1713/1/1713 1880/1/1880 1879/1/1879 
f 1878/1/1878 1879/1/1879 1880/1/1880 1875/1/1875 
f 277/1/277 276/1/276 1881/1/1881 1882/1/1882 
f 1883/1/1883 1881/1/1881 276/1/276 275/1/275 
f 1884/1/1884 1885/1/1885 1881/1/1881 1883/1/1883 
f 1886/1/1886 1882/1/1882 1881/1/1881 1885/1/1885 
f 296/1/296 1887/1/1887 1888/1/1888 295/1/295 
f 1885/1/1885 1888/1/1888 1887/1/1887 1886/1/1886 
f 1884/1/1884 1889/1/1889 1888/1/1888 1885/1/1885 
f 1889/1/1889 297/1/297 295/1/295 1888/1/1888 
f 1531/1/1531 1526/1/1526 1890/1/1890 1891/1/1891 
f 1529/1/1529 1764/1/1764 1890/1/1890 1526/1/1526 
f 1892/1/1892 1890/1/1890 1764/1/1764 1763/1/1763 
f 1891/1/1891 1890/1/1890 1892/1/1892 1893/1/1893 
f 1894/1/1894 1891/1/1891 1893/1/1893 
f 1895/1/1895 1760/1/1760 1759/1/1759 
f 1544/1/1544 1556/1/1556 1894/1/1894 1759/1/1759 
f 1891/1/1891 1894/1/1894 1556/1/1556 1531/1/1531 
f 1896/1/1896 1897/1/1897 1898/1/1898 1899/1/1899 
f 1900/1/1900 1898/1/1898 1897/1/1897 1901/1/1901 
f 1902/1/1902 1903/1/1903 1898/1/1898 1900/1/1900 
f 1899/1/1899 1898/1/1898 1903/1/1903 1904/1/1904 
f 1469/1/1469 1905/1/1905 1906/1/1906 1470/1/1470 
f 1899/1/1899 1906/1/1906 1905/1/1905 1896/1/1896 
f 1904/1/1904 1907/1/1907 1906/1/1906 1899/1/1899 
f 1470/1/1470 1906/1/1906 1907/1/1907 1474/1/1474 
f 1908/1/1908 1909/1/1909 1910/1/1910 1911/1/1911 
f 1912/1/1912 1910/1/1910 1909/1/1909 1913/1/1913 
f 1914/1/1914 1915/1/1915 1910/1/1910 1912/1/1912 
f 1911/1/1911 1910/1/1910 1915/1/1915 1916/1/1916 
f 1917/1/1917 1918/1/1918 1919/1/1919 1920/1/1920 
f 1921/1/1921 1919/1/1919 1918/1/1918 1922/1/1922 
f 1916/1/1916 1915/1/1915 1919/1/1919 1921/1/1921 
f 1920/1/1920 1919/1/1919 1915/1/1915 1914/1/1914 
f 1739/1/1739 1742/1/1742 1923/1/1923 1924/1/1924 
f 1229/1/1229 1923/1/1923 1742/1/1742 1230/1/1230 
f 1223/1/1223 1925/1/1925 1923/1/1923 1229/1/1229 
f 1924/1/1924 1923/1/1923 1925/1/1925 1926/1/1926 
f 1090/1/1090 1089/1/1089 1927/1/1927 1928/1/1928 
f 1831/1/1831 1927/1/1927 1089/1/1089 1088/1/1088 
f 1831/1/1831 1739/1/1739 1924/1/1924 1927/1/1927 
f 1926/1/1926 1928/1/1928 1927/1/1927 1924/1/1924 
f 1096/1/1096 1092/1/1092 1929/1/1929 1930/1/1930 
f 1931/1/1931 1929/1/1929 1092/1/1092 1091/1/1091 
f 1932/1/1932 1933/1/1933 1929/1/1929 1931/1/1931 
f 1930/1/1930 1929/1/1929 1933/1/1933 1934/1/1934 
f 1935/1/1935 1936/1/1936 1937/1/1937 1938/1/1938 
f 1939/1/1939 1940/1/1940 1937/1/1937 1936/1/1936 
f 1934/1/1934 1933/1/1933 1937/1/1937 1940/1/1940 
f 1938/1/1938 1937/1/1937 1933/1/1933 1932/1/1932 
f 1941/1/1941 1942/1/1942 1943/1/1943 
f 1944/1/1944 1945/1/1945 1946/1/1946 
f 1947/1/1947 1948/1/1948 1941/1/1941 1946/1/1946 
f 1942/1/1942 1941/1/1941 1948/1/1948 1949/1/1949 
f 1949/1/1949 1950/1/1950 1951/1/1951 1942/1/1942 
f 1950/1/1950 1772/1/1772 1774/1/1774 
f 1952/1/1952 1951/1/1951 1774/1/1774 1749/1/1749 
f 1952/1/1952 1943/1/1943 1942/1/1942 
f 1913/1/1913 1909/1/1909 1953/1/1953 1954/1/1954 
f 1955/1/1955 1953/1/1953 1909/1/1909 1908/1/1908 
f 1150/1/1150 1956/1/1956 1953/1/1953 1955/1/1955 
f 1954/1/1954 1953/1/1953 1956/1/1956 1957/1/1957 
f 1150/1/1150 1146/1/1146 1958/1/1958 
f 1715/1/1715 1958/1/1958 1146/1/1146 1145/1/1145 
f 1958/1/1958 1715/1/1715 1718/1/1718 
f 1956/1/1956 1958/1/1958 1959/1/1959 1957/1/1957 
f 1960/1/1960 1961/1/1961 1962/1/1962 1963/1/1963 
f 1860/1/1860 1962/1/1962 1961/1/1961 1857/1/1857 
f 1862/1/1862 1964/1/1964 1962/1/1962 1860/1/1860 
f 1963/1/1963 1962/1/1962 1964/1/1964 1965/1/1965 
f 1965/1/1965 1966/1/1966 1967/1/1967 1963/1/1963 
f 1936/1/1936 1967/1/1967 1966/1/1966 1939/1/1939 
f 1935/1/1935 1968/1/1968 1967/1/1967 1936/1/1936 
f 1968/1/1968 1960/1/1960 1963/1/1963 
f 1969/1/1969 1947/1/1947 1946/1/1946 
f 1945/1/1945 1970/1/1970 1971/1/1971 
f 1970/1/1970 1972/1/1972 1973/1/1973 1971/1/1971 
f 1969/1/1969 1971/1/1971 1973/1/1973 1974/1/1974 
f 1973/1/1973 1972/1/1972 1975/1/1975 
f 1762/1/1762 1976/1/1976 1975/1/1975 1763/1/1763 
f 1977/1/1977 1976/1/1976 1762/1/1762 1766/1/1766 
f 1977/1/1977 1974/1/1974 1973/1/1973 1976/1/1976 
f 1922/1/1922 1918/1/1918 1978/1/1978 1979/1/1979 
f 1980/1/1980 1978/1/1978 1918/1/1918 1917/1/1917 
f 1981/1/1981 1978/1/1978 1980/1/1980 1982/1/1982 
f 1983/1/1983 1979/1/1979 1978/1/1978 1981/1/1981 
f 1982/1/1982 1984/1/1984 1985/1/1985 1981/1/1981 
f 1984/1/1984 1902/1/1902 1900/1/1900 
f 1901/1/1901 1986/1/1986 1985/1/1985 1900/1/1900 
f 1981/1/1981 1985/1/1985 1986/1/1986 1983/1/1983 
f 1987/1/1987 1988/1/1988 1989/1/1989 
f 1758/1/1758 1987/1/1987 1990/1/1990 1754/1/1754 
f 1760/1/1760 1991/1/1991 1987/1/1987 1758/1/1758 
f 1991/1/1991 1992/1/1992 1988/1/1988 
f 1993/1/1993 1994/1/1994 1995/1/1995 1996/1/1996 
f 1481/1/1481 1995/1/1995 1994/1/1994 1478/1/1478 
f 1483/1/1483 1997/1/1997 1995/1/1995 1481/1/1481 
f 1996/1/1996 1995/1/1995 1997/1/1997 1998/1/1998 
f 1999/1/1999 2000/1/2000 2001/1/2001 2002/1/2002 
f 2003/1/2003 2001/1/2001 2000/1/2000 2004/1/2004 
f 2005/1/2005 2006/1/2006 2001/1/2001 2003/1/2003 
f 2002/1/2002 2001/1/2001 2006/1/2006 2007/1/2007 
f 2007/1/2007 2008/1/2008 2009/1/2009 2002/1/2002 
f 1687/1/1687 2009/1/2009 2008/1/2008 1688/1/1688 
f 1686/1/1686 2010/1/2010 2009/1/2009 1687/1/1687 
f 2002/1/2002 2009/1/2009 2010/1/2010 1999/1/1999 
f 2011/1/2011 2012/1/2012 2013/1/2013 2014/1/2014 
f 2015/1/2015 2013/1/2013 2012/1/2012 2016/1/2016 
f 1706/1/1706 1702/1/1702 2013/1/2013 2015/1/2015 
f 2014/1/2014 2013/1/2013 1702/1/1702 1701/1/1701 
f 2017/1/2017 2018/1/2018 2019/1/2019 
f 1712/1/1712 2017/1/2017 2020/1/2020 1713/1/1713 
f 2017/1/2017 1712/1/1712 1709/1/1709 
f 2021/1/2021 2022/1/2022 2018/1/2018 
f 2023/1/2023 2024/1/2024 2025/1/2025 2026/1/2026 
f 2027/1/2027 2025/1/2025 2024/1/2024 2028/1/2028 
f 1839/1/1839 1838/1/1838 2025/1/2025 2027/1/2027 
f 2026/1/2026 2025/1/2025 1838/1/1838 1837/1/1837 
f 2029/1/2029 2030/1/2030 2031/1/2031 2032/1/2032 
f 2033/1/2033 2031/1/2031 2030/1/2030 2034/1/2034 
f 1957/1/1957 1959/1/1959 2031/1/2031 2033/1/2033 
f 2032/1/2032 2031/1/2031 1959/1/1959 1718/1/1718 
f 2035/1/2035 2036/1/2036 2037/1/2037 2038/1/2038 
f 1734/1/1734 2037/1/2037 2036/1/2036 1731/1/1731 
f 1726/1/1726 2039/1/2039 2037/1/2037 1734/1/1734 
f 2038/1/2038 2037/1/2037 2039/1/2039 2040/1/2040 
f 2041/1/2041 2042/1/2042 2043/1/2043 2044/1/2044 
f 1746/1/1746 2043/1/2043 2042/1/2042 1257/1/1257 
f 1738/1/1738 2045/1/2045 2043/1/2043 1746/1/1746 
f 2044/1/2044 2043/1/2043 2045/1/2045 2046/1/2046 
f 2047/1/2047 2048/1/2048 2049/1/2049 2050/1/2050 
f 1844/1/1844 2049/1/2049 2048/1/2048 1833/1/1833 
f 1846/1/1846 2051/1/2051 2049/1/2049 1844/1/1844 
f 2050/1/2050 2049/1/2049 2051/1/2051 2052/1/2052 
f 2053/1/2053 2054/1/2054 2055/1/2055 2056/1/2056 
f 2057/1/2057 2054/1/2054 2053/1/2053 2058/1/2058 
f 1756/1/1756 1751/1/1751 2054/1/2054 2057/1/2057 
f 2055/1/2055 2054/1/2054 1751/1/1751 1754/1/1754 
f 2059/1/2059 2060/1/2060 2061/1/2061 
f 2062/1/2062 2059/1/2059 2063/1/2063 2034/1/2034 
f 1218/1/1218 1770/1/1770 2059/1/2059 2062/1/2062 
f 2060/1/2060 2059/1/2059 1770/1/1770 1772/1/1772 
f 2064/1/2064 2065/1/2065 2066/1/2066 2067/1/2067 
f 2068/1/2068 2066/1/2066 2065/1/2065 2069/1/2069 
f 1982/1/1982 1980/1/1980 2066/1/2066 2068/1/2068 
f 1980/1/1980 1917/1/1917 2067/1/2067 
f 2070/1/2070 2071/1/2071 2072/1/2072 2073/1/2073 
f 2074/1/2074 2072/1/2072 2071/1/2071 2075/1/2075 
f 1792/1/1792 1791/1/1791 2072/1/2072 2074/1/2074 
f 2073/1/2073 2072/1/2072 1791/1/1791 1790/1/1790 
f 163/1/163 162/1/162 2076/1/2076 2077/1/2077 
f 2078/1/2078 2076/1/2076 162/1/162 161/1/161 
f 2011/1/2011 2079/1/2079 2076/1/2076 2078/1/2078 
f 2077/1/2077 2076/1/2076 2079/1/2079 2080/1/2080 
f 2078/1/2078 2081/1/2081 2012/1/2012 2011/1/2011 
f 161/1/161 1868/1/1868 2081/1/2081 2078/1/2078 
f 1866/1/1866 2082/1/2082 2081/1/2081 1868/1/1868 
f 2016/1/2016 2012/1/2012 2081/1/2081 2082/1/2082 
f 1701/1/1701 1821/1/1821 2083/1/2083 2014/1/2014 
f 2084/1/2084 2083/1/2083 1821/1/1821 1820/1/1820 
f 2080/1/2080 2079/1/2079 2083/1/2083 2084/1/2084 
f 2014/1/2014 2083/1/2083 2079/1/2079 2011/1/2011 
f 1866/1/1866 1865/1/1865 2085/1/2085 2082/1/2082 
f 284/1/284 2086/1/2086 2085/1/2085 1865/1/1865 
f 2087/1/2087 2085/1/2085 2086/1/2086 2022/1/2022 
f 2082/1/2082 2085/1/2085 2087/1/2087 2016/1/2016 
f 2022/1/2022 2086/1/2086 2088/1/2088 2018/1/2018 
f 287/1/287 2088/1/2088 2086/1/2086 284/1/284 
f 291/1/291 2089/1/2089 2088/1/2088 287/1/287 
f 2018/1/2018 2088/1/2088 2089/1/2089 2019/1/2019 
f 2021/1/2021 1709/1/1709 1710/1/1710 
f 2015/1/2015 2090/1/2090 1710/1/1710 1706/1/1706 
f 2090/1/2090 2015/1/2015 2016/1/2016 
f 2022/1/2022 2021/1/2021 2090/1/2090 2087/1/2087 
f 291/1/291 340/1/340 2091/1/2091 2089/1/2089 
f 2092/1/2092 2091/1/2091 340/1/340 339/1/339 
f 2093/1/2093 2094/1/2094 2091/1/2091 2092/1/2092 
f 2019/1/2019 2089/1/2089 2091/1/2091 2094/1/2094 
f 2094/1/2094 2095/1/2095 2020/1/2020 2019/1/2019 
f 2096/1/2096 2095/1/2095 2094/1/2094 2093/1/2093 
f 2095/1/2095 2096/1/2096 1875/1/1875 
f 1713/1/1713 2020/1/2020 2095/1/2095 1880/1/1880 
f 249/1/249 247/1/247 2097/1/2097 2098/1/2098 
f 2099/1/2099 2097/1/2097 247/1/247 246/1/246 
f 2023/1/2023 2100/1/2100 2097/1/2097 2099/1/2099 
f 2098/1/2098 2097/1/2097 2100/1/2100 2101/1/2101 
f 246/1/246 1086/1/1086 2102/1/2102 2099/1/2099 
f 2103/1/2103 2102/1/2102 1086/1/1086 1090/1/1090 
f 2028/1/2028 2024/1/2024 2102/1/2102 2103/1/2103 
f 2099/1/2099 2102/1/2102 2024/1/2024 2023/1/2023 
f 1837/1/1837 1854/1/1854 2104/1/2104 2026/1/2026 
f 2105/1/2105 2104/1/2104 1854/1/1854 1853/1/1853 
f 2101/1/2101 2100/1/2100 2104/1/2104 2105/1/2105 
f 2026/1/2026 2104/1/2104 2100/1/2100 2023/1/2023 
f 1926/1/1926 1925/1/1925 2106/1/2106 2107/1/2107 
f 2108/1/2108 2106/1/2106 1925/1/1925 1223/1/1223 
f 2029/1/2029 2109/1/2109 2106/1/2106 2108/1/2108 
f 2107/1/2107 2106/1/2106 2109/1/2109 2110/1/2110 
f 1223/1/1223 1219/1/1219 2111/1/2111 2108/1/2108 
f 2062/1/2062 2111/1/2111 1219/1/1219 1218/1/1218 
f 2034/1/2034 2030/1/2030 2111/1/2111 2062/1/2062 
f 2108/1/2108 2111/1/2111 2030/1/2030 2029/1/2029 
f 1718/1/1718 1717/1/1717 2112/1/2112 2032/1/2032 
f 2113/1/2113 2112/1/2112 1717/1/1717 1722/1/1722 
f 2110/1/2110 2109/1/2109 2112/1/2112 2113/1/2113 
f 2032/1/2032 2112/1/2112 2109/1/2109 2029/1/2029 
f 2114/1/2114 2115/1/2115 2116/1/2116 2117/1/2117 
f 173/1/173 2116/1/2116 2115/1/2115 170/1/170 
f 178/1/178 2118/1/2118 2116/1/2116 173/1/173 
f 2117/1/2117 2116/1/2116 2118/1/2118 2119/1/2119 
f 2119/1/2119 2118/1/2118 2120/1/2120 2121/1/2121 
f 180/1/180 2120/1/2120 2118/1/2118 178/1/178 
f 184/1/184 2122/1/2122 2120/1/2120 180/1/180 
f 2121/1/2121 2120/1/2120 2122/1/2122 2123/1/2123 
f 2119/1/2119 2121/1/2121 2124/1/2124 2125/1/2125 
f 2123/1/2123 2126/1/2126 2124/1/2124 2121/1/2121 
f 2126/1/2126 1872/1/1872 1874/1/1874 2124/1/2124 
f 2125/1/2125 2124/1/2124 1874/1/1874 1730/1/1730 
f 1808/1/1808 2127/1/2127 2128/1/2128 1811/1/1811 
f 2117/1/2117 2128/1/2128 2127/1/2127 2114/1/2114 
f 2119/1/2119 2125/1/2125 2128/1/2128 2117/1/2117 
f 1811/1/1811 2128/1/2128 2125/1/2125 1730/1/1730 
f 2123/1/2123 2122/1/2122 2129/1/2129 2130/1/2130 
f 293/1/293 2129/1/2129 2122/1/2122 184/1/184 
f 297/1/297 2131/1/2131 2129/1/2129 293/1/293 
f 2130/1/2130 2129/1/2129 2131/1/2131 2040/1/2040 
f 2040/1/2040 2131/1/2131 2132/1/2132 2038/1/2038 
f 1889/1/1889 2132/1/2132 2131/1/2131 297/1/297 
f 1884/1/1884 2133/1/2133 2132/1/2132 1889/1/1889 
f 2038/1/2038 2132/1/2132 2133/1/2133 2035/1/2035 
f 1872/1/1872 2126/1/2126 2134/1/2134 1870/1/1870 
f 2130/1/2130 2134/1/2134 2126/1/2126 2123/1/2123 
f 2040/1/2040 2039/1/2039 2134/1/2134 2130/1/2130 
f 1870/1/1870 2134/1/2134 2039/1/2039 1726/1/1726 
f 2135/1/2135 2136/1/2136 2137/1/2137 2138/1/2138 
f 1940/1/1940 2137/1/2137 2136/1/2136 1934/1/1934 
f 1939/1/1939 2139/1/2139 2137/1/2137 1940/1/1940 
f 2138/1/2138 2137/1/2137 2139/1/2139 2046/1/2046 
f 2140/1/2140 2139/1/2139 1939/1/1939 
f 2141/1/2141 2140/1/2140 1966/1/1966 1965/1/1965 
f 2141/1/2141 2041/1/2041 2044/1/2044 
f 2046/1/2046 2139/1/2139 2140/1/2140 2044/1/2044 
f 1744/1/1744 2142/1/2142 2143/1/2143 1743/1/1743 
f 2142/1/2142 2135/1/2135 2138/1/2138 
f 2046/1/2046 2045/1/2045 2143/1/2143 2138/1/2138 
f 1743/1/1743 2143/1/2143 2045/1/2045 1738/1/1738 
f 2144/1/2144 2145/1/2145 2146/1/2146 2147/1/2147 
f 273/1/273 2146/1/2146 2145/1/2145 275/1/275 
f 274/1/274 2148/1/2148 2146/1/2146 273/1/273 
f 2147/1/2147 2146/1/2146 2148/1/2148 2052/1/2052 
f 2052/1/2052 2148/1/2148 2149/1/2149 2050/1/2050 
f 1095/1/1095 2149/1/2149 2148/1/2148 274/1/274 
f 1096/1/1096 2150/1/2150 2149/1/2149 1095/1/1095 
f 2050/1/2050 2149/1/2149 2150/1/2150 2047/1/2047 
f 1849/1/1849 2151/1/2151 2152/1/2152 1852/1/1852 
f 2147/1/2147 2152/1/2152 2151/1/2151 2144/1/2144 
f 2052/1/2052 2051/1/2051 2152/1/2152 2147/1/2147 
f 1852/1/1852 2152/1/2152 2051/1/2051 1846/1/1846 
f 2153/1/2153 2154/1/2154 2155/1/2155 2156/1/2156 
f 1861/1/1861 2155/1/2155 2154/1/2154 1862/1/1862 
f 2155/1/2155 1861/1/1861 1139/1/1139 
f 2157/1/2157 2158/1/2158 2156/1/2156 
f 1138/1/1138 2159/1/2159 2157/1/2157 1139/1/1139 
f 2160/1/2160 2159/1/2159 1138/1/1138 1144/1/1144 
f 2161/1/2161 2162/1/2162 2159/1/2159 2160/1/2160 
f 2159/1/2159 2162/1/2162 2158/1/2158 
f 2162/1/2162 2163/1/2163 2164/1/2164 2158/1/2158 
f 2165/1/2165 2163/1/2163 2162/1/2162 2161/1/2161 
f 1943/1/1943 1952/1/1952 2163/1/2163 2165/1/2165 
f 1749/1/1749 2164/1/2164 2163/1/2163 1952/1/1952 
f 1258/1/1258 2166/1/2166 2167/1/2167 1748/1/1748 
f 2166/1/2166 2153/1/2153 2156/1/2156 
f 2158/1/2158 2164/1/2164 2167/1/2167 2156/1/2156 
f 1748/1/1748 2167/1/2167 2164/1/2164 1749/1/1749 
f 2168/1/2168 2169/1/2169 2170/1/2170 2171/1/2171 
f 1377/1/1377 2170/1/2170 2169/1/2169 1378/1/1378 
f 2170/1/2170 1377/1/1377 1374/1/1374 
f 2172/1/2172 2173/1/2173 2171/1/2171 
f 1374/1/1374 1373/1/1373 2174/1/2174 2172/1/2172 
f 2175/1/2175 2174/1/2174 1373/1/1373 1372/1/1372 
f 2176/1/2176 2177/1/2177 2174/1/2174 2175/1/2175 
f 2177/1/2177 2173/1/2173 2172/1/2172 
f 2173/1/2173 2177/1/2177 2178/1/2178 2179/1/2179 
f 2180/1/2180 2178/1/2178 2177/1/2177 2176/1/2176 
f 1893/1/1893 1892/1/1892 2178/1/2178 2180/1/2180 
f 2179/1/2179 2178/1/2178 1892/1/1892 1763/1/1763 
f 1972/1/1972 2181/1/2181 2182/1/2182 1975/1/1975 
f 2171/1/2171 2182/1/2182 2181/1/2181 2168/1/2168 
f 2173/1/2173 2179/1/2179 2182/1/2182 2171/1/2171 
f 1975/1/1975 2182/1/2182 2179/1/2179 1763/1/1763 
f 1372/1/1372 1479/1/1479 2183/1/2183 2175/1/2175 
f 1479/1/1479 1478/1/1478 2184/1/2184 
f 2185/1/2185 2186/1/2186 2183/1/2183 2184/1/2184 
f 2175/1/2175 2183/1/2183 2186/1/2186 2176/1/2176 
f 1478/1/1478 1994/1/1994 2187/1/2187 2184/1/2184 
f 2188/1/2188 2187/1/2187 1994/1/1994 1993/1/1993 
f 2189/1/2189 2190/1/2190 2187/1/2187 2188/1/2188 
f 2184/1/2184 2187/1/2187 2190/1/2190 2185/1/2185 
f 2185/1/2185 2190/1/2190 2191/1/2191 2192/1/2192 
f 2193/1/2193 2191/1/2191 2190/1/2190 2189/1/2189 
f 2191/1/2191 2193/1/2193 1992/1/1992 
f 2192/1/2192 2191/1/2191 1991/1/1991 1760/1/1760 
f 1760/1/1760 1895/1/1895 2194/1/2194 2192/1/2192 
f 2180/1/2180 2194/1/2194 1895/1/1895 1893/1/1893 
f 2176/1/2176 2186/1/2186 2194/1/2194 2180/1/2180 
f 2192/1/2192 2194/1/2194 2186/1/2186 2185/1/2185 
f 1695/1/1695 1698/1/1698 2195/1/2195 2196/1/2196 
f 2197/1/2197 2195/1/2195 1698/1/1698 1694/1/1694 
f 2198/1/2198 2199/1/2199 2195/1/2195 2197/1/2197 
f 2196/1/2196 2195/1/2195 2199/1/2199 2200/1/2200 
f 2201/1/2201 2198/1/2198 2197/1/2197 2202/1/2202 
f 1693/1/1693 2202/1/2202 2197/1/2197 1694/1/1694 
f 1680/1/1680 2203/1/2203 2202/1/2202 1693/1/1693 
f 2201/1/2201 2202/1/2202 2203/1/2203 2204/1/2204 
f 2204/1/2204 2203/1/2203 2205/1/2205 2206/1/2206 
f 1683/1/1683 2205/1/2205 2203/1/2203 1680/1/1680 
f 1688/1/1688 2207/1/2207 2205/1/2205 1683/1/1683 
f 2206/1/2206 2205/1/2205 2207/1/2207 2208/1/2208 
f 1688/1/1688 2008/1/2008 2209/1/2209 2207/1/2207 
f 2210/1/2210 2209/1/2209 2008/1/2008 2007/1/2007 
f 2211/1/2211 2212/1/2212 2209/1/2209 2210/1/2210 
f 2207/1/2207 2209/1/2209 2212/1/2212 2208/1/2208 
f 2007/1/2007 2006/1/2006 2213/1/2213 2210/1/2210 
f 2006/1/2006 2005/1/2005 2214/1/2214 
f 2215/1/2215 2216/1/2216 2213/1/2213 2214/1/2214 
f 2210/1/2210 2213/1/2213 2216/1/2216 2211/1/2211 
f 2217/1/2217 2218/1/2218 2219/1/2219 2220/1/2220 
f 1473/1/1473 2219/1/2219 2218/1/2218 1475/1/1475 
f 1474/1/1474 2221/1/2221 2219/1/2219 1473/1/1473 
f 2220/1/2220 2219/1/2219 2221/1/2221 2056/1/2056 
f 1474/1/1474 1907/1/1907 2222/1/2222 2221/1/2221 
f 1907/1/1907 1904/1/1904 2223/1/2223 
f 2058/1/2058 2053/1/2053 2222/1/2222 2223/1/2223 
f 2221/1/2221 2222/1/2222 2053/1/2053 2056/1/2056 
f 1989/1/1989 2224/1/2224 2225/1/2225 1990/1/1990 
f 2220/1/2220 2225/1/2225 2224/1/2224 2217/1/2217 
f 2056/1/2056 2055/1/2055 2225/1/2225 2220/1/2220 
f 1990/1/1990 2225/1/2225 2055/1/2055 1754/1/1754 
f 1904/1/1904 1903/1/1903 2226/1/2226 2223/1/2223 
f 2227/1/2227 2226/1/2226 1903/1/1903 1902/1/1902 
f 2228/1/2228 2229/1/2229 2226/1/2226 2227/1/2227 
f 2223/1/2223 2226/1/2226 2229/1/2229 2058/1/2058 
f 1902/1/1902 1984/1/1984 2230/1/2230 2227/1/2227 
f 1984/1/1984 1982/1/1982 2068/1/2068 
f 2069/1/2069 2231/1/2231 2230/1/2230 2068/1/2068 
f 2231/1/2231 2228/1/2228 2227/1/2227 
f 2232/1/2232 2233/1/2233 2231/1/2231 2069/1/2069 
f 1974/1/1974 1977/1/1977 2233/1/2233 2232/1/2232 
f 1766/1/1766 2234/1/2234 2233/1/2233 1977/1/1977 
f 2228/1/2228 2231/1/2231 2233/1/2233 2234/1/2234 
f 1756/1/1756 2057/1/2057 2235/1/2235 1768/1/1768 
f 2058/1/2058 2229/1/2229 2235/1/2235 2057/1/2057 
f 2228/1/2228 2234/1/2234 2235/1/2235 2229/1/2229 
f 1768/1/1768 2235/1/2235 2234/1/2234 1766/1/1766 
f 2236/1/2236 2237/1/2237 2238/1/2238 2239/1/2239 
f 2237/1/2237 1914/1/1914 1912/1/1912 
f 1913/1/1913 2240/1/2240 2238/1/2238 1912/1/1912 
f 2239/1/2239 2238/1/2238 2240/1/2240 2061/1/2061 
f 2240/1/2240 1913/1/1913 1954/1/1954 
f 1954/1/1954 1957/1/1957 2033/1/2033 
f 2034/1/2034 2063/1/2063 2241/1/2241 2033/1/2033 
f 2240/1/2240 2241/1/2241 2063/1/2063 2061/1/2061 
f 1949/1/1949 2242/1/2242 2243/1/2243 1950/1/1950 
f 2242/1/2242 2236/1/2236 2239/1/2239 
f 2061/1/2061 2060/1/2060 2243/1/2243 2239/1/2239 
f 1950/1/1950 2243/1/2243 2060/1/2060 1772/1/1772 
f 1949/1/1949 1948/1/1948 2244/1/2244 2242/1/2242 
f 2245/1/2245 2244/1/2244 1948/1/1948 1947/1/1947 
f 2064/1/2064 2246/1/2246 2244/1/2244 2245/1/2245 
f 2242/1/2242 2244/1/2244 2246/1/2246 2236/1/2236 
f 1947/1/1947 1969/1/1969 2247/1/2247 2245/1/2245 
f 1969/1/1969 1974/1/1974 2232/1/2232 2247/1/2247 
f 2247/1/2247 2232/1/2232 2069/1/2069 
f 2245/1/2245 2247/1/2247 2065/1/2065 2064/1/2064 
f 1917/1/1917 1920/1/1920 2248/1/2248 2067/1/2067 
f 2248/1/2248 1920/1/1920 1914/1/1914 
f 2236/1/2236 2246/1/2246 2248/1/2248 2237/1/2237 
f 2067/1/2067 2248/1/2248 2246/1/2246 2064/1/2064 
f 1972/1/1972 1970/1/1970 2249/1/2249 2181/1/2181 
f 2250/1/2250 2249/1/2249 1970/1/1970 1945/1/1945 
f 2251/1/2251 2252/1/2252 2249/1/2249 2250/1/2250 
f 2252/1/2252 2168/1/2168 2181/1/2181 2249/1/2249 
f 2253/1/2253 2250/1/2250 1945/1/1945 
f 2165/1/2165 2253/1/2253 1944/1/1944 1943/1/1943 
f 2161/1/2161 2254/1/2254 2253/1/2253 2165/1/2165 
f 2254/1/2254 2251/1/2251 2250/1/2250 
f 2251/1/2251 2254/1/2254 2255/1/2255 2256/1/2256 
f 2254/1/2254 2161/1/2161 2160/1/2160 
f 1144/1/1144 1780/1/1780 2255/1/2255 2160/1/2160 
f 2256/1/2256 2255/1/2255 1780/1/1780 1779/1/1779 
f 1779/1/1779 1783/1/1783 2257/1/2257 2256/1/2256 
f 2169/1/2169 2257/1/2257 1783/1/1783 1378/1/1378 
f 2168/1/2168 2252/1/2252 2257/1/2257 2169/1/2169 
f 2256/1/2256 2257/1/2257 2252/1/2252 2251/1/2251 
f 68/1/68 67/1/67 2258/1/2258 2259/1/2259 
f 2260/1/2260 2258/1/2258 67/1/67 66/1/66 
f 2070/1/2070 2261/1/2261 2258/1/2258 2260/1/2260 
f 2259/1/2259 2258/1/2258 2261/1/2261 2262/1/2262 
f 2263/1/2263 2260/1/2260 66/1/66 
f 2264/1/2264 2263/1/2263 1819/1/1819 1817/1/1817 
f 2263/1/2263 2264/1/2264 2075/1/2075 
f 2260/1/2260 2263/1/2263 2071/1/2071 2070/1/2070 
f 1790/1/1790 2265/1/2265 2266/1/2266 2073/1/2073 
f 2267/1/2267 2266/1/2266 2265/1/2265 2268/1/2268 
f 2262/1/2262 2261/1/2261 2266/1/2266 2267/1/2267 
f 2073/1/2073 2266/1/2266 2261/1/2261 2070/1/2070 
f 2114/1/2114 2127/1/2127 2269/1/2269 2270/1/2270 
f 1807/1/1807 2269/1/2269 2127/1/2127 1808/1/1808 
f 1804/1/1804 2271/1/2271 2269/1/2269 1807/1/1807 
f 2270/1/2270 2269/1/2269 2271/1/2271 2272/1/2272 
f 1797/1/1797 2273/1/2273 2274/1/2274 1798/1/1798 
f 1797/1/1797 170/1/170 2115/1/2115 2273/1/2273 
f 2270/1/2270 2273/1/2273 2115/1/2115 2114/1/2114 
f 2272/1/2272 2274/1/2274 2273/1/2273 2270/1/2270 
f 1820/1/1820 1828/1/1828 2275/1/2275 2084/1/2084 
f 2074/1/2074 2275/1/2275 1828/1/1828 1792/1/1792 
f 2075/1/2075 2276/1/2276 2275/1/2275 2074/1/2074 
f 2084/1/2084 2275/1/2275 2276/1/2276 2080/1/2080 
f 1817/1/1817 1816/1/1816 2277/1/2277 2264/1/2264 
f 2077/1/2077 2277/1/2277 1816/1/1816 163/1/163 
f 2080/1/2080 2276/1/2276 2277/1/2277 2077/1/2077 
f 2264/1/2264 2277/1/2277 2276/1/2276 2075/1/2075 
f 1090/1/1090 1928/1/1928 2278/1/2278 2103/1/2103 
f 2107/1/2107 2278/1/2278 1928/1/1928 1926/1/1926 
f 2110/1/2110 2279/1/2279 2278/1/2278 2107/1/2107 
f 2103/1/2103 2278/1/2278 2279/1/2279 2028/1/2028 
f 2028/1/2028 2279/1/2279 2280/1/2280 2027/1/2027 
f 2113/1/2113 2280/1/2280 2279/1/2279 2110/1/2110 
f 1722/1/1722 1842/1/1842 2280/1/2280 2113/1/2113 
f 2027/1/2027 2280/1/2280 1842/1/1842 1839/1/1839 
f 2047/1/2047 2150/1/2150 2281/1/2281 2282/1/2282 
f 1930/1/1930 2281/1/2281 2150/1/2150 1096/1/1096 
f 1934/1/1934 2136/1/2136 2281/1/2281 1930/1/1930 
f 2282/1/2282 2281/1/2281 2136/1/2136 2135/1/2135 
f 2135/1/2135 2142/1/2142 2283/1/2283 2282/1/2282 
f 2142/1/2142 1744/1/1744 1830/1/1830 
f 1833/1/1833 2048/1/2048 2283/1/2283 1830/1/1830 
f 2282/1/2282 2283/1/2283 2048/1/2048 2047/1/2047 
f 2035/1/2035 2133/1/2133 2284/1/2284 2285/1/2285 
f 1883/1/1883 2284/1/2284 2133/1/2133 1884/1/1884 
f 275/1/275 2145/1/2145 2284/1/2284 1883/1/1883 
f 2285/1/2285 2284/1/2284 2145/1/2145 2144/1/2144 
f 2286/1/2286 1848/1/1848 1731/1/1731 
f 2285/1/2285 2286/1/2286 2036/1/2036 2035/1/2035 
f 2144/1/2144 2151/1/2151 2286/1/2286 2285/1/2285 
f 1848/1/1848 2286/1/2286 2151/1/2151 1849/1/1849 
f 2287/1/2287 2092/1/2092 339/1/339 
f 345/1/345 249/1/249 2098/1/2098 
f 2287/1/2287 2098/1/2098 2101/1/2101 
f 2092/1/2092 2287/1/2287 2288/1/2288 2093/1/2093 
f 1853/1/1853 1876/1/1876 2289/1/2289 2105/1/2105 
f 1876/1/1876 1875/1/1875 2096/1/2096 
f 2093/1/2093 2288/1/2288 2289/1/2289 2096/1/2096 
f 2105/1/2105 2289/1/2289 2288/1/2288 2101/1/2101 
f 1256/1/1256 2290/1/2290 2166/1/2166 1258/1/1258 
f 1257/1/1257 2042/1/2042 2290/1/2290 1256/1/1256 
f 2291/1/2291 2290/1/2290 2042/1/2042 2041/1/2041 
f 2290/1/2290 2291/1/2291 2153/1/2153 
f 2291/1/2291 2292/1/2292 2154/1/2154 2153/1/2153 
f 2141/1/2141 2292/1/2292 2291/1/2291 2041/1/2041 
f 1965/1/1965 1964/1/1964 2292/1/2292 2141/1/2141 
f 1964/1/1964 1862/1/1862 2154/1/2154 2292/1/2292 
f 1632/1/1632 1631/1/1631 2293/1/2293 2294/1/2294 
f 860/1/860 2293/1/2293 1631/1/1631 862/1/862 
f 2293/1/2293 860/1/860 861/1/861 
f 2295/1/2295 2296/1/2296 2294/1/2294 
f 1031/1/1031 1030/1/1030 2297/1/2297 2298/1/2298 
f 1021/1/1021 1020/1/1020 2297/1/2297 1030/1/1030 
f 844/1/844 2299/1/2299 2297/1/2297 1020/1/1020 
f 2298/1/2298 2297/1/2297 2299/1/2299 2300/1/2300 
f 2301/1/2301 2302/1/2302 2303/1/2303 2304/1/2304 
f 1052/1/1052 2303/1/2303 2302/1/2302 1054/1/1054 
f 1031/1/1031 2298/1/2298 2303/1/2303 1052/1/1052 
f 2304/1/2304 2303/1/2303 2298/1/2298 2300/1/2300 
f 2299/1/2299 2305/1/2305 2306/1/2306 2300/1/2300 
f 843/1/843 2305/1/2305 2299/1/2299 844/1/844 
f 849/1/849 2307/1/2307 2305/1/2305 843/1/843 
f 2308/1/2308 2306/1/2306 2305/1/2305 2307/1/2307 
f 2300/1/2300 2306/1/2306 2309/1/2309 2304/1/2304 
f 2310/1/2310 2309/1/2309 2306/1/2306 2308/1/2308 
f 2311/1/2311 2312/1/2312 2309/1/2309 2310/1/2310 
f 2304/1/2304 2309/1/2309 2312/1/2312 2301/1/2301 
f 2313/1/2313 2311/1/2311 2310/1/2310 
f 2308/1/2308 2307/1/2307 2314/1/2314 2310/1/2310 
f 851/1/851 2314/1/2314 2307/1/2307 849/1/849 
f 851/1/851 855/1/855 2313/1/2313 
f 2313/1/2313 855/1/855 1638/1/1638 
f 1638/1/1638 1632/1/1632 2294/1/2294 
f 2296/1/2296 2315/1/2315 2316/1/2316 2294/1/2294 
f 2311/1/2311 2313/1/2313 2316/1/2316 2315/1/2315 
f 2295/1/2295 2317/1/2317 2315/1/2315 2296/1/2296 
f 2318/1/2318 2317/1/2317 2295/1/2295 861/1/861 
f 2301/1/2301 2312/1/2312 2317/1/2317 2318/1/2318 
f 2315/1/2315 2317/1/2317 2312/1/2312 2311/1/2311 
f 861/1/861 857/1/857 2319/1/2319 2318/1/2318 
f 1064/1/1064 2319/1/2319 857/1/857 856/1/856 
f 1054/1/1054 2302/1/2302 2319/1/2319 1064/1/1064 
f 2318/1/2318 2319/1/2319 2302/1/2302 2301/1/2301 
f 1517/1/1517 1516/1/1516 2320/1/2320 1521/1/1521 
f 2321/1/2321 2320/1/2320 1516/1/1516 1515/1/1515 
f 2321/1/2321 2322/1/2322 2323/1/2323 2320/1/2320 
f 1521/1/1521 2320/1/2320 2323/1/2323 1518/1/1518 
f 1584/1/1584 2324/1/2324 2325/1/2325 1570/1/1570 
f 1584/1/1584 1585/1/1585 1592/1/1592 
f 1518/1/1518 2323/1/2323 2324/1/2324 1592/1/1592 
f 2325/1/2325 2324/1/2324 2323/1/2323 2322/1/2322 
f 2326/1/2326 1571/1/1571 1569/1/1569 
f 1570/1/1570 2325/1/2325 2327/1/2327 1569/1/1569 
f 2322/1/2322 2328/1/2328 2327/1/2327 2325/1/2325 
f 2328/1/2328 2329/1/2329 2326/1/2326 
f 1515/1/1515 1514/1/1514 2330/1/2330 2331/1/2331 
f 1455/1/1455 1458/1/1458 2330/1/2330 1514/1/1514 
f 1460/1/1460 2332/1/2332 2330/1/2330 1458/1/1458 
f 2331/1/2331 2330/1/2330 2332/1/2332 2333/1/2333 
f 1515/1/1515 2331/1/2331 2334/1/2334 2321/1/2321 
f 2335/1/2335 2334/1/2334 2331/1/2331 2333/1/2333 
f 2336/1/2336 2337/1/2337 2334/1/2334 2335/1/2335 
f 2322/1/2322 2321/1/2321 2334/1/2334 2337/1/2337 
f 2336/1/2336 2338/1/2338 2339/1/2339 2337/1/2337 
f 2329/1/2329 2328/1/2328 2339/1/2339 2338/1/2338 
f 2337/1/2337 2339/1/2339 2328/1/2328 2322/1/2322 
f 2340/1/2340 2341/1/2341 2342/1/2342 2343/1/2343 
f 2344/1/2344 2342/1/2342 2341/1/2341 2345/1/2345 
f 1477/1/1477 1476/1/1476 2342/1/2342 2344/1/2344 
f 2343/1/2343 2342/1/2342 1476/1/1476 1475/1/1475 
f 2346/1/2346 2347/1/2347 2348/1/2348 2349/1/2349 
f 2003/1/2003 2348/1/2348 2347/1/2347 2005/1/2005 
f 2004/1/2004 2350/1/2350 2348/1/2348 2003/1/2003 
f 2349/1/2349 2348/1/2348 2350/1/2350 2351/1/2351 
f 2345/1/2345 2341/1/2341 2352/1/2352 2353/1/2353 
f 2354/1/2354 2352/1/2352 2341/1/2341 2340/1/2340 
f 2355/1/2355 2356/1/2356 2352/1/2352 2354/1/2354 
f 2353/1/2353 2352/1/2352 2356/1/2356 2357/1/2357 
f 2349/1/2349 2358/1/2358 2359/1/2359 2346/1/2346 
f 2349/1/2349 2351/1/2351 2360/1/2360 2358/1/2358 
f 2357/1/2357 2356/1/2356 2358/1/2358 2360/1/2360 
f 2355/1/2355 2359/1/2359 2358/1/2358 2356/1/2356 
f 1475/1/1475 2218/1/2218 2361/1/2361 2343/1/2343 
f 2362/1/2362 2361/1/2361 2218/1/2218 2217/1/2217 
f 2363/1/2363 2364/1/2364 2361/1/2361 2362/1/2362 
f 2343/1/2343 2361/1/2361 2364/1/2364 2340/1/2340 
f 2365/1/2365 2366/1/2366 2367/1/2367 2368/1/2368 
f 2214/1/2214 2367/1/2367 2366/1/2366 2215/1/2215 
f 2005/1/2005 2347/1/2347 2367/1/2367 2214/1/2214 
f 2368/1/2368 2367/1/2367 2347/1/2347 2346/1/2346 
f 2369/1/2369 2370/1/2370 2371/1/2371 2372/1/2372 
f 2368/1/2368 2371/1/2371 2370/1/2370 2365/1/2365 
f 2346/1/2346 2359/1/2359 2371/1/2371 2368/1/2368 
f 2372/1/2372 2371/1/2371 2359/1/2359 2355/1/2355 
f 2355/1/2355 2354/1/2354 2373/1/2373 2372/1/2372 
f 2340/1/2340 2364/1/2364 2373/1/2373 2354/1/2354 
f 2374/1/2374 2373/1/2373 2364/1/2364 2363/1/2363 
f 2372/1/2372 2373/1/2373 2374/1/2374 2369/1/2369 
f 2375/1/2375 2376/1/2376 2377/1/2377 2378/1/2378 
f 2362/1/2362 2376/1/2376 2375/1/2375 2363/1/2363 
f 2217/1/2217 2224/1/2224 2376/1/2376 2362/1/2362 
f 2377/1/2377 2376/1/2376 2224/1/2224 1989/1/1989 
f 2369/1/2369 2374/1/2374 2379/1/2379 2380/1/2380 
f 2375/1/2375 2379/1/2379 2374/1/2374 2363/1/2363 
f 2378/1/2378 2381/1/2381 2379/1/2379 2375/1/2375 
f 2380/1/2380 2379/1/2379 2381/1/2381 2382/1/2382 
f 2378/1/2378 2377/1/2377 2383/1/2383 2384/1/2384 
f 1988/1/1988 2383/1/2383 2377/1/2377 1989/1/1989 
f 1992/1/1992 2385/1/2385 2383/1/2383 1988/1/1988 
f 2384/1/2384 2383/1/2383 2385/1/2385 2386/1/2386 
f 2382/1/2382 2381/1/2381 2387/1/2387 2388/1/2388 
f 2381/1/2381 2378/1/2378 2384/1/2384 
f 2386/1/2386 2389/1/2389 2387/1/2387 2384/1/2384 
f 2388/1/2388 2387/1/2387 2389/1/2389 2390/1/2390 
f 2391/1/2391 2392/1/2392 2386/1/2386 
f 2193/1/2193 2391/1/2391 2385/1/2385 1992/1/1992 
f 2189/1/2189 2393/1/2393 2391/1/2391 2193/1/2193 
f 2392/1/2392 2391/1/2391 2393/1/2393 2394/1/2394 
f 2395/1/2395 2396/1/2396 2397/1/2397 2398/1/2398 
f 2396/1/2396 2390/1/2390 2389/1/2389 
f 2392/1/2392 2397/1/2397 2389/1/2389 2386/1/2386 
f 2394/1/2394 2398/1/2398 2397/1/2397 2392/1/2392 
f 2399/1/2399 2400/1/2400 2401/1/2401 2402/1/2402 
f 2196/1/2196 2400/1/2400 2399/1/2399 1695/1/1695 
f 2200/1/2200 2403/1/2403 2400/1/2400 2196/1/2196 
f 2404/1/2404 2401/1/2401 2400/1/2400 2403/1/2403 
f 2394/1/2394 2393/1/2393 2405/1/2405 2406/1/2406 
f 2188/1/2188 2405/1/2405 2393/1/2393 2189/1/2189 
f 1993/1/1993 2407/1/2407 2405/1/2405 2188/1/2188 
f 2406/1/2406 2405/1/2405 2407/1/2407 2408/1/2408 
f 2406/1/2406 2409/1/2409 2398/1/2398 2394/1/2394 
f 2408/1/2408 2410/1/2410 2409/1/2409 2406/1/2406 
f 2411/1/2411 2412/1/2412 2409/1/2409 2410/1/2410 
f 2398/1/2398 2409/1/2409 2412/1/2412 2395/1/2395 
f 2402/1/2402 2401/1/2401 2413/1/2413 2414/1/2414 
f 2415/1/2415 2413/1/2413 2401/1/2401 2404/1/2404 
f 2395/1/2395 2412/1/2412 2413/1/2413 2415/1/2415 
f 2414/1/2414 2413/1/2413 2412/1/2412 2411/1/2411 
f 1700/1/1700 1696/1/1696 2416/1/2416 2417/1/2417 
f 2399/1/2399 2416/1/2416 1696/1/1696 1695/1/1695 
f 2402/1/2402 2418/1/2418 2416/1/2416 2399/1/2399 
f 2417/1/2417 2416/1/2416 2418/1/2418 2419/1/2419 
f 2408/1/2408 2407/1/2407 2420/1/2420 2421/1/2421 
f 1996/1/1996 2420/1/2420 2407/1/2407 1993/1/1993 
f 1998/1/1998 2422/1/2422 2420/1/2420 1996/1/1996 
f 2421/1/2421 2420/1/2420 2422/1/2422 2423/1/2423 
f 2421/1/2421 2424/1/2424 2410/1/2410 2408/1/2408 
f 2423/1/2423 2425/1/2425 2424/1/2424 2421/1/2421 
f 2426/1/2426 2427/1/2427 2424/1/2424 2425/1/2425 
f 2410/1/2410 2424/1/2424 2427/1/2427 2411/1/2411 
f 2419/1/2419 2418/1/2418 2428/1/2428 2429/1/2429 
f 2414/1/2414 2428/1/2428 2418/1/2418 2402/1/2402 
f 2411/1/2411 2427/1/2427 2428/1/2428 2414/1/2414 
f 2429/1/2429 2428/1/2428 2427/1/2427 2426/1/2426 
f 2430/1/2430 2431/1/2431 2432/1/2432 2433/1/2433 
f 2431/1/2431 2423/1/2423 2422/1/2422 2432/1/2432 
f 2434/1/2434 2432/1/2432 2422/1/2422 1998/1/1998 
f 2435/1/2435 2433/1/2433 2432/1/2432 2434/1/2434 
f 2423/1/2423 2431/1/2431 2436/1/2436 2425/1/2425 
f 2437/1/2437 2436/1/2436 2431/1/2431 2430/1/2430 
f 2438/1/2438 2439/1/2439 2436/1/2436 2437/1/2437 
f 2425/1/2425 2436/1/2436 2439/1/2439 2426/1/2426 
f 1658/1/1658 1673/1/1673 2440/1/2440 2441/1/2441 
f 2442/1/2442 2440/1/2440 1673/1/1673 1672/1/1672 
f 2443/1/2443 2444/1/2444 2440/1/2440 2442/1/2442 
f 2444/1/2444 2445/1/2445 2441/1/2441 2440/1/2440 
f 2445/1/2445 2446/1/2446 2447/1/2447 2448/1/2448 
f 2449/1/2449 2447/1/2447 2446/1/2446 2450/1/2450 
f 2451/1/2451 2452/1/2452 2447/1/2447 2449/1/2449 
f 2448/1/2448 2447/1/2447 2452/1/2452 1510/1/1510 
f 1505/1/1505 1501/1/1501 1511/1/1511 
f 1510/1/1510 2452/1/2452 2453/1/2453 1511/1/1511 
f 2454/1/2454 2453/1/2453 2452/1/2452 2451/1/2451 
f 2454/1/2454 1506/1/1506 1505/1/1505 2453/1/2453 
f 2448/1/2448 2455/1/2455 2441/1/2441 2445/1/2445 
f 2455/1/2455 2448/1/2448 1510/1/1510 
f 2455/1/2455 1642/1/1642 1641/1/1641 
f 2441/1/2441 2455/1/2455 1659/1/1659 1658/1/1658 
f 2456/1/2456 2457/1/2457 2458/1/2458 2459/1/2459 
f 2460/1/2460 2457/1/2457 2456/1/2456 2461/1/2461 
f 2462/1/2462 2463/1/2463 2464/1/2464 2465/1/2465 
f 2463/1/2463 2462/1/2462 2466/1/2466 
f 2467/1/2467 2468/1/2468 2463/1/2463 2469/1/2469 
f 2464/1/2464 2463/1/2463 2468/1/2468 2470/1/2470 
f 2471/1/2471 2472/1/2472 2460/1/2460 2461/1/2461 
f 2473/1/2473 2474/1/2474 2472/1/2472 2471/1/2471 
f 2475/1/2475 2476/1/2476 2474/1/2474 2473/1/2473 
f 2477/1/2477 2478/1/2478 2476/1/2476 2475/1/2475 
f 2479/1/2479 2480/1/2480 2481/1/2481 
f 2480/1/2480 2482/1/2482 2483/1/2483 
f 2484/1/2484 2485/1/2485 2481/1/2481 2483/1/2483 
f 2486/1/2486 2481/1/2481 2485/1/2485 2487/1/2487 
f 2488/1/2488 2489/1/2489 2490/1/2490 
f 2491/1/2491 2486/1/2486 2487/1/2487 
f 2489/1/2489 2488/1/2488 2492/1/2492 2493/1/2493 
f 2494/1/2494 2492/1/2492 2488/1/2488 2487/1/2487 
f 2495/1/2495 2496/1/2496 2492/1/2492 2494/1/2494 
f 2492/1/2492 2496/1/2496 2497/1/2497 
f 2495/1/2495 2498/1/2498 2499/1/2499 2496/1/2496 
f 2500/1/2500 2499/1/2499 2498/1/2498 2501/1/2501 
f 2502/1/2502 2503/1/2503 2499/1/2499 2500/1/2500 
f 2496/1/2496 2499/1/2499 2503/1/2503 2497/1/2497 
f 714/1/714 730/1/730 2504/1/2504 711/1/711 
f 2505/1/2505 2504/1/2504 730/1/730 729/1/729 
f 2504/1/2504 2505/1/2505 2506/1/2506 
f 711/1/711 2504/1/2504 2507/1/2507 716/1/716 
f 729/1/729 737/1/737 2508/1/2508 2505/1/2505 
f 5/1/5 2508/1/2508 737/1/737 7/1/7 
f 6/1/6 2509/1/2509 2508/1/2508 5/1/5 
f 2505/1/2505 2508/1/2508 2509/1/2509 2506/1/2506 
f 2510/1/2510 2511/1/2511 2512/1/2512 2513/1/2513 
f 2510/1/2510 2514/1/2514 2515/1/2515 
f 716/1/716 2507/1/2507 2516/1/2516 2517/1/2517 
f 2506/1/2506 2518/1/2518 2516/1/2516 2507/1/2507 
f 2518/1/2518 2519/1/2519 2520/1/2520 2516/1/2516 
f 2517/1/2517 2516/1/2516 2520/1/2520 2521/1/2521 
f 2522/1/2522 2523/1/2523 2524/1/2524 
f 181/1/181 2522/1/2522 2525/1/2525 182/1/182 
f 177/1/177 2526/1/2526 2522/1/2522 181/1/181 
f 2523/1/2523 2522/1/2522 2526/1/2526 2527/1/2527 
f 182/1/182 2525/1/2525 2528/1/2528 294/1/294 
f 2529/1/2529 2528/1/2528 2525/1/2525 2524/1/2524 
f 2530/1/2530 2531/1/2531 2528/1/2528 2529/1/2529 
f 294/1/294 2528/1/2528 2531/1/2531 296/1/296 
f 2532/1/2532 2533/1/2533 2534/1/2534 2535/1/2535 
f 2533/1/2533 167/1/167 166/1/166 
f 82/1/82 79/1/79 2534/1/2534 166/1/166 
f 2535/1/2535 2534/1/2534 79/1/79 78/1/78 
f 2536/1/2536 2537/1/2537 2538/1/2538 2539/1/2539 
f 1960/1/1960 1968/1/1968 2537/1/2537 2536/1/2536 
f 1935/1/1935 2540/1/2540 2537/1/2537 1968/1/1968 
f 2538/1/2538 2537/1/2537 2540/1/2540 2541/1/2541 
f 2542/1/2542 2543/1/2543 2541/1/2541 
f 1938/1/1938 2542/1/2542 2540/1/2540 1935/1/1935 
f 1932/1/1932 2544/1/2544 2542/1/2542 1938/1/1938 
f 2543/1/2543 2542/1/2542 2544/1/2544 2545/1/2545 
f 2546/1/2546 2547/1/2547 2548/1/2548 2549/1/2549 
f 1156/1/1156 2549/1/2549 2548/1/2548 1157/1/1157 
f 1076/1/1076 2550/1/2550 2549/1/2549 1156/1/1156 
f 2546/1/2546 2549/1/2549 2550/1/2550 2551/1/2551 
f 303/1/303 302/1/302 2552/1/2552 2553/1/2553 
f 2554/1/2554 2552/1/2552 302/1/302 212/1/212 
f 2555/1/2555 2556/1/2556 2552/1/2552 2554/1/2554 
f 2553/1/2553 2552/1/2552 2556/1/2556 2557/1/2557 
f 2558/1/2558 2559/1/2559 2560/1/2560 2561/1/2561 
f 2434/1/2434 2560/1/2560 2559/1/2559 2435/1/2435 
f 1998/1/1998 1997/1/1997 2560/1/2560 2434/1/2434 
f 2561/1/2561 2560/1/2560 1997/1/1997 1483/1/1483 
f 1685/1/1685 2562/1/2562 2563/1/2563 1684/1/1684 
f 2564/1/2564 2563/1/2563 2562/1/2562 2565/1/2565 
f 2566/1/2566 2567/1/2567 2563/1/2563 2564/1/2564 
f 1684/1/1684 2563/1/2563 2567/1/2567 1686/1/1686 
f 2566/1/2566 2568/1/2568 2569/1/2569 2567/1/2567 
f 2570/1/2570 2569/1/2569 2568/1/2568 2571/1/2571 
f 1999/1/1999 2010/1/2010 2569/1/2569 2570/1/2570 
f 2567/1/2567 2569/1/2569 2010/1/2010 1686/1/1686 
f 2004/1/2004 2000/1/2000 2572/1/2572 2573/1/2573 
f 2570/1/2570 2572/1/2572 2000/1/2000 1999/1/1999 
f 2571/1/2571 2574/1/2574 2572/1/2572 2570/1/2570 
f 2573/1/2573 2572/1/2572 2574/1/2574 2575/1/2575 
f 2575/1/2575 2576/1/2576 2577/1/2577 2573/1/2573 
f 2578/1/2578 2577/1/2577 2576/1/2576 2579/1/2579 
f 2351/1/2351 2350/1/2350 2577/1/2577 2578/1/2578 
f 2573/1/2573 2577/1/2577 2350/1/2350 2004/1/2004 
f 2580/1/2580 2581/1/2581 2582/1/2582 2583/1/2583 
f 2584/1/2584 2582/1/2582 2581/1/2581 2585/1/2585 
f 1983/1/1983 1986/1/1986 2582/1/2582 2584/1/2584 
f 2583/1/2583 2582/1/2582 1986/1/1986 1901/1/1901 
f 2586/1/2586 2587/1/2587 2588/1/2588 2589/1/2589 
f 1911/1/1911 2588/1/2588 2587/1/2587 1908/1/1908 
f 1916/1/1916 2590/1/2590 2588/1/2588 1911/1/1911 
f 2589/1/2589 2588/1/2588 2590/1/2590 2591/1/2591 
f 1151/1/1151 1149/1/1149 2592/1/2592 2593/1/2593 
f 1955/1/1955 2592/1/2592 1149/1/1149 1150/1/1150 
f 1908/1/1908 2587/1/2587 2592/1/2592 1955/1/1955 
f 2593/1/2593 2592/1/2592 2587/1/2587 2586/1/2586 
f 2594/1/2594 2595/1/2595 2596/1/2596 2597/1/2597 
f 2335/1/2335 2596/1/2596 2595/1/2595 2336/1/2336 
f 2333/1/2333 2598/1/2598 2596/1/2596 2335/1/2335 
f 2597/1/2597 2596/1/2596 2598/1/2598 2599/1/2599 
f 2599/1/2599 2598/1/2598 2600/1/2600 2601/1/2601 
f 2332/1/2332 2600/1/2600 2598/1/2598 2333/1/2333 
f 1460/1/1460 1468/1/1468 2600/1/2600 2332/1/2332 
f 2601/1/2601 2600/1/2600 1468/1/1468 1467/1/1467 
f 2602/1/2602 2603/1/2603 2604/1/2604 2605/1/2605 
f 1979/1/1979 2604/1/2604 2603/1/2603 1922/1/1922 
f 2584/1/2584 2604/1/2604 1979/1/1979 1983/1/1983 
f 2585/1/2585 2605/1/2605 2604/1/2604 2584/1/2584 
f 2591/1/2591 2590/1/2590 2606/1/2606 2607/1/2607 
f 1921/1/1921 2606/1/2606 2590/1/2590 1916/1/1916 
f 1922/1/1922 2603/1/2603 2606/1/2606 1921/1/1921 
f 2607/1/2607 2606/1/2606 2603/1/2603 2602/1/2602 
f 85/1/85 84/1/84 2608/1/2608 2609/1/2609 
f 70/1/70 2608/1/2608 84/1/84 74/1/74 
f 69/1/69 2610/1/2610 2608/1/2608 70/1/70 
f 2609/1/2609 2608/1/2608 2610/1/2610 2611/1/2611 
f 2527/1/2527 2526/1/2526 2612/1/2612 2613/1/2613 
f 2526/1/2526 177/1/177 175/1/175 2612/1/2612 
f 2614/1/2614 2612/1/2612 175/1/175 174/1/174 
f 2613/1/2613 2612/1/2612 2614/1/2614 2615/1/2615 
f 2616/1/2616 2617/1/2617 2618/1/2618 2619/1/2619 
f 2620/1/2620 2621/1/2621 2617/1/2617 2616/1/2616 
f 2622/1/2622 2617/1/2617 2621/1/2621 2615/1/2615 
f 2622/1/2622 2623/1/2623 2618/1/2618 2617/1/2617 
f 2624/1/2624 2625/1/2625 2626/1/2626 2627/1/2627 
f 2613/1/2613 2626/1/2626 2625/1/2625 2527/1/2527 
f 2615/1/2615 2621/1/2621 2626/1/2626 2613/1/2613 
f 2627/1/2627 2626/1/2626 2621/1/2621 2620/1/2620 
f 2620/1/2620 2628/1/2628 2629/1/2629 2627/1/2627 
f 140/1/140 2629/1/2629 2628/1/2628 35/1/35 
f 139/1/139 2630/1/2630 2629/1/2629 140/1/140 
f 2627/1/2627 2629/1/2629 2630/1/2630 2624/1/2624 
f 2623/1/2623 2622/1/2622 2631/1/2631 2632/1/2632 
f 2615/1/2615 2614/1/2614 2631/1/2631 2622/1/2622 
f 174/1/174 1795/1/1795 2631/1/2631 2614/1/2614 
f 1795/1/1795 1794/1/1794 2632/1/2632 2631/1/2631 
f 26/1/26 36/1/36 2633/1/2633 2634/1/2634 
f 2628/1/2628 2633/1/2633 36/1/36 35/1/35 
f 2616/1/2616 2633/1/2633 2628/1/2628 2620/1/2620 
f 2619/1/2619 2634/1/2634 2633/1/2633 2616/1/2616 
f 2635/1/2635 2636/1/2636 2637/1/2637 2638/1/2638 
f 31/1/31 27/1/27 2638/1/2638 2637/1/2637 
f 2634/1/2634 2638/1/2638 27/1/27 26/1/26 
f 2635/1/2635 2638/1/2638 2634/1/2634 2619/1/2619 
f 2639/1/2639 2640/1/2640 2641/1/2641 2642/1/2642 
f 2643/1/2643 2641/1/2641 2640/1/2640 2644/1/2644 
f 2641/1/2641 2643/1/2643 2459/1/2459 
f 2641/1/2641 2645/1/2645 2646/1/2646 
f 2459/1/2459 2458/1/2458 2647/1/2647 2645/1/2645 
f 2645/1/2645 2647/1/2647 2648/1/2648 2646/1/2646 
f 2648/1/2648 2649/1/2649 2650/1/2650 2646/1/2646 
f 2651/1/2651 2652/1/2652 2653/1/2653 2654/1/2654 
f 2650/1/2650 2651/1/2651 2654/1/2654 2646/1/2646 
f 2655/1/2655 2656/1/2656 50/1/50 49/1/49 
f 2653/1/2653 2652/1/2652 2656/1/2656 2655/1/2655 
f 2657/1/2657 2658/1/2658 2659/1/2659 2660/1/2660 
f 1785/1/1785 2659/1/2659 2658/1/2658 1789/1/1789 
f 1785/1/1785 1784/1/1784 2661/1/2661 2659/1/2659 
f 2660/1/2660 2659/1/2659 2661/1/2661 2662/1/2662 
f 2663/1/2663 2664/1/2664 2665/1/2665 2666/1/2666 
f 2660/1/2660 2665/1/2665 2664/1/2664 2657/1/2657 
f 2662/1/2662 2667/1/2667 2665/1/2665 2660/1/2660 
f 2666/1/2666 2665/1/2665 2667/1/2667 2668/1/2668 
f 2668/1/2668 2669/1/2669 2670/1/2670 2666/1/2666 
f 2609/1/2609 2670/1/2670 2669/1/2669 85/1/85 
f 2611/1/2611 2671/1/2671 2670/1/2670 2609/1/2609 
f 2666/1/2666 2670/1/2670 2671/1/2671 2663/1/2663 
f 2668/1/2668 2667/1/2667 2672/1/2672 2673/1/2673 
f 2674/1/2674 2672/1/2672 2667/1/2667 2662/1/2662 
f 2675/1/2675 2676/1/2676 2672/1/2672 2674/1/2674 
f 2673/1/2673 2672/1/2672 2676/1/2676 2677/1/2677 
f 2677/1/2677 2678/1/2678 2679/1/2679 2673/1/2673 
f 81/1/81 2679/1/2679 2678/1/2678 78/1/78 
f 85/1/85 2669/1/2669 2679/1/2679 81/1/81 
f 2673/1/2673 2679/1/2679 2669/1/2669 2668/1/2668 
f 192/1/192 2680/1/2680 1824/1/1824 193/1/193 
f 192/1/192 191/1/191 2681/1/2681 
f 2675/1/2675 2682/1/2682 2680/1/2680 2681/1/2681 
f 1825/1/1825 1824/1/1824 2680/1/2680 2682/1/2682 
f 2675/1/2675 2681/1/2681 2683/1/2683 2676/1/2676 
f 2681/1/2681 191/1/191 2684/1/2684 2683/1/2683 
f 2683/1/2683 2684/1/2684 2685/1/2685 
f 2676/1/2676 2683/1/2683 2686/1/2686 2677/1/2677 
f 2662/1/2662 2661/1/2661 2687/1/2687 2674/1/2674 
f 1784/1/1784 1826/1/1826 2687/1/2687 2661/1/2661 
f 2682/1/2682 2687/1/2687 1826/1/1826 1825/1/1825 
f 2674/1/2674 2687/1/2687 2682/1/2682 2675/1/2675 
f 2545/1/2545 2544/1/2544 2688/1/2688 2689/1/2689 
f 1931/1/1931 2688/1/2688 2544/1/2544 1932/1/1932 
f 1091/1/1091 2690/1/2690 2688/1/2688 1931/1/1931 
f 2689/1/2689 2688/1/2688 2690/1/2690 2691/1/2691 
f 2535/1/2535 2692/1/2692 2693/1/2693 2532/1/2532 
f 78/1/78 2678/1/2678 2692/1/2692 2535/1/2535 
f 2678/1/2678 2677/1/2677 2686/1/2686 2692/1/2692 
f 2693/1/2693 2692/1/2692 2686/1/2686 2685/1/2685 
f 1094/1/1094 2694/1/2694 2690/1/2690 1091/1/1091 
f 269/1/269 2695/1/2695 2694/1/2694 1094/1/1094 
f 2696/1/2696 2697/1/2697 2694/1/2694 2695/1/2695 
f 2690/1/2690 2694/1/2694 2697/1/2697 2691/1/2691 
f 2691/1/2691 2697/1/2697 2698/1/2698 2699/1/2699 
f 2700/1/2700 2698/1/2698 2697/1/2697 2696/1/2696 
f 2701/1/2701 2702/1/2702 2698/1/2698 2700/1/2700 
f 2699/1/2699 2698/1/2698 2702/1/2702 2703/1/2703 
f 2550/1/2550 2704/1/2704 2705/1/2705 2551/1/2551 
f 1075/1/1075 2704/1/2704 2550/1/2550 1076/1/1076 
f 1071/1/1071 2706/1/2706 2704/1/2704 1075/1/1075 
f 2706/1/2706 2707/1/2707 2705/1/2705 2704/1/2704 
f 239/1/239 1098/1/1098 2708/1/2708 2709/1/2709 
f 2710/1/2710 2708/1/2708 1098/1/1098 1097/1/1097 
f 2703/1/2703 2702/1/2702 2708/1/2708 2710/1/2710 
f 2709/1/2709 2708/1/2708 2702/1/2702 2701/1/2701 
f 2707/1/2707 2706/1/2706 2711/1/2711 2712/1/2712 
f 1070/1/1070 2711/1/2711 2706/1/2706 1071/1/1071 
f 266/1/266 2713/1/2713 2711/1/2711 1070/1/1070 
f 2712/1/2712 2711/1/2711 2713/1/2713 2714/1/2714 
f 2707/1/2707 2712/1/2712 2715/1/2715 2716/1/2716 
f 2717/1/2717 2715/1/2715 2712/1/2712 2714/1/2714 
f 2718/1/2718 2719/1/2719 2715/1/2715 2717/1/2717 
f 2716/1/2716 2715/1/2715 2719/1/2719 2720/1/2720 
f 257/1/257 1080/1/1080 2721/1/2721 2722/1/2722 
f 2723/1/2723 2721/1/2721 1080/1/1080 1084/1/1084 
f 2720/1/2720 2719/1/2719 2721/1/2721 2723/1/2723 
f 2722/1/2722 2721/1/2721 2719/1/2719 2718/1/2718 
f 2696/1/2696 2695/1/2695 2724/1/2724 2725/1/2725 
f 272/1/272 2724/1/2724 2695/1/2695 269/1/269 
f 277/1/277 2726/1/2726 2724/1/2724 272/1/272 
f 2726/1/2726 2727/1/2727 2725/1/2725 2724/1/2724 
f 2728/1/2728 2701/1/2701 2700/1/2700 2729/1/2729 
f 2700/1/2700 2696/1/2696 2725/1/2725 2729/1/2729 
f 2730/1/2730 2729/1/2729 2725/1/2725 2727/1/2727 
f 2731/1/2731 2728/1/2728 2729/1/2729 2730/1/2730 
f 2732/1/2732 2733/1/2733 2728/1/2728 2731/1/2731 
f 2732/1/2732 241/1/241 240/1/240 2733/1/2733 
f 2709/1/2709 2733/1/2733 240/1/240 239/1/239 
f 2701/1/2701 2728/1/2728 2733/1/2733 2709/1/2709 
f 264/1/264 2734/1/2734 2713/1/2713 266/1/266 
f 2735/1/2735 2734/1/2734 264/1/264 265/1/265 
f 2736/1/2736 2737/1/2737 2734/1/2734 2735/1/2735 
f 2713/1/2713 2734/1/2734 2737/1/2737 2714/1/2714 
f 2738/1/2738 2739/1/2739 2740/1/2740 2741/1/2741 
f 2717/1/2717 2740/1/2740 2739/1/2739 2718/1/2718 
f 2714/1/2714 2737/1/2737 2740/1/2740 2717/1/2717 
f 2741/1/2741 2740/1/2740 2737/1/2737 2736/1/2736 
f 1857/1/1857 1961/1/1961 2742/1/2742 2743/1/2743 
f 2536/1/2536 2742/1/2742 1961/1/1961 1960/1/1960 
f 2539/1/2539 2744/1/2744 2742/1/2742 2536/1/2536 
f 2743/1/2743 2742/1/2742 2744/1/2744 2745/1/2745 
f 259/1/259 258/1/258 2746/1/2746 2747/1/2747 
f 2722/1/2722 2746/1/2746 258/1/258 257/1/257 
f 2718/1/2718 2739/1/2739 2746/1/2746 2722/1/2722 
f 2747/1/2747 2746/1/2746 2739/1/2739 2738/1/2738 
f 1140/1/1140 1858/1/1858 2748/1/2748 2749/1/2749 
f 2743/1/2743 2748/1/2748 1858/1/1858 1857/1/1857 
f 2745/1/2745 2750/1/2750 2748/1/2748 2743/1/2743 
f 2750/1/2750 2751/1/2751 2749/1/2749 
f 2752/1/2752 2753/1/2753 2754/1/2754 2755/1/2755 
f 2756/1/2756 2754/1/2754 2753/1/2753 2757/1/2757 
f 2754/1/2754 2756/1/2756 2751/1/2751 
f 2755/1/2755 2754/1/2754 2750/1/2750 2745/1/2745 
f 212/1/212 215/1/215 2758/1/2758 2554/1/2554 
f 209/1/209 2759/1/2759 2758/1/2758 215/1/215 
f 2760/1/2760 2761/1/2761 2758/1/2758 2759/1/2759 
f 2554/1/2554 2758/1/2758 2761/1/2761 2555/1/2555 
f 2762/1/2762 2763/1/2763 2753/1/2753 2752/1/2752 
f 1263/1/1263 2763/1/2763 2762/1/2762 1264/1/1264 
f 1135/1/1135 2764/1/2764 2763/1/2763 1263/1/1263 
f 2763/1/2763 2764/1/2764 2757/1/2757 
f 2624/1/2624 2630/1/2630 2765/1/2765 2766/1/2766 
f 2630/1/2630 139/1/139 2767/1/2767 2765/1/2765 
f 2768/1/2768 2765/1/2765 2767/1/2767 2769/1/2769 
f 2766/1/2766 2765/1/2765 2768/1/2768 2770/1/2770 
f 2760/1/2760 2759/1/2759 2771/1/2771 2772/1/2772 
f 208/1/208 2771/1/2771 2759/1/2759 209/1/209 
f 2771/1/2771 208/1/208 167/1/167 
f 2772/1/2772 2771/1/2771 2533/1/2533 2532/1/2532 
f 2770/1/2770 2773/1/2773 2774/1/2774 2766/1/2766 
f 2773/1/2773 2524/1/2524 2523/1/2523 
f 2527/1/2527 2625/1/2625 2774/1/2774 2523/1/2523 
f 2766/1/2766 2774/1/2774 2625/1/2625 2624/1/2624 
f 131/1/131 136/1/136 2775/1/2775 2776/1/2776 
f 335/1/335 2775/1/2775 136/1/136 135/1/135 
f 336/1/336 2777/1/2777 2775/1/2775 335/1/335 
f 2776/1/2776 2775/1/2775 2777/1/2777 2769/1/2769 
f 2769/1/2769 2777/1/2777 2778/1/2778 2768/1/2768 
f 2779/1/2779 2778/1/2778 2777/1/2777 336/1/336 
f 2780/1/2780 2778/1/2778 2779/1/2779 2781/1/2781 
f 2770/1/2770 2768/1/2768 2778/1/2778 2780/1/2780 
f 127/1/127 132/1/132 2782/1/2782 138/1/138 
f 2776/1/2776 2782/1/2782 132/1/132 131/1/131 
f 2782/1/2782 2776/1/2776 2769/1/2769 
f 138/1/138 2782/1/2782 2767/1/2767 139/1/139 
f 2783/1/2783 2784/1/2784 2785/1/2785 2786/1/2786 
f 2730/1/2730 2785/1/2785 2784/1/2784 2731/1/2731 
f 2727/1/2727 2787/1/2787 2785/1/2785 2730/1/2730 
f 2786/1/2786 2785/1/2785 2787/1/2787 2788/1/2788 
f 2781/1/2781 2789/1/2789 2790/1/2790 2780/1/2780 
f 2529/1/2529 2790/1/2790 2789/1/2789 2530/1/2530 
f 2790/1/2790 2529/1/2529 2524/1/2524 
f 2773/1/2773 2770/1/2770 2780/1/2780 
f 331/1/331 337/1/337 2791/1/2791 2792/1/2792 
f 2732/1/2732 2791/1/2791 337/1/337 241/1/241 
f 2731/1/2731 2784/1/2784 2791/1/2791 2732/1/2732 
f 2792/1/2792 2791/1/2791 2784/1/2784 2783/1/2783 
f 1886/1/1886 1887/1/1887 2793/1/2793 2794/1/2794 
f 2531/1/2531 2793/1/2793 1887/1/1887 296/1/296 
f 2530/1/2530 2795/1/2795 2793/1/2793 2531/1/2531 
f 2794/1/2794 2793/1/2793 2795/1/2795 2788/1/2788 
f 2788/1/2788 2795/1/2795 2796/1/2796 2786/1/2786 
f 2795/1/2795 2530/1/2530 2789/1/2789 
f 2796/1/2796 2789/1/2789 2781/1/2781 
f 2786/1/2786 2796/1/2796 2797/1/2797 2783/1/2783 
f 277/1/277 1882/1/1882 2798/1/2798 2726/1/2726 
f 1882/1/1882 1886/1/1886 2794/1/2794 
f 2788/1/2788 2787/1/2787 2798/1/2798 2794/1/2794 
f 2726/1/2726 2798/1/2798 2787/1/2787 2727/1/2727 
f 336/1/336 332/1/332 2799/1/2799 2779/1/2779 
f 2792/1/2792 2799/1/2799 332/1/332 331/1/331 
f 2783/1/2783 2797/1/2797 2799/1/2799 2792/1/2792 
f 2779/1/2779 2799/1/2799 2797/1/2797 2781/1/2781 
f 303/1/303 2553/1/2553 2800/1/2800 359/1/359 
f 2557/1/2557 2801/1/2801 2800/1/2800 2553/1/2553 
f 2801/1/2801 2802/1/2802 2803/1/2803 2800/1/2800 
f 359/1/359 2800/1/2800 2803/1/2803 309/1/309 
f 2735/1/2735 2804/1/2804 2805/1/2805 2736/1/2736 
f 308/1/308 2804/1/2804 2735/1/2735 265/1/265 
f 309/1/309 2803/1/2803 2804/1/2804 308/1/308 
f 2802/1/2802 2805/1/2805 2804/1/2804 2803/1/2803 
f 2806/1/2806 2807/1/2807 2808/1/2808 2809/1/2809 
f 2810/1/2810 2808/1/2808 2807/1/2807 2811/1/2811 
f 2558/1/2558 2812/1/2812 2808/1/2808 2810/1/2810 
f 2809/1/2809 2808/1/2808 2812/1/2812 2813/1/2813 
f 2814/1/2814 2815/1/2815 2816/1/2816 2817/1/2817 
f 2815/1/2815 1350/1/1350 1353/1/1353 
f 1355/1/1355 2818/1/2818 2816/1/2816 1353/1/1353 
f 2817/1/2817 2816/1/2816 2818/1/2818 2806/1/2806 
f 1371/1/1371 1367/1/1367 2819/1/2819 2820/1/2820 
f 2821/1/2821 2819/1/2819 1367/1/1367 1366/1/1366 
f 2822/1/2822 2823/1/2823 2819/1/2819 2821/1/2821 
f 2820/1/2820 2819/1/2819 2823/1/2823 2813/1/2813 
f 2824/1/2824 2825/1/2825 2823/1/2823 2822/1/2822 
f 2817/1/2817 2825/1/2825 2824/1/2824 2814/1/2814 
f 2806/1/2806 2809/1/2809 2825/1/2825 2817/1/2817 
f 2813/1/2813 2823/1/2823 2825/1/2825 2809/1/2809 
f 1483/1/1483 1482/1/1482 2826/1/2826 2561/1/2561 
f 2820/1/2820 2826/1/2826 1482/1/1482 1371/1/1371 
f 2813/1/2813 2812/1/2812 2826/1/2826 2820/1/2820 
f 2561/1/2561 2826/1/2826 2812/1/2812 2558/1/2558 
f 1488/1/1488 2827/1/2827 2818/1/2818 1355/1/1355 
f 1488/1/1488 1489/1/1489 2828/1/2828 
f 2811/1/2811 2807/1/2807 2827/1/2827 2828/1/2828 
f 2818/1/2818 2827/1/2827 2807/1/2807 2806/1/2806 
f 2829/1/2829 2830/1/2830 1896/1/1896 
f 1469/1/1469 2831/1/2831 2829/1/2829 1905/1/1905 
f 2832/1/2832 2833/1/2833 2829/1/2829 2831/1/2831 
f 2830/1/2830 2829/1/2829 2833/1/2833 2834/1/2834 
f 1901/1/1901 1897/1/1897 2835/1/2835 2583/1/2583 
f 2830/1/2830 2835/1/2835 1897/1/1897 1896/1/1896 
f 2834/1/2834 2836/1/2836 2835/1/2835 2830/1/2830 
f 2583/1/2583 2835/1/2835 2836/1/2836 2580/1/2580 
f 2837/1/2837 2838/1/2838 2839/1/2839 2840/1/2840 
f 2841/1/2841 2839/1/2839 2838/1/2838 2842/1/2842 
f 1399/1/1399 1396/1/1396 2839/1/2839 2841/1/2841 
f 2840/1/2840 2839/1/2839 1396/1/1396 1165/1/1165 
f 1161/1/1161 2843/1/2843 2844/1/2844 1162/1/1162 
f 2845/1/2845 2844/1/2844 2843/1/2843 2846/1/2846 
f 2837/1/2837 2840/1/2840 2844/1/2844 2845/1/2845 
f 1162/1/1162 2844/1/2844 2840/1/2840 1165/1/1165 
f 2847/1/2847 2848/1/2848 2849/1/2849 2850/1/2850 
f 2848/1/2848 2586/1/2586 2589/1/2589 
f 2591/1/2591 2851/1/2851 2849/1/2849 2589/1/2589 
f 2850/1/2850 2849/1/2849 2851/1/2851 2852/1/2852 
f 2852/1/2852 2853/1/2853 2854/1/2854 2855/1/2855 
f 2856/1/2856 2854/1/2854 2853/1/2853 2857/1/2857 
f 2842/1/2842 2838/1/2838 2854/1/2854 2856/1/2856 
f 2855/1/2855 2854/1/2854 2838/1/2838 2837/1/2837 
f 2858/1/2858 2845/1/2845 2846/1/2846 
f 2859/1/2859 2847/1/2847 2850/1/2850 
f 2852/1/2852 2855/1/2855 2858/1/2858 2850/1/2850 
f 2845/1/2845 2858/1/2858 2855/1/2855 2837/1/2837 
f 2860/1/2860 2861/1/2861 2862/1/2862 2863/1/2863 
f 1082/1/1082 2862/1/2862 2861/1/2861 1084/1/1084 
f 1083/1/1083 1840/1/1840 2862/1/2862 1082/1/1082 
f 2863/1/2863 2862/1/2862 1840/1/1840 1721/1/1721 
f 2607/1/2607 2864/1/2864 2851/1/2851 2591/1/2591 
f 2607/1/2607 2602/1/2602 2865/1/2865 2864/1/2864 
f 2857/1/2857 2853/1/2853 2864/1/2864 2865/1/2865 
f 2851/1/2851 2864/1/2864 2853/1/2853 2852/1/2852 
f 2551/1/2551 2705/1/2705 2866/1/2866 2867/1/2867 
f 2716/1/2716 2866/1/2866 2705/1/2705 2707/1/2707 
f 2720/1/2720 2868/1/2868 2866/1/2866 2716/1/2716 
f 2867/1/2867 2866/1/2866 2868/1/2868 2869/1/2869 
f 1721/1/1721 1719/1/1719 2870/1/2870 2863/1/2863 
f 1148/1/1148 2870/1/2870 1719/1/1719 1145/1/1145 
f 2870/1/2870 1148/1/1148 1153/1/1153 
f 2863/1/2863 2870/1/2870 2871/1/2871 2860/1/2860 
f 2860/1/2860 2871/1/2871 2872/1/2872 2873/1/2873 
f 2874/1/2874 2872/1/2872 2871/1/2871 1153/1/1153 
f 2875/1/2875 2876/1/2876 2872/1/2872 2874/1/2874 
f 2873/1/2873 2872/1/2872 2876/1/2876 2869/1/2869 
f 2869/1/2869 2868/1/2868 2877/1/2877 2873/1/2873 
f 2723/1/2723 2877/1/2877 2868/1/2868 2720/1/2720 
f 1084/1/1084 2861/1/2861 2877/1/2877 2723/1/2723 
f 2873/1/2873 2877/1/2877 2861/1/2861 2860/1/2860 
f 2878/1/2878 2879/1/2879 2880/1/2880 2881/1/2881 
f 1100/1/1100 2880/1/2880 2879/1/2879 1097/1/1097 
f 1102/1/1102 1110/1/1110 2880/1/2880 1100/1/1100 
f 2881/1/2881 2880/1/2880 1110/1/1110 1109/1/1109 
f 2547/1/2547 2546/1/2546 2882/1/2882 2883/1/2883 
f 2867/1/2867 2882/1/2882 2546/1/2546 2551/1/2551 
f 2869/1/2869 2876/1/2876 2882/1/2882 2867/1/2867 
f 2876/1/2876 2875/1/2875 2883/1/2883 
f 2545/1/2545 2689/1/2689 2884/1/2884 2885/1/2885 
f 2699/1/2699 2884/1/2884 2689/1/2689 2691/1/2691 
f 2703/1/2703 2886/1/2886 2884/1/2884 2699/1/2699 
f 2885/1/2885 2884/1/2884 2886/1/2886 2887/1/2887 
f 1109/1/1109 1266/1/1266 2888/1/2888 2881/1/2881 
f 2889/1/2889 2888/1/2888 1266/1/1266 1265/1/1265 
f 2890/1/2890 2891/1/2891 2888/1/2888 2889/1/2889 
f 2881/1/2881 2888/1/2888 2891/1/2891 2878/1/2878 
f 2892/1/2892 2893/1/2893 2891/1/2891 2890/1/2890 
f 2894/1/2894 2893/1/2893 2892/1/2892 2895/1/2895 
f 2896/1/2896 2893/1/2893 2894/1/2894 2887/1/2887 
f 2878/1/2878 2891/1/2891 2893/1/2893 2896/1/2896 
f 2887/1/2887 2886/1/2886 2897/1/2897 2896/1/2896 
f 2710/1/2710 2897/1/2897 2886/1/2886 2703/1/2703 
f 1097/1/1097 2879/1/2879 2897/1/2897 2710/1/2710 
f 2896/1/2896 2897/1/2897 2879/1/2879 2878/1/2878 
f 2898/1/2898 2899/1/2899 2900/1/2900 2901/1/2901 
f 2902/1/2902 2903/1/2903 2900/1/2900 2899/1/2899 
f 2904/1/2904 2905/1/2905 2900/1/2900 2903/1/2903 
f 2901/1/2901 2900/1/2900 2905/1/2905 2906/1/2906 
f 2895/1/2895 2907/1/2907 2908/1/2908 2894/1/2894 
f 2907/1/2907 2541/1/2541 2543/1/2543 
f 2545/1/2545 2885/1/2885 2908/1/2908 2543/1/2543 
f 2894/1/2894 2908/1/2908 2885/1/2885 2887/1/2887 
f 1130/1/1130 1358/1/1358 2909/1/2909 2910/1/2910 
f 1359/1/1359 2911/1/2911 2909/1/2909 1358/1/1358 
f 2899/1/2899 2909/1/2909 2911/1/2911 2902/1/2902 
f 2910/1/2910 2909/1/2909 2899/1/2899 2898/1/2898 
f 1143/1/1143 1141/1/1141 2912/1/2912 2913/1/2913 
f 2749/1/2749 2912/1/2912 1141/1/1141 1140/1/1140 
f 2751/1/2751 2914/1/2914 2912/1/2912 2749/1/2749 
f 2913/1/2913 2912/1/2912 2914/1/2914 2906/1/2906 
f 2906/1/2906 2914/1/2914 2915/1/2915 2901/1/2901 
f 2756/1/2756 2915/1/2915 2914/1/2914 2751/1/2751 
f 2757/1/2757 2916/1/2916 2915/1/2915 2756/1/2756 
f 2901/1/2901 2915/1/2915 2916/1/2916 2898/1/2898 
f 2906/1/2906 2905/1/2905 2917/1/2917 2913/1/2913 
f 2918/1/2918 2917/1/2917 2905/1/2905 2904/1/2904 
f 1778/1/1778 1775/1/1775 2917/1/2917 2918/1/2918 
f 2913/1/2913 2917/1/2917 1775/1/1775 1143/1/1143 
f 2846/1/2846 2843/1/2843 2919/1/2919 2920/1/2920 
f 1177/1/1177 2919/1/2919 2843/1/2843 1161/1/1161 
f 1172/1/1172 2921/1/2921 2919/1/2919 1177/1/1177 
f 2920/1/2920 2919/1/2919 2921/1/2921 2922/1/2922 
f 1131/1/1131 2923/1/2923 2764/1/2764 1135/1/1135 
f 2910/1/2910 2923/1/2923 1131/1/1131 1130/1/1130 
f 2898/1/2898 2916/1/2916 2923/1/2923 2910/1/2910 
f 2764/1/2764 2923/1/2923 2916/1/2916 2757/1/2757 
f 1153/1/1153 1152/1/1152 2924/1/2924 2874/1/2874 
f 2925/1/2925 2924/1/2924 1152/1/1152 1151/1/1151 
f 2926/1/2926 2927/1/2927 2924/1/2924 2925/1/2925 
f 2874/1/2874 2924/1/2924 2927/1/2927 2875/1/2875 
f 1171/1/1171 2928/1/2928 2921/1/2921 1172/1/1172 
f 1157/1/1157 2548/1/2548 2928/1/2928 1171/1/1171 
f 2547/1/2547 2929/1/2929 2928/1/2928 2548/1/2548 
f 2929/1/2929 2922/1/2922 2921/1/2921 2928/1/2928 
f 2922/1/2922 2929/1/2929 2930/1/2930 2931/1/2931 
f 2883/1/2883 2930/1/2930 2929/1/2929 2547/1/2547 
f 2875/1/2875 2927/1/2927 2930/1/2930 2883/1/2883 
f 2931/1/2931 2930/1/2930 2927/1/2927 2926/1/2926 
f 2847/1/2847 2859/1/2859 2932/1/2932 2933/1/2933 
f 2920/1/2920 2932/1/2932 2859/1/2859 2846/1/2846 
f 2922/1/2922 2931/1/2931 2932/1/2932 2920/1/2920 
f 2932/1/2932 2931/1/2931 2926/1/2926 
f 2934/1/2934 1285/1/1285 1259/1/1259 
f 2935/1/2935 2934/1/2934 1262/1/1262 1264/1/1264 
f 2936/1/2936 2934/1/2934 2935/1/2935 2937/1/2937 
f 2936/1/2936 1286/1/1286 1285/1/1285 
f 2925/1/2925 2938/1/2938 2933/1/2933 2926/1/2926 
f 1151/1/1151 2593/1/2593 2938/1/2938 2925/1/2925 
f 2938/1/2938 2593/1/2593 2586/1/2586 
f 2933/1/2933 2938/1/2938 2848/1/2848 2847/1/2847 
f 2745/1/2745 2744/1/2744 2939/1/2939 2755/1/2755 
f 2940/1/2940 2939/1/2939 2744/1/2744 2539/1/2539 
f 2941/1/2941 2942/1/2942 2939/1/2939 2940/1/2940 
f 2755/1/2755 2939/1/2939 2942/1/2942 2752/1/2752 
f 2937/1/2937 2943/1/2943 2944/1/2944 2936/1/2936 
f 2943/1/2943 2890/1/2890 2889/1/2889 
f 2944/1/2944 2889/1/2889 1265/1/1265 
f 2936/1/2936 2944/1/2944 1299/1/1299 1286/1/1286 
f 2941/1/2941 2945/1/2945 2946/1/2946 2947/1/2947 
f 2892/1/2892 2946/1/2946 2945/1/2945 2895/1/2895 
f 2946/1/2946 2892/1/2892 2890/1/2890 
f 2947/1/2947 2946/1/2946 2943/1/2943 2937/1/2937 
f 2937/1/2937 2935/1/2935 2948/1/2948 2947/1/2947 
f 2762/1/2762 2948/1/2948 2935/1/2935 1264/1/1264 
f 2752/1/2752 2942/1/2942 2948/1/2948 2762/1/2762 
f 2947/1/2947 2948/1/2948 2942/1/2942 2941/1/2941 
f 2949/1/2949 2814/1/2814 2824/1/2824 2950/1/2950 
f 2822/1/2822 2951/1/2951 2950/1/2950 2824/1/2824 
f 2952/1/2952 2953/1/2953 2950/1/2950 2951/1/2951 
f 2949/1/2949 2950/1/2950 2953/1/2953 2954/1/2954 
f 2539/1/2539 2538/1/2538 2955/1/2955 2940/1/2940 
f 2907/1/2907 2955/1/2955 2538/1/2538 2541/1/2541 
f 2895/1/2895 2945/1/2945 2955/1/2955 2907/1/2907 
f 2940/1/2940 2955/1/2955 2945/1/2945 2941/1/2941 
f 1365/1/1365 2956/1/2956 2957/1/2957 1363/1/1363 
f 1365/1/1365 1350/1/1350 2815/1/2815 2956/1/2956 
f 2949/1/2949 2956/1/2956 2815/1/2815 2814/1/2814 
f 2954/1/2954 2957/1/2957 2956/1/2956 2949/1/2949 
f 2958/1/2958 1380/1/1380 1781/1/1781 2959/1/2959 
f 2918/1/2918 2959/1/2959 1781/1/1781 1778/1/1778 
f 2904/1/2904 2960/1/2960 2959/1/2959 2918/1/2918 
f 2952/1/2952 2958/1/2958 2959/1/2959 2960/1/2960 
f 2904/1/2904 2903/1/2903 2961/1/2961 2960/1/2960 
f 2962/1/2962 2961/1/2961 2903/1/2903 2902/1/2902 
f 2954/1/2954 2953/1/2953 2961/1/2961 2962/1/2962 
f 2960/1/2960 2961/1/2961 2953/1/2953 2952/1/2952 
f 2821/1/2821 2963/1/2963 2951/1/2951 2822/1/2822 
f 1376/1/1376 2963/1/2963 2821/1/2821 1366/1/1366 
f 1380/1/1380 2958/1/2958 2963/1/2963 1376/1/1376 
f 2951/1/2951 2963/1/2963 2958/1/2958 2952/1/2952 
f 2964/1/2964 2965/1/2965 2966/1/2966 2967/1/2967 
f 1381/1/1381 2966/1/2966 2965/1/2965 1382/1/1382 
f 1389/1/1389 1403/1/1403 2966/1/2966 1381/1/1381 
f 2967/1/2967 2966/1/2966 1403/1/1403 1402/1/1402 
f 1402/1/1402 1410/1/1410 2968/1/2968 2967/1/2967 
f 2841/1/2841 2968/1/2968 1410/1/1410 1399/1/1399 
f 2842/1/2842 2969/1/2969 2968/1/2968 2841/1/2841 
f 2967/1/2967 2968/1/2968 2969/1/2969 2964/1/2964 
f 2902/1/2902 2911/1/2911 2970/1/2970 2962/1/2962 
f 1361/1/1361 2970/1/2970 2911/1/2911 1359/1/1359 
f 1363/1/1363 2957/1/2957 2970/1/2970 1361/1/1361 
f 2962/1/2962 2970/1/2970 2957/1/2957 2954/1/2954 
f 2602/1/2602 2605/1/2605 2971/1/2971 2865/1/2865 
f 2972/1/2972 2971/1/2971 2605/1/2605 2585/1/2585 
f 2973/1/2973 2974/1/2974 2971/1/2971 2972/1/2972 
f 2865/1/2865 2971/1/2971 2974/1/2974 2857/1/2857 
f 2973/1/2973 2975/1/2975 2976/1/2976 2977/1/2977 
f 2978/1/2978 2976/1/2976 2975/1/2975 2979/1/2979 
f 1382/1/1382 2965/1/2965 2976/1/2976 2978/1/2978 
f 2977/1/2977 2976/1/2976 2965/1/2965 2964/1/2964 
f 2964/1/2964 2969/1/2969 2980/1/2980 2977/1/2977 
f 2856/1/2856 2980/1/2980 2969/1/2969 2842/1/2842 
f 2857/1/2857 2974/1/2974 2980/1/2980 2856/1/2856 
f 2977/1/2977 2980/1/2980 2974/1/2974 2973/1/2973 
f 2981/1/2981 2982/1/2982 2983/1/2983 2984/1/2984 
f 2985/1/2985 2983/1/2983 2982/1/2982 2986/1/2986 
f 2987/1/2987 2988/1/2988 2983/1/2983 2985/1/2985 
f 2984/1/2984 2983/1/2983 2988/1/2988 2989/1/2989 
f 2585/1/2585 2581/1/2581 2990/1/2990 2972/1/2972 
f 2991/1/2991 2990/1/2990 2581/1/2581 2580/1/2580 
f 2979/1/2979 2975/1/2975 2990/1/2990 2991/1/2991 
f 2972/1/2972 2990/1/2990 2975/1/2975 2973/1/2973 
f 2986/1/2986 2992/1/2992 2993/1/2993 2985/1/2985 
f 2601/1/2601 2993/1/2993 2992/1/2992 2599/1/2599 
f 1467/1/1467 2994/1/2994 2993/1/2993 2601/1/2601 
f 2985/1/2985 2993/1/2993 2994/1/2994 2987/1/2987 
f 2832/1/2832 2831/1/2831 2995/1/2995 2996/1/2996 
f 1472/1/1472 2995/1/2995 2831/1/2831 1469/1/1469 
f 1477/1/1477 2997/1/2997 2995/1/2995 1472/1/1472 
f 2996/1/2996 2995/1/2995 2997/1/2997 2989/1/2989 
f 2345/1/2345 2998/1/2998 2999/1/2999 2344/1/2344 
f 2984/1/2984 2999/1/2999 2998/1/2998 2981/1/2981 
f 2989/1/2989 2997/1/2997 2999/1/2999 2984/1/2984 
f 2344/1/2344 2999/1/2999 2997/1/2997 1477/1/1477 
f 1489/1/1489 1485/1/1485 3000/1/3000 3001/1/3001 
f 1485/1/1485 1484/1/1484 1507/1/1507 
f 1506/1/1506 3002/1/3002 3000/1/3000 1507/1/1507 
f 3001/1/3001 3000/1/3000 3002/1/3002 3003/1/3003 
f 3004/1/3004 3005/1/3005 3006/1/3006 3007/1/3007 
f 2433/1/2433 3006/1/3006 3005/1/3005 2430/1/2430 
f 2435/1/2435 3008/1/3008 3006/1/3006 2433/1/2433 
f 3007/1/3007 3006/1/3006 3008/1/3008 3009/1/3009 
f 3010/1/3010 2811/1/2811 2828/1/2828 3011/1/3011 
f 2828/1/2828 1489/1/1489 3001/1/3001 
f 3003/1/3003 3012/1/3012 3011/1/3011 3001/1/3001 
f 3010/1/3010 3011/1/3011 3012/1/3012 3009/1/3009 
f 2451/1/2451 3013/1/3013 3014/1/3014 2454/1/2454 
f 3015/1/3015 3014/1/3014 3013/1/3013 3016/1/3016 
f 3003/1/3003 3002/1/3002 3014/1/3014 3015/1/3015 
f 2454/1/2454 3014/1/3014 3002/1/3002 1506/1/1506 
f 3016/1/3016 3017/1/3017 3018/1/3018 3015/1/3015 
f 3007/1/3007 3018/1/3018 3017/1/3017 3004/1/3004 
f 3009/1/3009 3012/1/3012 3018/1/3018 3007/1/3007 
f 3015/1/3015 3018/1/3018 3012/1/3012 3003/1/3003 
f 2435/1/2435 2559/1/2559 3019/1/3019 3008/1/3008 
f 2559/1/2559 2558/1/2558 2810/1/2810 
f 3019/1/3019 2810/1/2810 2811/1/2811 
f 3009/1/3009 3008/1/3008 3019/1/3019 3010/1/3010 
f 3020/1/3020 3021/1/3021 3022/1/3022 3023/1/3023 
f 2417/1/2417 3022/1/3022 3021/1/3021 1700/1/1700 
f 2419/1/2419 3024/1/3024 3022/1/3022 2417/1/2417 
f 3023/1/3023 3022/1/3022 3024/1/3024 3025/1/3025 
f 3026/1/3026 3027/1/3027 3028/1/3028 3029/1/3029 
f 3023/1/3023 3028/1/3028 3027/1/3027 3020/1/3020 
f 3028/1/3028 3023/1/3023 3025/1/3025 
f 3029/1/3029 3028/1/3028 3030/1/3030 3031/1/3031 
f 3025/1/3025 3024/1/3024 3032/1/3032 3033/1/3033 
f 2429/1/2429 3032/1/3032 3024/1/3024 2419/1/2419 
f 2426/1/2426 2439/1/2439 3032/1/3032 2429/1/2429 
f 3033/1/3033 3032/1/3032 2439/1/2439 2438/1/2438 
f 3034/1/3034 3035/1/3035 3036/1/3036 3037/1/3037 
f 3038/1/3038 3036/1/3036 3035/1/3035 3039/1/3039 
f 3036/1/3036 3038/1/3038 1571/1/1571 
f 2329/1/2329 3037/1/3037 3036/1/3036 2326/1/2326 
f 3031/1/3031 3040/1/3040 3041/1/3041 3029/1/3029 
f 3040/1/3040 2443/1/2443 2442/1/2442 
f 1672/1/1672 3042/1/3042 3041/1/3041 2442/1/2442 
f 3029/1/3029 3041/1/3041 3042/1/3042 3026/1/3026 
f 3043/1/3043 3044/1/3044 3045/1/3045 3046/1/3046 
f 3047/1/3047 3045/1/3045 3044/1/3044 3048/1/3048 
f 3039/1/3039 3035/1/3035 3045/1/3045 3047/1/3047 
f 3046/1/3046 3045/1/3045 3035/1/3035 3034/1/3034 
f 3037/1/3037 3049/1/3049 3050/1/3050 3034/1/3034 
f 2338/1/2338 3049/1/3049 3037/1/3037 2329/1/2329 
f 2595/1/2595 3049/1/3049 2338/1/2338 2336/1/2336 
f 3050/1/3050 3049/1/3049 2595/1/2595 2594/1/2594 
f 3051/1/3051 3052/1/3052 3053/1/3053 3054/1/3054 
f 1668/1/1668 3053/1/3053 3052/1/3052 1669/1/1669 
f 1576/1/1576 3053/1/3053 1668/1/1668 1577/1/1577 
f 3054/1/3054 3053/1/3053 1576/1/1576 1573/1/1573 
f 1573/1/1573 1572/1/1572 3055/1/3055 3054/1/3054 
f 1572/1/1572 1571/1/1571 3038/1/3038 
f 3055/1/3055 3038/1/3038 3039/1/3039 
f 3056/1/3056 3051/1/3051 3054/1/3054 
f 3057/1/3057 3058/1/3058 3044/1/3044 3043/1/3043 
f 2579/1/2579 2576/1/2576 3058/1/3058 3057/1/3057 
f 2576/1/2576 2575/1/2575 3059/1/3059 
f 3048/1/3048 3044/1/3044 3058/1/3058 3059/1/3059 
f 3060/1/3060 3061/1/3061 3062/1/3062 3063/1/3063 
f 3064/1/3064 3062/1/3062 3061/1/3061 2565/1/2565 
f 3065/1/3065 3066/1/3066 3062/1/3062 3064/1/3064 
f 3063/1/3063 3062/1/3062 3066/1/3066 3067/1/3067 
f 3067/1/3067 3068/1/3068 3069/1/3069 3063/1/3063 
f 1679/1/1679 3069/1/3069 3068/1/3068 1677/1/1677 
f 1671/1/1671 3070/1/3070 3069/1/3069 1679/1/1679 
f 3063/1/3063 3069/1/3069 3070/1/3070 3060/1/3060 
f 1700/1/1700 3021/1/3021 3071/1/3071 1699/1/1699 
f 3021/1/3021 3020/1/3020 3072/1/3072 
f 3065/1/3065 3073/1/3073 3071/1/3071 3072/1/3072 
f 1699/1/1699 3071/1/3071 3073/1/3073 1692/1/1692 
f 3020/1/3020 3027/1/3027 3074/1/3074 3072/1/3072 
f 3075/1/3075 3074/1/3074 3027/1/3027 3026/1/3026 
f 3067/1/3067 3066/1/3066 3074/1/3074 3075/1/3075 
f 3072/1/3072 3074/1/3074 3066/1/3066 3065/1/3065 
f 3073/1/3073 3065/1/3065 3064/1/3064 3076/1/3076 
f 2565/1/2565 2562/1/2562 3076/1/3076 3064/1/3064 
f 1685/1/1685 1689/1/1689 3076/1/3076 2562/1/2562 
f 3073/1/3073 3076/1/3076 1689/1/1689 1692/1/1692 
f 3077/1/3077 3078/1/3078 3079/1/3079 3080/1/3080 
f 3057/1/3057 3078/1/3078 3077/1/3077 2579/1/2579 
f 3043/1/3043 3081/1/3081 3078/1/3078 3057/1/3057 
f 3082/1/3082 3079/1/3079 3078/1/3078 3081/1/3081 
f 3026/1/3026 3042/1/3042 3083/1/3083 3075/1/3075 
f 1675/1/1675 3083/1/3083 3042/1/3042 1672/1/1672 
f 1677/1/1677 3068/1/3068 3083/1/3083 1675/1/1675 
f 3075/1/3075 3083/1/3083 3068/1/3068 3067/1/3067 
f 3046/1/3046 3084/1/3084 3081/1/3081 3043/1/3043 
f 3034/1/3034 3050/1/3050 3084/1/3084 3046/1/3046 
f 2594/1/2594 3085/1/3085 3084/1/3084 3050/1/3050 
f 3081/1/3081 3084/1/3084 3085/1/3085 3082/1/3082 
f 2981/1/2981 2998/1/2998 3086/1/3086 3087/1/3087 
f 2353/1/2353 3086/1/3086 2998/1/2998 2345/1/2345 
f 2357/1/2357 3088/1/3088 3086/1/3086 2353/1/2353 
f 3087/1/3087 3086/1/3086 3088/1/3088 3080/1/3080 
f 2986/1/2986 2982/1/2982 3089/1/3089 3090/1/3090 
f 3087/1/3087 3089/1/3089 2982/1/2982 2981/1/2981 
f 3080/1/3080 3079/1/3079 3089/1/3089 3087/1/3087 
f 3090/1/3090 3089/1/3089 3079/1/3079 3082/1/3082 
f 2351/1/2351 2578/1/2578 3091/1/3091 2360/1/2360 
f 2578/1/2578 2579/1/2579 3077/1/3077 3091/1/3091 
f 3080/1/3080 3088/1/3088 3091/1/3091 3077/1/3077 
f 2360/1/2360 3091/1/3091 3088/1/3088 2357/1/2357 
f 2443/1/2443 3040/1/3040 3092/1/3092 3093/1/3093 
f 3094/1/3094 3092/1/3092 3040/1/3040 3031/1/3031 
f 3095/1/3095 3096/1/3096 3092/1/3092 3094/1/3094 
f 3093/1/3093 3092/1/3092 3096/1/3096 3097/1/3097 
f 3082/1/3082 3085/1/3085 3098/1/3098 3090/1/3090 
f 2597/1/2597 3098/1/3098 3085/1/3085 2594/1/2594 
f 2599/1/2599 2992/1/2992 3098/1/3098 2597/1/2597 
f 3090/1/3090 3098/1/3098 2992/1/2992 2986/1/2986 
f 3031/1/3031 3030/1/3030 3099/1/3099 3094/1/3094 
f 3033/1/3033 3099/1/3099 3030/1/3030 3025/1/3025 
f 2438/1/2438 3100/1/3100 3099/1/3099 3033/1/3033 
f 3094/1/3094 3099/1/3099 3100/1/3100 3095/1/3095 
f 3016/1/3016 3013/1/3013 3101/1/3101 3102/1/3102 
f 2449/1/2449 3101/1/3101 3013/1/3013 2451/1/2451 
f 2450/1/2450 3103/1/3103 3101/1/3101 2449/1/2449 
f 3102/1/3102 3101/1/3101 3103/1/3103 3097/1/3097 
f 3004/1/3004 3017/1/3017 3104/1/3104 3105/1/3105 
f 3102/1/3102 3104/1/3104 3017/1/3017 3016/1/3016 
f 3097/1/3097 3096/1/3096 3104/1/3104 3102/1/3102 
f 3105/1/3105 3104/1/3104 3096/1/3096 3095/1/3095 
f 2450/1/2450 2446/1/2446 3106/1/3106 3103/1/3103 
f 2444/1/2444 3106/1/3106 2446/1/2446 2445/1/2445 
f 3093/1/3093 3106/1/3106 2444/1/2444 2443/1/2443 
f 3097/1/3097 3103/1/3103 3106/1/3106 3093/1/3093 
f 3095/1/3095 3100/1/3100 3107/1/3107 3105/1/3105 
f 2437/1/2437 3107/1/3107 3100/1/3100 2438/1/2438 
f 2430/1/2430 3005/1/3005 3107/1/3107 2437/1/2437 
f 3105/1/3105 3107/1/3107 3005/1/3005 3004/1/3004 
f 3108/1/3108 3109/1/3109 3110/1/3110 
f 3111/1/3111 2484/1/2484 2483/1/2483 
f 3108/1/3108 2483/1/2483 2482/1/2482 
f 3112/1/3112 3113/1/3113 3109/1/3109 
f 3114/1/3114 3115/1/3115 3116/1/3116 
f 3109/1/3109 3114/1/3114 3117/1/3117 3110/1/3110 
f 3113/1/3113 3118/1/3118 3114/1/3114 3109/1/3109 
f 3118/1/3118 3119/1/3119 3115/1/3115 
f 3120/1/3120 3121/1/3121 2465/1/2465 
f 3120/1/3120 2464/1/2464 2470/1/2470 
f 3122/1/3122 3116/1/3116 3115/1/3115 
f 3120/1/3120 3115/1/3115 3119/1/3119 
f 3123/1/3123 3124/1/3124 3125/1/3125 3126/1/3126 
f 198/1/198 3125/1/3125 3124/1/3124 190/1/190 
f 199/1/199 3127/1/3127 3125/1/3125 198/1/198 
f 3126/1/3126 3125/1/3125 3127/1/3127 3128/1/3128 
f 3128/1/3128 3129/1/3129 3130/1/3130 3126/1/3126 
f 3129/1/3129 2555/1/2555 2761/1/2761 3130/1/3130 
f 3131/1/3131 3130/1/3130 2761/1/2761 2760/1/2760 
f 3126/1/3126 3130/1/3130 3131/1/3131 3123/1/3123 
f 2685/1/2685 2684/1/2684 3132/1/3132 3133/1/3133 
f 189/1/189 3132/1/3132 2684/1/2684 191/1/191 
f 190/1/190 3124/1/3124 3132/1/3132 189/1/189 
f 3133/1/3133 3132/1/3132 3124/1/3124 3123/1/3123 
f 3131/1/3131 2760/1/2760 2772/1/2772 3134/1/3134 
f 2532/1/2532 2693/1/2693 3134/1/3134 2772/1/2772 
f 2693/1/2693 2685/1/2685 3133/1/3133 
f 3123/1/3123 3131/1/3131 3134/1/3134 3133/1/3133 
f 2555/1/2555 3129/1/3129 3135/1/3135 2556/1/2556 
f 3136/1/3136 3135/1/3135 3129/1/3129 3128/1/3128 
f 3137/1/3137 3138/1/3138 3135/1/3135 3136/1/3136 
f 3138/1/3138 2557/1/2557 2556/1/2556 
f 3139/1/3139 3140/1/3140 3141/1/3141 3142/1/3142 
f 2741/1/2741 3141/1/3141 3140/1/3140 2738/1/2738 
f 2736/1/2736 2805/1/2805 3141/1/3141 2741/1/2741 
f 3142/1/3142 3141/1/3141 2805/1/2805 2802/1/2802 
f 349/1/349 3143/1/3143 3144/1/3144 201/1/201 
f 353/1/353 3145/1/3145 3143/1/3143 349/1/349 
f 3139/1/3139 3146/1/3146 3143/1/3143 3145/1/3145 
f 3144/1/3144 3143/1/3143 3146/1/3146 3137/1/3137 
f 3128/1/3128 3127/1/3127 3147/1/3147 3136/1/3136 
f 202/1/202 3147/1/3147 3127/1/3127 199/1/199 
f 201/1/201 3144/1/3144 3147/1/3147 202/1/202 
f 3136/1/3136 3147/1/3147 3144/1/3144 3137/1/3137 
f 2802/1/2802 2801/1/2801 3148/1/3148 3142/1/3142 
f 3138/1/3138 3148/1/3148 2801/1/2801 2557/1/2557 
f 3148/1/3148 3138/1/3138 3137/1/3137 
f 3142/1/3142 3148/1/3148 3146/1/3146 3139/1/3139 
f 356/1/356 3149/1/3149 3145/1/3145 353/1/353 
f 356/1/356 259/1/259 2747/1/2747 3149/1/3149 
f 2738/1/2738 3140/1/3140 3149/1/3149 2747/1/2747 
f 3145/1/3145 3149/1/3149 3140/1/3140 3139/1/3139 
f 2989/1/2989 2988/1/2988 3150/1/3150 2996/1/2996 
f 3151/1/3151 3150/1/3150 2988/1/2988 2987/1/2987 
f 3152/1/3152 3150/1/3150 3151/1/3151 3153/1/3153 
f 2832/1/2832 2996/1/2996 3150/1/3150 3152/1/3152 
f 2979/1/2979 2991/1/2991 3154/1/3154 3155/1/3155 
f 2580/1/2580 2836/1/2836 3154/1/3154 2991/1/2991 
f 3156/1/3156 3154/1/3154 2836/1/2836 2834/1/2834 
f 3157/1/3157 3155/1/3155 3154/1/3154 3156/1/3156 
f 1462/1/1462 3158/1/3158 3159/1/3159 1463/1/1463 
f 3160/1/3160 3158/1/3158 1462/1/1462 1385/1/1385 
f 3157/1/3157 3161/1/3161 3158/1/3158 3160/1/3160 
f 3159/1/3159 3158/1/3158 3161/1/3161 3153/1/3153 
f 2987/1/2987 2994/1/2994 3162/1/3162 3151/1/3151 
f 2994/1/2994 1467/1/1467 1466/1/1466 
f 3162/1/3162 1466/1/1466 1463/1/1463 
f 3153/1/3153 3151/1/3151 3162/1/3162 3159/1/3159 
f 2834/1/2834 2833/1/2833 3163/1/3163 3156/1/3156 
f 3152/1/3152 3163/1/3163 2833/1/2833 2832/1/2832 
f 3153/1/3153 3161/1/3161 3163/1/3163 3152/1/3152 
f 3156/1/3156 3163/1/3163 3161/1/3161 3157/1/3157 
f 3157/1/3157 3160/1/3160 3164/1/3164 3155/1/3155 
f 3160/1/3160 1385/1/1385 1383/1/1383 3164/1/3164 
f 3164/1/3164 1383/1/1383 1382/1/1382 
f 3155/1/3155 3164/1/3164 2978/1/2978 2979/1/2979 
f 2565/1/2565 3061/1/3061 3165/1/3165 2564/1/2564 
f 3166/1/3166 3165/1/3165 3061/1/3061 3060/1/3060 
f 3167/1/3167 3168/1/3168 3165/1/3165 3166/1/3166 
f 2564/1/2564 3165/1/3165 3168/1/3168 2566/1/2566 
f 3060/1/3060 3070/1/3070 3169/1/3169 3166/1/3166 
f 1670/1/1670 3169/1/3169 3070/1/3070 1671/1/1671 
f 3170/1/3170 3169/1/3169 1670/1/1670 1669/1/1669 
f 3166/1/3166 3169/1/3169 3170/1/3170 3167/1/3167 
f 1669/1/1669 3052/1/3052 3171/1/3171 3170/1/3170 
f 3172/1/3172 3171/1/3171 3052/1/3052 3051/1/3051 
f 3173/1/3173 3174/1/3174 3171/1/3171 3172/1/3172 
f 3170/1/3170 3171/1/3171 3174/1/3174 3167/1/3167 
f 2571/1/2571 2568/1/2568 3175/1/3175 3176/1/3176 
f 3168/1/3168 3175/1/3175 2568/1/2568 2566/1/2566 
f 3167/1/3167 3174/1/3174 3175/1/3175 3168/1/3168 
f 3176/1/3176 3175/1/3175 3174/1/3174 3173/1/3173 
f 2575/1/2575 2574/1/2574 3177/1/3177 3059/1/3059 
f 3176/1/3176 3177/1/3177 2574/1/2574 2571/1/2571 
f 3173/1/3173 3178/1/3178 3177/1/3177 3176/1/3176 
f 3059/1/3059 3177/1/3177 3178/1/3178 3048/1/3048 
f 3051/1/3051 3056/1/3056 3179/1/3179 3172/1/3172 
f 3047/1/3047 3179/1/3179 3056/1/3056 3039/1/3039 
f 3048/1/3048 3178/1/3178 3179/1/3179 3047/1/3047 
f 3172/1/3172 3179/1/3179 3178/1/3178 3173/1/3173 
f 2390/1/2390 2396/1/2396 3180/1/3180 3181/1/3181 
f 2415/1/2415 3180/1/3180 2396/1/2396 2395/1/2395 
f 2404/1/2404 3182/1/3182 3180/1/3180 2415/1/2415 
f 3182/1/3182 3183/1/3183 3181/1/3181 
f 3184/1/3184 3185/1/3185 3186/1/3186 3187/1/3187 
f 3183/1/3183 3182/1/3182 3186/1/3186 3185/1/3185 
f 2403/1/2403 3186/1/3186 3182/1/3182 2404/1/2404 
f 3187/1/3187 3186/1/3186 2403/1/2403 2200/1/2200 
f 3188/1/3188 3189/1/3189 3190/1/3190 3191/1/3191 
f 3187/1/3187 3190/1/3190 3189/1/3189 3184/1/3184 
f 2200/1/2200 2199/1/2199 3190/1/3190 3187/1/3187 
f 3191/1/3191 3190/1/3190 2199/1/2199 2198/1/2198 
f 3192/1/3192 3188/1/3188 3191/1/3191 3193/1/3193 
f 3191/1/3191 2198/1/2198 2201/1/2201 3193/1/3193 
f 2204/1/2204 3194/1/3194 3193/1/3193 2201/1/2201 
f 3192/1/3192 3193/1/3193 3194/1/3194 3195/1/3195 
f 3195/1/3195 3194/1/3194 3196/1/3196 3197/1/3197 
f 2206/1/2206 3196/1/3196 3194/1/3194 2204/1/2204 
f 2208/1/2208 3198/1/3198 3196/1/3196 2206/1/2206 
f 3197/1/3197 3196/1/3196 3198/1/3198 3199/1/3199 
f 3200/1/3200 3201/1/3201 3202/1/3202 3203/1/3203 
f 3198/1/3198 3202/1/3202 3201/1/3201 3199/1/3199 
f 2208/1/2208 2212/1/2212 3202/1/3202 3198/1/3198 
f 3203/1/3203 3202/1/3202 2212/1/2212 2211/1/2211 
f 3203/1/3203 3204/1/3204 3205/1/3205 3200/1/3200 
f 2211/1/2211 2216/1/2216 3204/1/3204 3203/1/3203 
f 2216/1/2216 2215/1/2215 3206/1/3206 3204/1/3204 
f 3205/1/3205 3204/1/3204 3206/1/3206 3207/1/3207 
f 2365/1/2365 2370/1/2370 3208/1/3208 3209/1/3209 
f 2380/1/2380 3208/1/3208 2370/1/2370 2369/1/2369 
f 2382/1/2382 3210/1/3210 3208/1/3208 2380/1/2380 
f 3209/1/3209 3208/1/3208 3210/1/3210 3211/1/3211 
f 3207/1/3207 3206/1/3206 3212/1/3212 3213/1/3213 
f 2366/1/2366 3212/1/3212 3206/1/3206 2215/1/2215 
f 3209/1/3209 3212/1/3212 2366/1/2366 2365/1/2365 
f 3213/1/3213 3212/1/3212 3209/1/3209 3211/1/3211 
f 2390/1/2390 3181/1/3181 3214/1/3214 2388/1/2388 
f 3181/1/3181 3183/1/3183 3215/1/3215 
f 3214/1/3214 3215/1/3215 3211/1/3211 
f 3210/1/3210 2382/1/2382 2388/1/2388 
f 3216/1/3216 3217/1/3217 3218/1/3218 3219/1/3219 
f 3220/1/3220 3221/1/3221 3218/1/3218 3217/1/3217 
f 3221/1/3221 3183/1/3183 3185/1/3185 
f 3219/1/3219 3218/1/3218 3185/1/3185 3184/1/3184 
f 3216/1/3216 3219/1/3219 3222/1/3222 3223/1/3223 
f 3184/1/3184 3189/1/3189 3222/1/3222 3219/1/3219 
f 3188/1/3188 3224/1/3224 3222/1/3222 3189/1/3189 
f 3223/1/3223 3222/1/3222 3224/1/3224 3225/1/3225 
f 3225/1/3225 3224/1/3224 3226/1/3226 3227/1/3227 
f 3192/1/3192 3226/1/3226 3224/1/3224 3188/1/3188 
f 3195/1/3195 3228/1/3228 3226/1/3226 3192/1/3192 
f 3227/1/3227 3226/1/3226 3228/1/3228 3229/1/3229 
f 3229/1/3229 3228/1/3228 3230/1/3230 3231/1/3231 
f 3197/1/3197 3230/1/3230 3228/1/3228 3195/1/3195 
f 3232/1/3232 3230/1/3230 3197/1/3197 3199/1/3199 
f 3232/1/3232 3233/1/3233 3231/1/3231 3230/1/3230 
f 3234/1/3234 3235/1/3235 3236/1/3236 3237/1/3237 
f 3232/1/3232 3236/1/3236 3235/1/3235 3233/1/3233 
f 3199/1/3199 3201/1/3201 3236/1/3236 3232/1/3232 
f 3237/1/3237 3236/1/3236 3201/1/3201 3200/1/3200 
f 3216/1/3216 3223/1/3223 3238/1/3238 3239/1/3239 
f 3223/1/3223 3225/1/3225 3240/1/3240 3238/1/3238 
f 3241/1/3241 3242/1/3242 3238/1/3238 3240/1/3240 
f 3239/1/3239 3238/1/3238 3242/1/3242 3243/1/3243 
f 3241/1/3241 3240/1/3240 3244/1/3244 3245/1/3245 
f 3227/1/3227 3244/1/3244 3240/1/3240 3225/1/3225 
f 3229/1/3229 3246/1/3246 3244/1/3244 3227/1/3227 
f 3247/1/3247 3245/1/3245 3244/1/3244 3246/1/3246 
f 3248/1/3248 3249/1/3249 3250/1/3250 3251/1/3251 
f 3237/1/3237 3250/1/3250 3249/1/3249 3234/1/3234 
f 3200/1/3200 3205/1/3205 3250/1/3250 3237/1/3237 
f 3251/1/3251 3250/1/3250 3205/1/3205 3207/1/3207 
f 3247/1/3247 3246/1/3246 3252/1/3252 3253/1/3253 
f 3231/1/3231 3252/1/3252 3246/1/3246 3229/1/3229 
f 3233/1/3233 3254/1/3254 3252/1/3252 3231/1/3231 
f 3255/1/3255 3253/1/3253 3252/1/3252 3254/1/3254 
f 3243/1/3243 3242/1/3242 3256/1/3256 3257/1/3257 
f 3245/1/3245 3256/1/3256 3242/1/3242 3241/1/3241 
f 3247/1/3247 3253/1/3253 3256/1/3256 3245/1/3245 
f 3257/1/3257 3256/1/3256 3253/1/3253 3255/1/3255 
f 3258/1/3258 3259/1/3259 3260/1/3260 3261/1/3261 
f 3257/1/3257 3260/1/3260 3259/1/3259 3243/1/3243 
f 3255/1/3255 3262/1/3262 3260/1/3260 3257/1/3257 
f 3261/1/3261 3260/1/3260 3262/1/3262 3263/1/3263 
f 3233/1/3233 3235/1/3235 3264/1/3264 3254/1/3254 
f 3265/1/3265 3264/1/3264 3235/1/3235 3234/1/3234 
f 3263/1/3263 3262/1/3262 3264/1/3264 3265/1/3265 
f 3254/1/3254 3264/1/3264 3262/1/3262 3255/1/3255 
f 3266/1/3266 3267/1/3267 3268/1/3268 3269/1/3269 
f 3215/1/3215 3268/1/3268 3267/1/3267 3211/1/3211 
f 3268/1/3268 3215/1/3215 3183/1/3183 
f 3221/1/3221 3220/1/3220 3269/1/3269 
f 3217/1/3217 3270/1/3270 3271/1/3271 3220/1/3220 
f 3239/1/3239 3270/1/3270 3217/1/3217 3216/1/3216 
f 3243/1/3243 3259/1/3259 3270/1/3270 3239/1/3239 
f 3271/1/3271 3270/1/3270 3259/1/3259 3258/1/3258 
f 3267/1/3267 3266/1/3266 3272/1/3272 
f 3272/1/3272 3248/1/3248 3251/1/3251 
f 3251/1/3251 3207/1/3207 3213/1/3213 
f 3213/1/3213 3211/1/3211 3267/1/3267 
f 3273/1/3273 3274/1/3274 3275/1/3275 3276/1/3276 
f 3272/1/3272 3275/1/3275 3274/1/3274 3248/1/3248 
f 3266/1/3266 3277/1/3277 3275/1/3275 3272/1/3272 
f 3276/1/3276 3275/1/3275 3277/1/3277 3258/1/3258 
f 3271/1/3271 3258/1/3258 3277/1/3277 
f 3269/1/3269 3278/1/3278 3277/1/3277 3266/1/3266 
f 3220/1/3220 3271/1/3271 3278/1/3278 3269/1/3269 
f 3263/1/3263 3279/1/3279 3280/1/3280 3261/1/3261 
f 3276/1/3276 3280/1/3280 3279/1/3279 3273/1/3273 
f 3261/1/3261 3280/1/3280 3276/1/3276 3258/1/3258 
f 3234/1/3234 3249/1/3249 3281/1/3281 3265/1/3265 
f 3274/1/3274 3281/1/3281 3249/1/3249 3248/1/3248 
f 3273/1/3273 3279/1/3279 3281/1/3281 3274/1/3274 
f 3265/1/3265 3281/1/3281 3279/1/3279 3263/1/3263 
f 3282/1/3282 3283/1/3283 3284/1/3284 3285/1/3285 
f 3286/1/3286 3283/1/3283 3282/1/3282 3287/1/3287 
f 1/1/1 22/1/22 3283/1/3283 3286/1/3286 
f 3283/1/3283 22/1/22 25/1/25 
f 3285/1/3285 3284/1/3284 3288/1/3288 3289/1/3289 
f 42/1/42 3288/1/3288 3284/1/3284 25/1/25 
f 34/1/34 33/1/33 3288/1/3288 42/1/42 
f 3289/1/3289 3288/1/3288 33/1/33 32/1/32 
f 49/1/49 45/1/45 3290/1/3290 3291/1/3291 
f 3292/1/3292 3290/1/3290 45/1/45 44/1/44 
f 3293/1/3293 3290/1/3290 3292/1/3292 3294/1/3294 
f 3291/1/3291 3290/1/3290 3293/1/3293 3295/1/3295 
f 3293/1/3293 3296/1/3296 3297/1/3297 3295/1/3295 
f 3294/1/3294 3298/1/3298 3296/1/3296 3293/1/3293 
f 3299/1/3299 3296/1/3296 3298/1/3298 3300/1/3300 
f 3301/1/3301 3297/1/3297 3296/1/3296 3299/1/3299 
f 3300/1/3300 3302/1/3302 3303/1/3303 3299/1/3299 
f 30/1/30 3303/1/3303 3302/1/3302 32/1/32 
f 31/1/31 3304/1/3304 3303/1/3303 30/1/30 
f 3299/1/3299 3303/1/3303 3304/1/3304 3301/1/3301 
f 1794/1/1794 1793/1/1793 3305/1/3305 3306/1/3306 
f 3307/1/3307 3305/1/3305 1793/1/1793 1798/1/1798 
f 3308/1/3308 3309/1/3309 3305/1/3305 3307/1/3307 
f 3310/1/3310 3306/1/3306 3305/1/3305 3309/1/3309 
f 2461/1/2461 2456/1/2456 3311/1/3311 3312/1/3312 
f 2456/1/2456 2459/1/2459 2643/1/2643 
f 2644/1/2644 3313/1/3313 3311/1/3311 2643/1/2643 
f 3312/1/3312 3311/1/3311 3313/1/3313 3314/1/3314 
f 3314/1/3314 3313/1/3313 3315/1/3315 3316/1/3316 
f 3317/1/3317 3315/1/3315 3313/1/3313 2644/1/2644 
f 3318/1/3318 3315/1/3315 3317/1/3317 3319/1/3319 
f 3320/1/3320 3316/1/3316 3315/1/3315 3318/1/3318 
f 3307/1/3307 3321/1/3321 3322/1/3322 3308/1/3308 
f 1798/1/1798 2274/1/2274 3321/1/3321 3307/1/3307 
f 3323/1/3323 3321/1/3321 2274/1/2274 2272/1/2272 
f 3324/1/3324 3322/1/3322 3321/1/3321 3323/1/3323 
f 3319/1/3319 3325/1/3325 3326/1/3326 3318/1/3318 
f 3309/1/3309 3326/1/3326 3325/1/3325 3310/1/3310 
f 3308/1/3308 3327/1/3327 3326/1/3326 3309/1/3309 
f 3318/1/3318 3326/1/3326 3327/1/3327 3320/1/3320 
f 2272/1/2272 2271/1/2271 3328/1/3328 3323/1/3323 
f 1804/1/1804 1800/1/1800 3328/1/3328 2271/1/2271 
f 1799/1/1799 3329/1/3329 3328/1/3328 1800/1/1800 
f 3323/1/3323 3328/1/3328 3329/1/3329 3324/1/3324 
f 3330/1/3330 3331/1/3331 3332/1/3332 3333/1/3333 
f 3334/1/3334 2478/1/2478 3332/1/3332 3331/1/3331 
f 2477/1/2477 3335/1/3335 3332/1/3332 2478/1/2478 
f 3332/1/3332 3335/1/3335 3336/1/3336 
f 3337/1/3337 3338/1/3338 3339/1/3339 3340/1/3340 
f 1802/1/1802 3338/1/3338 3337/1/3337 1799/1/1799 
f 60/1/60 3341/1/3341 3338/1/3338 1802/1/1802 
f 3339/1/3339 3338/1/3338 3341/1/3341 3342/1/3342 
f 3343/1/3343 3344/1/3344 3345/1/3345 
f 3333/1/3333 3343/1/3343 3346/1/3346 3330/1/3330 
f 3343/1/3343 3333/1/3333 3336/1/3336 
f 3344/1/3344 3343/1/3343 3347/1/3347 3348/1/3348 
f 3347/1/3347 3349/1/3349 3350/1/3350 3348/1/3348 
f 3351/1/3351 3349/1/3349 3347/1/3347 3336/1/3336 
f 3340/1/3340 3339/1/3339 3349/1/3349 3351/1/3351 
f 3342/1/3342 3350/1/3350 3349/1/3349 3339/1/3339 
f 3342/1/3342 3341/1/3341 3352/1/3352 3353/1/3353 
f 63/1/63 3352/1/3352 3341/1/3341 60/1/60 
f 68/1/68 3354/1/3354 3352/1/3352 63/1/63 
f 3354/1/3354 3355/1/3355 3353/1/3353 
f 3356/1/3356 3357/1/3357 3358/1/3358 3359/1/3359 
f 3345/1/3345 3344/1/3344 3357/1/3357 3356/1/3356 
f 3348/1/3348 3360/1/3360 3357/1/3357 3344/1/3344 
f 3357/1/3357 3360/1/3360 3361/1/3361 
f 3360/1/3360 3362/1/3362 3363/1/3363 3361/1/3361 
f 3348/1/3348 3350/1/3350 3362/1/3362 3360/1/3360 
f 3353/1/3353 3362/1/3362 3350/1/3350 3342/1/3342 
f 3362/1/3362 3353/1/3353 3355/1/3355 
f 3355/1/3355 3354/1/3354 3364/1/3364 3365/1/3365 
f 2259/1/2259 3364/1/3364 3354/1/3354 68/1/68 
f 2262/1/2262 3366/1/3366 3364/1/3364 2259/1/2259 
f 3365/1/3365 3364/1/3364 3366/1/3366 3367/1/3367 
f 3368/1/3368 3369/1/3369 3370/1/3370 3371/1/3371 
f 3358/1/3358 3369/1/3369 3368/1/3368 3359/1/3359 
f 3358/1/3358 3361/1/3361 3372/1/3372 
f 3373/1/3373 3370/1/3370 3369/1/3369 3372/1/3372 
f 3372/1/3372 3374/1/3374 3375/1/3375 3373/1/3373 
f 3361/1/3361 3363/1/3363 3374/1/3374 3372/1/3372 
f 3365/1/3365 3374/1/3374 3363/1/3363 3355/1/3355 
f 3367/1/3367 3375/1/3375 3374/1/3374 3365/1/3365 
f 3367/1/3367 3366/1/3366 3376/1/3376 3377/1/3377 
f 2267/1/2267 3376/1/3376 3366/1/3366 2262/1/2262 
f 2268/1/2268 3378/1/3378 3376/1/3376 2267/1/2267 
f 3377/1/3377 3376/1/3376 3378/1/3378 3379/1/3379 
f 2268/1/2268 2265/1/2265 3380/1/3380 3381/1/3381 
f 1788/1/1788 3380/1/3380 2265/1/2265 1790/1/1790 
f 1789/1/1789 3382/1/3382 3380/1/3380 1788/1/1788 
f 3383/1/3383 3381/1/3381 3380/1/3380 3382/1/3382 
f 3384/1/3384 3385/1/3385 3386/1/3386 
f 3387/1/3387 3386/1/3386 3371/1/3371 
f 3388/1/3388 3387/1/3387 3370/1/3370 3373/1/3373 
f 3389/1/3389 3384/1/3384 3387/1/3387 3388/1/3388 
f 3388/1/3388 3390/1/3390 3391/1/3391 3389/1/3389 
f 3373/1/3373 3375/1/3375 3390/1/3390 3388/1/3388 
f 3377/1/3377 3390/1/3390 3375/1/3375 3367/1/3367 
f 3379/1/3379 3391/1/3391 3390/1/3390 3377/1/3377 
f 3389/1/3389 3392/1/3392 3393/1/3393 3384/1/3384 
f 2469/1/2469 3393/1/3393 3392/1/3392 2467/1/2467 
f 3393/1/3393 2469/1/2469 2466/1/2466 
f 3384/1/3384 3393/1/3393 3394/1/3394 3385/1/3385 
f 3395/1/3395 3396/1/3396 3397/1/3397 3398/1/3398 
f 3379/1/3379 3378/1/3378 3397/1/3397 3396/1/3396 
f 3381/1/3381 3397/1/3397 3378/1/3378 2268/1/2268 
f 3398/1/3398 3397/1/3397 3381/1/3381 3383/1/3383 
f 3399/1/3399 3400/1/3400 3396/1/3396 3395/1/3395 
f 2467/1/2467 3392/1/3392 3400/1/3400 3399/1/3399 
f 3389/1/3389 3391/1/3391 3400/1/3400 3392/1/3392 
f 3396/1/3396 3400/1/3400 3391/1/3391 3379/1/3379 
f 3382/1/3382 3401/1/3401 3402/1/3402 3383/1/3383 
f 1789/1/1789 2658/1/2658 3401/1/3401 3382/1/3382 
f 3403/1/3403 3401/1/3401 2658/1/2658 2657/1/2657 
f 3404/1/3404 3402/1/3402 3401/1/3401 3403/1/3403 
f 3405/1/3405 3406/1/3406 3407/1/3407 3408/1/3408 
f 3398/1/3398 3407/1/3407 3406/1/3406 3395/1/3395 
f 3383/1/3383 3402/1/3402 3407/1/3407 3398/1/3398 
f 3408/1/3408 3407/1/3407 3402/1/3402 3404/1/3404 
f 3409/1/3409 3410/1/3410 3406/1/3406 3405/1/3405 
f 2470/1/2470 2468/1/2468 3410/1/3410 3409/1/3409 
f 3399/1/3399 3410/1/3410 2468/1/2468 2467/1/2467 
f 3395/1/3395 3406/1/3406 3410/1/3410 3399/1/3399 
f 3411/1/3411 3412/1/3412 3413/1/3413 3414/1/3414 
f 69/1/69 72/1/72 3412/1/3412 3411/1/3411 
f 77/1/77 3415/1/3415 3412/1/3412 72/1/72 
f 3413/1/3413 3412/1/3412 3415/1/3415 3416/1/3416 
f 3417/1/3417 3418/1/3418 3419/1/3419 3420/1/3420 
f 3421/1/3421 3419/1/3419 3418/1/3418 3422/1/3422 
f 3414/1/3414 3413/1/3413 3419/1/3419 3421/1/3421 
f 3420/1/3420 3419/1/3419 3413/1/3413 3416/1/3416 
f 3423/1/3423 3424/1/3424 3418/1/3418 3417/1/3417 
f 2487/1/2487 2485/1/2485 3424/1/3424 3423/1/3423 
f 3425/1/3425 3424/1/3424 2485/1/2485 2484/1/2484 
f 3422/1/3422 3418/1/3418 3424/1/3424 3425/1/3425 
f 3416/1/3416 3415/1/3415 3426/1/3426 3427/1/3427 
f 94/1/94 3426/1/3426 3415/1/3415 77/1/77 
f 95/1/95 3428/1/3428 3426/1/3426 94/1/94 
f 3427/1/3427 3426/1/3426 3428/1/3428 3429/1/3429 
f 3430/1/3430 3431/1/3431 3432/1/3432 3433/1/3433 
f 3420/1/3420 3432/1/3432 3431/1/3431 3417/1/3417 
f 3416/1/3416 3427/1/3427 3432/1/3432 3420/1/3420 
f 3427/1/3427 3429/1/3429 3433/1/3433 
f 3434/1/3434 3435/1/3435 3436/1/3436 3437/1/3437 
f 3435/1/3435 710/1/710 715/1/715 
f 716/1/716 2517/1/2517 3436/1/3436 715/1/715 
f 2521/1/2521 3437/1/3437 3436/1/3436 2517/1/2517 
f 3438/1/3438 3439/1/3439 3431/1/3431 3430/1/3430 
f 2495/1/2495 2494/1/2494 3439/1/3439 3438/1/3438 
f 3423/1/3423 3439/1/3439 2494/1/2494 2487/1/2487 
f 3417/1/3417 3431/1/3431 3439/1/3439 3423/1/3423 
f 3434/1/3434 3440/1/3440 3441/1/3441 3435/1/3435 
f 3440/1/3440 3429/1/3429 3428/1/3428 3441/1/3441 
f 709/1/709 3441/1/3441 3428/1/3428 95/1/95 
f 710/1/710 3435/1/3435 3441/1/3441 709/1/709 
f 3442/1/3442 3443/1/3443 3444/1/3444 3445/1/3445 
f 3433/1/3433 3444/1/3444 3443/1/3443 3430/1/3430 
f 3444/1/3444 3433/1/3433 3429/1/3429 
f 3445/1/3445 3444/1/3444 3440/1/3440 3434/1/3434 
f 3446/1/3446 3447/1/3447 3443/1/3443 3442/1/3442 
f 2501/1/2501 2498/1/2498 3447/1/3447 3446/1/3446 
f 3438/1/3438 3447/1/3447 2498/1/2498 2495/1/2495 
f 3430/1/3430 3443/1/3443 3447/1/3447 3438/1/3438 
f 3448/1/3448 2502/1/2502 2500/1/2500 
f 2500/1/2500 2501/1/2501 3449/1/3449 
f 3449/1/3449 3450/1/3450 3451/1/3451 
f 3450/1/3450 3449/1/3449 3452/1/3452 
f 3446/1/3446 3452/1/3452 3449/1/3449 2501/1/2501 
f 3442/1/3442 3453/1/3453 3452/1/3452 3446/1/3446 
f 3454/1/3454 3455/1/3455 3452/1/3452 3453/1/3453 
f 3445/1/3445 3456/1/3456 3453/1/3453 3442/1/3442 
f 3434/1/3434 3437/1/3437 3456/1/3456 3445/1/3445 
f 3457/1/3457 3456/1/3456 3437/1/3437 2521/1/2521 
f 3457/1/3457 3454/1/3454 3453/1/3453 3456/1/3456 
f 3458/1/3458 3459/1/3459 3460/1/3460 
f 3461/1/3461 3459/1/3459 3458/1/3458 
f 3462/1/3462 3451/1/3451 3450/1/3450 
f 2653/1/2653 2655/1/2655 3463/1/3463 3464/1/3464 
f 2655/1/2655 49/1/49 3291/1/3291 
f 3295/1/3295 3465/1/3465 3463/1/3463 3291/1/3291 
f 3464/1/3464 3463/1/3463 3465/1/3465 3466/1/3466 
f 3465/1/3465 3467/1/3467 3468/1/3468 3466/1/3466 
f 3295/1/3295 3297/1/3297 3467/1/3467 3465/1/3465 
f 3469/1/3469 3467/1/3467 3297/1/3297 3301/1/3301 
f 3470/1/3470 3468/1/3468 3467/1/3467 3469/1/3469 
f 3466/1/3466 3471/1/3471 3472/1/3472 3464/1/3464 
f 2642/1/2642 3472/1/3472 3471/1/3471 2639/1/2639 
f 2646/1/2646 2654/1/2654 3472/1/3472 2642/1/2642 
f 3464/1/3464 3472/1/3472 2654/1/2654 2653/1/2653 
f 3473/1/3473 3474/1/3474 3475/1/3475 3476/1/3476 
f 2635/1/2635 3476/1/3476 3475/1/3475 2636/1/2636 
f 2619/1/2619 2618/1/2618 3476/1/3476 2635/1/2635 
f 3473/1/3473 3476/1/3476 2618/1/2618 2623/1/2623 
f 3301/1/3301 3304/1/3304 3477/1/3477 3469/1/3469 
f 2637/1/2637 3477/1/3477 3304/1/3304 31/1/31 
f 2636/1/2636 3478/1/3478 3477/1/3477 2637/1/2637 
f 3469/1/3469 3477/1/3477 3478/1/3478 3470/1/3470 
f 3473/1/3473 2623/1/2623 2632/1/2632 3479/1/3479 
f 3306/1/3306 3479/1/3479 2632/1/2632 1794/1/1794 
f 3306/1/3306 3310/1/3310 3480/1/3480 3479/1/3479 
f 3474/1/3474 3473/1/3473 3479/1/3479 3480/1/3480 
f 3480/1/3480 3481/1/3481 3482/1/3482 3474/1/3474 
f 3310/1/3310 3325/1/3325 3481/1/3481 3480/1/3480 
f 3483/1/3483 3481/1/3481 3325/1/3325 3319/1/3319 
f 3484/1/3484 3482/1/3482 3481/1/3481 3483/1/3483 
f 3485/1/3485 3486/1/3486 3482/1/3482 3484/1/3484 
f 3470/1/3470 3478/1/3478 3486/1/3486 3485/1/3485 
f 3475/1/3475 3486/1/3486 3478/1/3478 2636/1/2636 
f 3474/1/3474 3482/1/3482 3486/1/3486 3475/1/3475 
f 3487/1/3487 3488/1/3488 3489/1/3489 3490/1/3490 
f 3403/1/3403 3489/1/3489 3488/1/3488 3404/1/3404 
f 2657/1/2657 2664/1/2664 3489/1/3489 3403/1/3403 
f 3490/1/3490 3489/1/3489 2664/1/2664 2663/1/2663 
f 3319/1/3319 3317/1/3317 3491/1/3491 3483/1/3483 
f 2644/1/2644 2640/1/2640 3491/1/3491 3317/1/3317 
f 3492/1/3492 3491/1/3491 2640/1/2640 2639/1/2639 
f 3492/1/3492 3484/1/3484 3483/1/3483 3491/1/3491 
f 3485/1/3485 3484/1/3484 3492/1/3492 3493/1/3493 
f 2639/1/2639 3471/1/3471 3493/1/3493 3492/1/3492 
f 3471/1/3471 3466/1/3466 3468/1/3468 3493/1/3493 
f 3485/1/3485 3493/1/3493 3468/1/3468 3470/1/3470 
f 3494/1/3494 3495/1/3495 3496/1/3496 3497/1/3497 
f 3408/1/3408 3496/1/3496 3495/1/3495 3405/1/3405 
f 3404/1/3404 3488/1/3488 3496/1/3496 3408/1/3408 
f 3497/1/3497 3496/1/3496 3488/1/3488 3487/1/3487 
f 3498/1/3498 3499/1/3499 3500/1/3500 3501/1/3501 
f 3110/1/3110 3117/1/3117 3499/1/3499 3498/1/3498 
f 3117/1/3117 3116/1/3116 3502/1/3502 
f 3494/1/3494 3500/1/3500 3499/1/3499 3502/1/3502 
f 3502/1/3502 3503/1/3503 3495/1/3495 3494/1/3494 
f 3503/1/3503 3502/1/3502 3116/1/3116 
f 3409/1/3409 3503/1/3503 3122/1/3122 2470/1/2470 
f 3405/1/3405 3495/1/3495 3503/1/3503 3409/1/3409 
f 3504/1/3504 3505/1/3505 3506/1/3506 3507/1/3507 
f 3490/1/3490 3506/1/3506 3505/1/3505 3487/1/3487 
f 2663/1/2663 2671/1/2671 3506/1/3506 3490/1/3490 
f 3507/1/3507 3506/1/3506 2671/1/2671 2611/1/2611 
f 3501/1/3501 3500/1/3500 3508/1/3508 3509/1/3509 
f 3497/1/3497 3508/1/3508 3500/1/3500 3494/1/3494 
f 3487/1/3487 3505/1/3505 3508/1/3508 3497/1/3497 
f 3509/1/3509 3508/1/3508 3505/1/3505 3504/1/3504 
f 2611/1/2611 2610/1/2610 3510/1/3510 3507/1/3507 
f 3411/1/3411 3510/1/3510 2610/1/2610 69/1/69 
f 3414/1/3414 3511/1/3511 3510/1/3510 3411/1/3411 
f 3507/1/3507 3510/1/3510 3511/1/3511 3504/1/3504 
f 3504/1/3504 3511/1/3511 3512/1/3512 3509/1/3509 
f 3421/1/3421 3512/1/3512 3511/1/3511 3414/1/3414 
f 3422/1/3422 3513/1/3513 3512/1/3512 3421/1/3421 
f 3509/1/3509 3512/1/3512 3513/1/3513 3501/1/3501 
f 3425/1/3425 3514/1/3514 3513/1/3513 3422/1/3422 
f 2484/1/2484 3111/1/3111 3514/1/3514 3425/1/3425 
f 3498/1/3498 3514/1/3514 3111/1/3111 3110/1/3110 
f 3501/1/3501 3513/1/3513 3514/1/3514 3498/1/3498 
f 3515/1/3515 3516/1/3516 3517/1/3517 
f 3294/1/3294 3292/1/3292 3518/1/3518 3517/1/3517 
f 3518/1/3518 3292/1/3292 44/1/44 
f 57/1/57 3515/1/3515 3518/1/3518 
f 3289/1/3289 3519/1/3519 3520/1/3520 3285/1/3285 
f 32/1/32 3302/1/3302 3519/1/3519 3289/1/3289 
f 3521/1/3521 3519/1/3519 3302/1/3302 3300/1/3300 
f 3522/1/3522 3520/1/3520 3519/1/3519 3521/1/3521 
f 57/1/57 53/1/53 3523/1/3523 
f 52/1/52 3524/1/3524 3523/1/3523 53/1/53 
f 3525/1/3525 3523/1/3523 3524/1/3524 3526/1/3526 
f 3525/1/3525 3516/1/3516 3515/1/3515 
f 3521/1/3521 3527/1/3527 3528/1/3528 3522/1/3522 
f 3300/1/3300 3298/1/3298 3527/1/3527 3521/1/3521 
f 3517/1/3517 3527/1/3527 3298/1/3298 3294/1/3294 
f 3516/1/3516 3528/1/3528 3527/1/3527 3517/1/3517 
f 3529/1/3529 3530/1/3530 3531/1/3531 
f 3522/1/3522 3528/1/3528 3529/1/3529 3532/1/3532 
f 3525/1/3525 3529/1/3529 3528/1/3528 3516/1/3516 
f 3525/1/3525 3526/1/3526 3530/1/3530 
f 3533/1/3533 3534/1/3534 3535/1/3535 3536/1/3536 
f 3535/1/3535 3534/1/3534 2506/1/2506 
f 3537/1/3537 3535/1/3535 2509/1/2509 6/1/6 
f 3536/1/3536 3535/1/3535 3537/1/3537 3538/1/3538 
f 3532/1/3532 3531/1/3531 3539/1/3539 
f 3540/1/3540 3539/1/3539 3287/1/3287 
f 3285/1/3285 3520/1/3520 3540/1/3540 3282/1/3282 
f 3532/1/3532 3540/1/3540 3520/1/3520 3522/1/3522 
f 6/1/6 2/1/2 3541/1/3541 3537/1/3537 
f 2/1/2 1/1/1 3286/1/3286 
f 3541/1/3541 3286/1/3286 3287/1/3287 
f 3538/1/3538 3537/1/3537 3541/1/3541 3542/1/3542 
f 3543/1/3543 3544/1/3544 3545/1/3545 3546/1/3546 
f 3531/1/3531 3530/1/3530 3544/1/3544 3543/1/3543 
f 3530/1/3530 3526/1/3526 3547/1/3547 
f 3548/1/3548 3545/1/3545 3544/1/3544 3547/1/3547 
f 3546/1/3546 3545/1/3545 3549/1/3549 3550/1/3550 
f 3551/1/3551 3549/1/3549 3545/1/3545 3548/1/3548 
f 2514/1/2514 3552/1/3552 3549/1/3549 3551/1/3551 
f 3550/1/3550 3549/1/3549 3552/1/3552 3553/1/3553 
f 3553/1/3553 3554/1/3554 3555/1/3555 3550/1/3550 
f 3536/1/3536 3555/1/3555 3554/1/3554 3533/1/3533 
f 3538/1/3538 3556/1/3556 3555/1/3555 3536/1/3536 
f 3550/1/3550 3555/1/3555 3556/1/3556 3546/1/3546 
f 3542/1/3542 3557/1/3557 3556/1/3556 3538/1/3538 
f 3287/1/3287 3539/1/3539 3557/1/3557 3542/1/3542 
f 3543/1/3543 3557/1/3557 3539/1/3539 3531/1/3531 
f 3546/1/3546 3556/1/3556 3557/1/3557 3543/1/3543 
f 3558/1/3558 3336/1/3336 3335/1/3335 
f 2477/1/2477 2475/1/2475 3559/1/3559 3335/1/3335 
f 2475/1/2475 2473/1/2473 3560/1/3560 
f 3561/1/3561 3558/1/3558 3559/1/3559 3560/1/3560 
f 3324/1/3324 3329/1/3329 3562/1/3562 3563/1/3563 
f 3337/1/3337 3562/1/3562 3329/1/3329 1799/1/1799 
f 3340/1/3340 3564/1/3564 3562/1/3562 3337/1/3337 
f 3563/1/3563 3562/1/3562 3564/1/3564 3565/1/3565 
f 3566/1/3566 3560/1/3560 2473/1/2473 
f 2471/1/2471 2461/1/2461 3312/1/3312 
f 3314/1/3314 3567/1/3567 3566/1/3566 3312/1/3312 
f 3560/1/3560 3566/1/3566 3567/1/3567 3561/1/3561 
f 3561/1/3561 3567/1/3567 3568/1/3568 3569/1/3569 
f 3316/1/3316 3568/1/3568 3567/1/3567 3314/1/3314 
f 3320/1/3320 3570/1/3570 3568/1/3568 3316/1/3316 
f 3569/1/3569 3568/1/3568 3570/1/3570 3565/1/3565 
f 3565/1/3565 3564/1/3564 3571/1/3571 3569/1/3569 
f 3351/1/3351 3571/1/3571 3564/1/3564 3340/1/3340 
f 3336/1/3336 3558/1/3558 3571/1/3571 3351/1/3351 
f 3569/1/3569 3571/1/3571 3558/1/3558 3561/1/3561 
f 3565/1/3565 3570/1/3570 3572/1/3572 3563/1/3563 
f 3320/1/3320 3327/1/3327 3572/1/3572 3570/1/3570 
f 3308/1/3308 3322/1/3322 3572/1/3572 3327/1/3327 
f 3563/1/3563 3572/1/3572 3322/1/3322 3324/1/3324 
f 2513/1/2513 2512/1/2512 3573/1/3573 3574/1/3574 
f 3575/1/3575 3574/1/3574 3573/1/3573 3576/1/3576 
f 3457/1/3457 3577/1/3577 3578/1/3578 3454/1/3454 
f 2521/1/2521 2520/1/2520 3577/1/3577 3457/1/3457 
f 2519/1/2519 3579/1/3579 3577/1/3577 2520/1/2520 
f 3578/1/3578 3577/1/3577 3579/1/3579 3580/1/3580 
f 3553/1/3553 3552/1/3552 3581/1/3581 3582/1/3582 
f 2510/1/2510 3581/1/3581 3552/1/3552 2514/1/2514 
f 2513/1/2513 3583/1/3583 3581/1/3581 2510/1/2510 
f 3582/1/3582 3581/1/3581 3583/1/3583 3584/1/3584 
f 3585/1/3585 3586/1/3586 3587/1/3587 
f 3533/1/3533 3554/1/3554 3588/1/3588 3587/1/3587 
f 3582/1/3582 3588/1/3588 3554/1/3554 3553/1/3553 
f 3584/1/3584 3585/1/3585 3588/1/3588 3582/1/3582 
f 2519/1/2519 2518/1/2518 3589/1/3589 3590/1/3590 
f 2518/1/2518 2506/1/2506 3534/1/3534 
f 3589/1/3589 3534/1/3534 3533/1/3533 
f 3590/1/3590 3589/1/3589 3587/1/3587 3586/1/3586 
f 3461/1/3461 3591/1/3591 3592/1/3592 3459/1/3459 
f 3461/1/3461 3450/1/3450 3455/1/3455 
f 3578/1/3578 3591/1/3591 3455/1/3455 3454/1/3454 
f 3580/1/3580 3592/1/3592 3591/1/3591 3578/1/3578 
f 3593/1/3593 3594/1/3594 3575/1/3575 
f 3460/1/3460 3459/1/3459 3594/1/3594 
f 3595/1/3595 3596/1/3596 3597/1/3597 3598/1/3598 
f 3584/1/3584 3583/1/3583 3596/1/3596 3595/1/3595 
f 3574/1/3574 3596/1/3596 3583/1/3583 2513/1/2513 
f 3575/1/3575 3597/1/3597 3596/1/3596 3574/1/3574 
f 3575/1/3575 3594/1/3594 3599/1/3599 3597/1/3597 
f 3592/1/3592 3599/1/3599 3594/1/3594 3459/1/3459 
f 3592/1/3592 3580/1/3580 3600/1/3600 3599/1/3599 
f 3598/1/3598 3597/1/3597 3599/1/3599 3600/1/3600 
f 3585/1/3585 3601/1/3601 3602/1/3602 3586/1/3586 
f 3595/1/3595 3601/1/3601 3585/1/3585 3584/1/3584 
f 3598/1/3598 3602/1/3602 3601/1/3601 3595/1/3595 
f 3580/1/3580 3579/1/3579 3603/1/3603 3600/1/3600 
f 3590/1/3590 3603/1/3603 3579/1/3579 2519/1/2519 
f 3586/1/3586 3602/1/3602 3603/1/3603 3590/1/3590 
f 3600/1/3600 3603/1/3603 3602/1/3602 3598/1/3598 
f 21/1/21 19/1/19 18/1/18 
f 66/1/66 67/1/67 62/1/62 
f 114/1/114 113/1/113 115/1/115 
f 116/1/116 115/1/115 121/1/121 
f 126/1/126 125/1/125 19/1/19 
f 110/1/110 112/1/112 133/1/133 
f 134/1/134 133/1/133 112/1/112 
f 152/1/152 155/1/155 150/1/150 
f 158/1/158 160/1/160 156/1/156 
f 167/1/167 168/1/168 164/1/164 
f 165/1/165 164/1/164 168/1/168 
f 244/1/244 245/1/245 242/1/242 
f 247/1/247 242/1/242 245/1/245 
f 242/1/242 248/1/248 250/1/250 
f 213/1/213 300/1/300 299/1/299 
f 212/1/212 302/1/302 300/1/300 
f 327/1/327 328/1/328 325/1/325 
f 248/1/248 346/1/346 347/1/347 
f 298/1/298 301/1/301 357/1/357 
f 379/1/379 402/1/402 400/1/400 
f 404/1/404 407/1/407 405/1/405 
f 419/1/419 418/1/418 417/1/417 
f 416/1/416 439/1/439 442/1/442 
f 455/1/455 457/1/457 453/1/453 
f 463/1/463 465/1/465 466/1/466 
f 481/1/481 482/1/482 479/1/479 
f 484/1/484 456/1/456 458/1/458 
f 513/1/513 514/1/514 510/1/510 
f 526/1/526 524/1/524 523/1/523 
f 519/1/519 527/1/527 524/1/524 
f 525/1/525 524/1/524 527/1/527 
f 520/1/520 542/1/542 541/1/541 
f 515/1/515 514/1/514 542/1/542 
f 541/1/541 542/1/542 514/1/514 
f 549/1/549 551/1/551 547/1/547 
f 548/1/548 547/1/547 553/1/553 
f 554/1/554 553/1/553 555/1/555 
f 556/1/556 555/1/555 482/1/482 
f 485/1/485 557/1/557 556/1/556 
f 558/1/558 557/1/557 559/1/559 
f 517/1/517 561/1/561 457/1/457 
f 560/1/560 562/1/562 563/1/563 
f 577/1/577 578/1/578 575/1/575 
f 579/1/579 581/1/581 575/1/575 
f 590/1/590 587/1/587 586/1/586 
f 591/1/591 592/1/592 587/1/587 
f 598/1/598 595/1/595 594/1/594 
f 608/1/608 607/1/607 548/1/548 
f 613/1/613 614/1/614 611/1/611 
f 613/1/613 612/1/612 619/1/619 
f 580/1/580 581/1/581 621/1/621 
f 622/1/622 621/1/621 581/1/581 
f 624/1/624 621/1/621 622/1/622 
f 643/1/643 641/1/641 640/1/640 
f 632/1/632 631/1/631 647/1/647 
f 604/1/604 640/1/640 647/1/647 
f 648/1/648 656/1/656 637/1/637 
f 653/1/653 659/1/659 660/1/660 
f 636/1/636 660/1/660 659/1/659 
f 654/1/654 657/1/657 662/1/662 
f 642/1/642 662/1/662 657/1/657 
f 646/1/646 650/1/650 662/1/662 
f 661/1/661 662/1/662 650/1/650 
f 687/1/687 685/1/685 216/1/216 
f 688/1/688 686/1/686 685/1/685 
f 298/1/298 358/1/358 695/1/695 
f 693/1/693 698/1/698 697/1/697 
f 687/1/687 697/1/697 698/1/698 
f 217/1/217 299/1/299 697/1/697 
f 694/1/694 697/1/697 299/1/299 
f 706/1/706 720/1/720 721/1/721 
f 785/1/785 791/1/791 790/1/790 
f 509/1/509 830/1/830 512/1/512 
f 506/1/506 832/1/832 830/1/830 
f 506/1/506 505/1/505 839/1/839 
f 844/1/844 845/1/845 842/1/842 
f 846/1/846 842/1/842 845/1/845 
f 847/1/847 848/1/848 842/1/842 
f 843/1/843 842/1/842 848/1/848 
f 851/1/851 850/1/850 854/1/854 
f 888/1/888 889/1/889 886/1/886 
f 885/1/885 890/1/890 886/1/886 
f 814/1/814 912/1/912 911/1/911 
f 916/1/916 920/1/920 919/1/919 
f 914/1/914 913/1/913 919/1/919 
f 895/1/895 897/1/897 922/1/922 
f 923/1/923 922/1/922 924/1/924 
f 891/1/891 890/1/890 926/1/926 
f 893/1/893 926/1/926 890/1/890 
f 927/1/927 926/1/926 923/1/923 
f 929/1/929 928/1/928 927/1/927 
f 932/1/932 935/1/935 930/1/930 
f 934/1/934 935/1/935 932/1/932 
f 925/1/925 930/1/930 935/1/935 
f 939/1/939 940/1/940 936/1/936 
f 924/1/924 945/1/945 938/1/938 
f 959/1/959 967/1/967 966/1/966 
f 452/1/452 969/1/969 968/1/968 
f 964/1/964 967/1/967 968/1/968 
f 970/1/970 969/1/969 452/1/452 
f 391/1/391 972/1/972 975/1/975 
f 991/1/991 990/1/990 932/1/932 
f 1000/1/1000 1001/1/1001 999/1/999 
f 931/1/931 937/1/937 1001/1/1001 
f 996/1/996 1006/1/1006 586/1/586 
f 577/1/577 584/1/584 1007/1/1007 
f 997/1/997 1007/1/1007 1005/1/1005 
f 1023/1/1023 1022/1/1022 1024/1/1024 
f 1025/1/1025 1027/1/1027 1026/1/1026 
f 981/1/981 1026/1/1026 1027/1/1027 
f 980/1/980 994/1/994 1026/1/1026 
f 1023/1/1023 1026/1/1026 994/1/994 
f 1030/1/1030 1028/1/1028 1024/1/1024 
f 246/1/246 245/1/245 1085/1/1085 
f 1087/1/1087 1085/1/1085 245/1/245 
f 1086/1/1086 1085/1/1085 1089/1/1089 
f 1116/1/1116 1115/1/1115 1117/1/1117 
f 1126/1/1126 1123/1/1123 1122/1/1122 
f 1127/1/1127 1128/1/1128 1123/1/1123 
f 1124/1/1124 1123/1/1123 1128/1/1128 
f 1157/1/1157 1158/1/1158 1154/1/1154 
f 1162/1/1162 1164/1/1164 1160/1/1160 
f 1166/1/1166 1167/1/1167 1164/1/1164 
f 1159/1/1159 1158/1/1158 1169/1/1169 
f 1172/1/1172 1174/1/1174 1169/1/1169 
f 1173/1/1173 1174/1/1174 1175/1/1175 
f 1177/1/1177 1175/1/1175 1174/1/1174 
f 1168/1/1168 1176/1/1176 1175/1/1175 
f 1180/1/1180 1183/1/1183 1182/1/1182 
f 1181/1/1181 1182/1/1182 1186/1/1186 
f 1170/1/1170 1186/1/1186 1182/1/1182 
f 1187/1/1187 1186/1/1186 1170/1/1170 
f 1173/1/1173 1176/1/1176 1188/1/1188 
f 1189/1/1189 1188/1/1188 1176/1/1176 
f 1187/1/1187 1188/1/1188 1191/1/1191 
f 618/1/618 1198/1/1198 606/1/606 
f 1214/1/1214 1213/1/1213 1212/1/1212 
f 1214/1/1214 1215/1/1215 651/1/651 
f 1200/1/1200 1215/1/1215 1214/1/1214 
f 1184/1/1184 1191/1/1191 1216/1/1216 
f 1229/1/1229 1227/1/1227 1222/1/1222 
f 1270/1/1270 1269/1/1269 1271/1/1271 
f 1273/1/1273 1260/1/1260 1259/1/1259 
f 1274/1/1274 1273/1/1273 1275/1/1275 
f 1279/1/1279 1280/1/1280 1277/1/1277 
f 1274/1/1274 1277/1/1277 1280/1/1280 
f 1276/1/1276 1281/1/1281 1277/1/1277 
f 1290/1/1290 1292/1/1292 1288/1/1288 
f 1272/1/1272 1290/1/1290 1289/1/1289 
f 1291/1/1291 1290/1/1290 1272/1/1272 
f 1292/1/1292 1290/1/1290 1291/1/1291 
f 878/1/878 1293/1/1293 1117/1/1117 
f 1291/1/1291 1293/1/1293 1294/1/1294 
f 1286/1/1286 1299/1/1299 1298/1/1298 
f 1268/1/1268 1298/1/1298 1299/1/1299 
f 1279/1/1279 1296/1/1296 1306/1/1306 
f 1307/1/1307 1310/1/1310 1280/1/1280 
f 1313/1/1313 1312/1/1312 1309/1/1309 
f 1331/1/1331 1329/1/1329 1328/1/1328 
f 1325/1/1325 1336/1/1336 1334/1/1334 
f 1331/1/1331 1346/1/1346 1344/1/1344 
f 1330/1/1330 1348/1/1348 1346/1/1346 
f 1366/1/1366 1369/1/1369 1375/1/1375 
f 1381/1/1381 1384/1/1384 1388/1/1388 
f 1391/1/1391 1404/1/1404 1403/1/1403 
f 1405/1/1405 1404/1/1404 1406/1/1406 
f 1168/1/1168 1167/1/1167 1422/1/1422 
f 1166/1/1166 1401/1/1401 1424/1/1424 
f 1190/1/1190 1421/1/1421 1429/1/1429 
f 1431/1/1431 1432/1/1432 1429/1/1429 
f 1435/1/1435 1436/1/1436 1433/1/1433 
f 609/1/609 1438/1/1438 1437/1/1437 
f 1440/1/1440 1438/1/1438 609/1/609 
f 1431/1/1431 1439/1/1439 1438/1/1438 
f 1441/1/1441 1442/1/1442 1436/1/1436 
f 1419/1/1419 1439/1/1439 1442/1/1442 
f 610/1/610 1199/1/1199 1443/1/1443 
f 1210/1/1210 1432/1/1432 1443/1/1443 
f 1411/1/1411 1441/1/1441 1444/1/1444 
f 1425/1/1425 1446/1/1446 1434/1/1434 
f 1400/1/1400 1408/1/1408 1446/1/1446 
f 1445/1/1445 1446/1/1446 1408/1/1408 
f 1415/1/1415 1449/1/1449 1448/1/1448 
f 1387/1/1387 1453/1/1453 1451/1/1451 
f 1454/1/1454 1459/1/1459 1457/1/1457 
f 1461/1/1461 1386/1/1386 1385/1/1385 
f 1499/1/1499 1500/1/1500 1496/1/1496 
f 1497/1/1497 1496/1/1496 1500/1/1500 
f 1501/1/1501 1505/1/1505 1504/1/1504 
f 1507/1/1507 1504/1/1504 1505/1/1505 
f 1521/1/1521 1520/1/1520 1522/1/1522 
f 1417/1/1417 1448/1/1448 1524/1/1524 
f 1513/1/1513 1524/1/1524 1448/1/1448 
f 1537/1/1537 1539/1/1539 1535/1/1535 
f 1534/1/1534 1533/1/1533 1557/1/1557 
f 1558/1/1558 1557/1/1557 1551/1/1551 
f 1596/1/1596 1597/1/1597 1595/1/1595 
f 847/1/847 1598/1/1598 1597/1/1597 
f 847/1/847 846/1/846 1600/1/1600 
f 1598/1/1598 1600/1/1600 1601/1/1601 
f 1594/1/1594 1604/1/1604 1602/1/1602 
f 551/1/551 1602/1/1602 1604/1/1604 
f 549/1/549 1437/1/1437 1602/1/1602 
f 1603/1/1603 1602/1/1602 1437/1/1437 
f 1418/1/1418 1605/1/1605 1603/1/1603 
f 1607/1/1607 1606/1/1606 539/1/539 
f 1609/1/1609 1606/1/1606 1607/1/1607 
f 1585/1/1585 1581/1/1581 1610/1/1610 
f 1611/1/1611 1610/1/1610 1581/1/1581 
f 1593/1/1593 1610/1/1610 1613/1/1613 
f 522/1/522 525/1/525 1617/1/1617 
f 1599/1/1599 1609/1/1609 1619/1/1619 
f 1618/1/1618 1621/1/1621 1613/1/1613 
f 1624/1/1624 1623/1/1623 1596/1/1596 
f 855/1/855 854/1/854 1623/1/1623 
f 862/1/862 1631/1/1631 1628/1/1628 
f 1629/1/1629 1628/1/1628 1631/1/1631 
f 1635/1/1635 1636/1/1636 1634/1/1634 
f 1632/1/1632 1638/1/1638 1637/1/1637 
f 1626/1/1626 1639/1/1639 1637/1/1637 
f 1642/1/1642 1643/1/1643 1640/1/1640 
f 1499/1/1499 1627/1/1627 1643/1/1643 
f 1640/1/1640 1643/1/1643 1627/1/1627 
f 1706/1/1706 1710/1/1710 1707/1/1707 
f 1713/1/1713 1714/1/1714 1711/1/1711 
f 1736/1/1736 1735/1/1735 1737/1/1737 
f 1738/1/1738 1737/1/1737 1741/1/1741 
f 1748/1/1748 1747/1/1747 1254/1/1254 
f 1750/1/1750 1747/1/1747 1748/1/1748 
f 1544/1/1544 1759/1/1759 1757/1/1757 
f 1754/1/1754 1753/1/1753 1757/1/1757 
f 1763/1/1763 1764/1/1764 1761/1/1761 
f 1749/1/1749 1774/1/1774 1773/1/1773 
f 1810/1/1810 1813/1/1813 1814/1/1814 
f 163/1/163 1816/1/1816 1814/1/1814 
f 65/1/65 1806/1/1806 1818/1/1818 
f 64/1/64 1818/1/1818 1819/1/1819 
f 1830/1/1830 1829/1/1829 1832/1/1832 
f 1833/1/1833 1832/1/1832 1843/1/1843 
f 1087/1/1087 1843/1/1843 1832/1/1832 
f 1849/1/1849 1850/1/1850 1847/1/1847 
f 1846/1/1846 1845/1/1845 1851/1/1851 
f 1136/1/1136 1859/1/1859 1858/1/1858 
f 1893/1/1893 1895/1/1895 1894/1/1894 
f 1759/1/1759 1894/1/1894 1895/1/1895 
f 1943/1/1943 1944/1/1944 1941/1/1941 
f 1946/1/1946 1941/1/1941 1944/1/1944 
f 1774/1/1774 1951/1/1951 1950/1/1950 
f 1942/1/1942 1951/1/1951 1952/1/1952 
f 1958/1/1958 1956/1/1956 1150/1/1150 
f 1718/1/1718 1959/1/1959 1958/1/1958 
f 1963/1/1963 1967/1/1967 1968/1/1968 
f 1946/1/1946 1971/1/1971 1969/1/1969 
f 1971/1/1971 1946/1/1946 1945/1/1945 
f 1975/1/1975 1976/1/1976 1973/1/1973 
f 1900/1/1900 1985/1/1985 1984/1/1984 
f 1989/1/1989 1990/1/1990 1987/1/1987 
f 1988/1/1988 1987/1/1987 1991/1/1991 
f 2019/1/2019 2020/1/2020 2017/1/2017 
f 1709/1/1709 2021/1/2021 2017/1/2017 
f 2018/1/2018 2017/1/2017 2021/1/2021 
f 2061/1/2061 2063/1/2063 2059/1/2059 
f 2067/1/2067 2066/1/2066 1980/1/1980 
f 1710/1/1710 2090/1/2090 2021/1/2021 
f 2016/1/2016 2087/1/2087 2090/1/2090 
f 1875/1/1875 1880/1/1880 2095/1/2095 
f 1939/1/1939 1966/1/1966 2140/1/2140 
f 2044/1/2044 2140/1/2140 2141/1/2141 
f 2138/1/2138 2143/1/2143 2142/1/2142 
f 1139/1/1139 2157/1/2157 2155/1/2155 
f 2156/1/2156 2155/1/2155 2157/1/2157 
f 2158/1/2158 2157/1/2157 2159/1/2159 
f 2156/1/2156 2167/1/2167 2166/1/2166 
f 1374/1/1374 2172/1/2172 2170/1/2170 
f 2171/1/2171 2170/1/2170 2172/1/2172 
f 2172/1/2172 2174/1/2174 2177/1/2177 
f 2184/1/2184 2183/1/2183 1479/1/1479 
f 1992/1/1992 1991/1/1991 2191/1/2191 
f 2214/1/2214 2213/1/2213 2006/1/2006 
f 2223/1/2223 2222/1/2222 1907/1/1907 
f 2068/1/2068 2230/1/2230 1984/1/1984 
f 2227/1/2227 2230/1/2230 2231/1/2231 
f 1912/1/1912 2238/1/2238 2237/1/2237 
f 1954/1/1954 2241/1/2241 2240/1/2240 
f 2033/1/2033 2241/1/2241 1954/1/1954 
f 2239/1/2239 2243/1/2243 2242/1/2242 
f 2069/1/2069 2065/1/2065 2247/1/2247 
f 1914/1/1914 2237/1/2237 2248/1/2248 
f 1945/1/1945 1944/1/1944 2253/1/2253 
f 2250/1/2250 2253/1/2253 2254/1/2254 
f 2160/1/2160 2255/1/2255 2254/1/2254 
f 66/1/66 1819/1/1819 2263/1/2263 
f 2075/1/2075 2071/1/2071 2263/1/2263 
f 1830/1/1830 2283/1/2283 2142/1/2142 
f 1731/1/1731 2036/1/2036 2286/1/2286 
f 339/1/339 345/1/345 2287/1/2287 
f 2098/1/2098 2287/1/2287 345/1/345 
f 2101/1/2101 2288/1/2288 2287/1/2287 
f 2096/1/2096 2289/1/2289 1876/1/1876 
f 2153/1/2153 2166/1/2166 2290/1/2290 
f 861/1/861 2295/1/2295 2293/1/2293 
f 2294/1/2294 2293/1/2293 2295/1/2295 
f 2310/1/2310 2314/1/2314 2313/1/2313 
f 2313/1/2313 2314/1/2314 851/1/851 
f 1638/1/1638 2316/1/2316 2313/1/2313 
f 2294/1/2294 2316/1/2316 1638/1/1638 
f 1592/1/1592 2324/1/2324 1584/1/1584 
f 1569/1/1569 2327/1/2327 2326/1/2326 
f 2326/1/2326 2327/1/2327 2328/1/2328 
f 2384/1/2384 2387/1/2387 2381/1/2381 
f 2386/1/2386 2385/1/2385 2391/1/2391 
f 2389/1/2389 2397/1/2397 2396/1/2396 
f 1511/1/1511 2453/1/2453 1505/1/1505 
f 1510/1/1510 1642/1/1642 2455/1/2455 
f 1641/1/1641 1659/1/1659 2455/1/2455 
f 2466/1/2466 2469/1/2469 2463/1/2463 
f 2481/1/2481 2486/1/2486 2479/1/2479 
f 2483/1/2483 2481/1/2481 2480/1/2480 
f 2490/1/2490 2491/1/2491 2488/1/2488 
f 2479/1/2479 2486/1/2486 2491/1/2491 
f 2487/1/2487 2488/1/2488 2491/1/2491 
f 2497/1/2497 2493/1/2493 2492/1/2492 
f 2506/1/2506 2507/1/2507 2504/1/2504 
f 2515/1/2515 2511/1/2511 2510/1/2510 
f 2524/1/2524 2525/1/2525 2522/1/2522 
f 166/1/166 2534/1/2534 2533/1/2533 
f 2541/1/2541 2540/1/2540 2542/1/2542 
f 2459/1/2459 2645/1/2645 2641/1/2641 
f 2646/1/2646 2642/1/2642 2641/1/2641 
f 2681/1/2681 2680/1/2680 192/1/192 
f 2685/1/2685 2686/1/2686 2683/1/2683 
f 2749/1/2749 2748/1/2748 2750/1/2750 
f 2751/1/2751 2750/1/2750 2754/1/2754 
f 2757/1/2757 2753/1/2753 2763/1/2763 
f 167/1/167 2533/1/2533 2771/1/2771 
f 2523/1/2523 2774/1/2774 2773/1/2773 
f 2769/1/2769 2767/1/2767 2782/1/2782 
f 2524/1/2524 2773/1/2773 2790/1/2790 
f 2780/1/2780 2790/1/2790 2773/1/2773 
f 2789/1/2789 2796/1/2796 2795/1/2795 
f 2781/1/2781 2797/1/2797 2796/1/2796 
f 2794/1/2794 2798/1/2798 1882/1/1882 
f 1353/1/1353 2816/1/2816 2815/1/2815 
f 2828/1/2828 2827/1/2827 1488/1/1488 
f 1896/1/1896 1905/1/1905 2829/1/2829 
f 2589/1/2589 2849/1/2849 2848/1/2848 
f 2846/1/2846 2859/1/2859 2858/1/2858 
f 2850/1/2850 2858/1/2858 2859/1/2859 
f 1153/1/1153 2871/1/2871 2870/1/2870 
f 2883/1/2883 2882/1/2882 2876/1/2876 
f 2543/1/2543 2908/1/2908 2907/1/2907 
f 2926/1/2926 2933/1/2933 2932/1/2932 
f 1259/1/1259 1262/1/1262 2934/1/2934 
f 1285/1/1285 2934/1/2934 2936/1/2936 
f 2586/1/2586 2848/1/2848 2938/1/2938 
f 2889/1/2889 2944/1/2944 2943/1/2943 
f 1265/1/1265 1299/1/1299 2944/1/2944 
f 2890/1/2890 2943/1/2943 2946/1/2946 
f 1507/1/1507 3000/1/3000 1485/1/1485 
f 3001/1/3001 3011/1/3011 2828/1/2828 
f 2810/1/2810 3019/1/3019 2559/1/2559 
f 2811/1/2811 3010/1/3010 3019/1/3019 
f 3025/1/3025 3030/1/3030 3028/1/3028 
f 1571/1/1571 2326/1/2326 3036/1/3036 
f 2442/1/2442 3041/1/3041 3040/1/3040 
f 3038/1/3038 3055/1/3055 1572/1/1572 
f 3039/1/3039 3056/1/3056 3055/1/3055 
f 3054/1/3054 3055/1/3055 3056/1/3056 
f 3059/1/3059 3058/1/3058 2576/1/2576 
f 3072/1/3072 3071/1/3071 3021/1/3021 
f 3110/1/3110 3111/1/3111 3108/1/3108 
f 2483/1/2483 3108/1/3108 3111/1/3111 
f 2482/1/2482 3112/1/3112 3108/1/3108 
f 3109/1/3109 3108/1/3108 3112/1/3112 
f 3116/1/3116 3117/1/3117 3114/1/3114 
f 3115/1/3115 3114/1/3114 3118/1/3118 
f 2465/1/2465 2464/1/2464 3120/1/3120 
f 2470/1/2470 3122/1/3122 3120/1/3120 
f 3115/1/3115 3120/1/3120 3122/1/3122 
f 3119/1/3119 3121/1/3121 3120/1/3120 
f 3133/1/3133 3134/1/3134 2693/1/2693 
f 2556/1/2556 3135/1/3135 3138/1/3138 
f 3137/1/3137 3146/1/3146 3148/1/3148 
f 1466/1/1466 3162/1/3162 2994/1/2994 
f 1463/1/1463 3159/1/3159 3162/1/3162 
f 1382/1/1382 2978/1/2978 3164/1/3164 
f 3181/1/3181 3180/1/3180 3182/1/3182 
f 3215/1/3215 3214/1/3214 3181/1/3181 
f 3211/1/3211 3210/1/3210 3214/1/3214 
f 2388/1/2388 3214/1/3214 3210/1/3210 
f 3185/1/3185 3218/1/3218 3221/1/3221 
f 3183/1/3183 3221/1/3221 3268/1/3268 
f 3269/1/3269 3268/1/3268 3221/1/3221 
f 3272/1/3272 3604/1/3604 3267/1/3267 
f 3251/1/3251 3604/1/3604 3272/1/3272 
f 3213/1/3213 3604/1/3604 3251/1/3251 
f 3267/1/3267 3604/1/3604 3213/1/3213 
f 3277/1/3277 3278/1/3278 3271/1/3271 
f 25/1/25 3284/1/3284 3283/1/3283 
f 2643/1/2643 3311/1/3311 2456/1/2456 
f 3336/1/3336 3333/1/3333 3332/1/3332 
f 3345/1/3345 3346/1/3346 3343/1/3343 
f 3336/1/3336 3347/1/3347 3343/1/3343 
f 3353/1/3353 3352/1/3352 3354/1/3354 
f 3361/1/3361 3358/1/3358 3357/1/3357 
f 3355/1/3355 3363/1/3363 3362/1/3362 
f 3372/1/3372 3369/1/3369 3358/1/3358 
f 3386/1/3386 3387/1/3387 3384/1/3384 
f 3371/1/3371 3370/1/3370 3387/1/3387 
f 2466/1/2466 3394/1/3394 3393/1/3393 
f 3433/1/3433 3432/1/3432 3427/1/3427 
f 715/1/715 3436/1/3436 3435/1/3435 
f 3429/1/3429 3440/1/3440 3444/1/3444 
f 2500/1/2500 3605/1/3605 3448/1/3448 
f 3449/1/3449 3605/1/3605 2500/1/2500 
f 3451/1/3451 3605/1/3605 3449/1/3449 
f 3452/1/3452 3455/1/3455 3450/1/3450 
f 3458/1/3458 3462/1/3462 3461/1/3461 
f 3450/1/3450 3461/1/3461 3462/1/3462 
f 3291/1/3291 3463/1/3463 2655/1/2655 
f 3502/1/3502 3499/1/3499 3117/1/3117 
f 3116/1/3116 3122/1/3122 3503/1/3503 
f 3517/1/3517 3518/1/3518 3515/1/3515 
f 44/1/44 58/1/58 3518/1/3518 
f 3518/1/3518 58/1/58 57/1/57 
f 3523/1/3523 3515/1/3515 57/1/57 
f 3515/1/3515 3523/1/3523 3525/1/3525 
f 3531/1/3531 3532/1/3532 3529/1/3529 
f 3530/1/3530 3529/1/3529 3525/1/3525 
f 2506/1/2506 2509/1/2509 3535/1/3535 
f 3539/1/3539 3540/1/3540 3532/1/3532 
f 3287/1/3287 3282/1/3282 3540/1/3540 
f 3286/1/3286 3541/1/3541 2/1/2 
f 3287/1/3287 3542/1/3542 3541/1/3541 
f 3547/1/3547 3544/1/3544 3530/1/3530 
f 3335/1/3335 3559/1/3559 3558/1/3558 
f 3560/1/3560 3559/1/3559 2475/1/2475 
f 2473/1/2473 2471/1/2471 3566/1/3566 
f 3312/1/3312 3566/1/3566 2471/1/2471 
f 3587/1/3587 3588/1/3588 3585/1/3585 
f 3534/1/3534 3589/1/3589 2518/1/2518 
f 3533/1/3533 3587/1/3587 3589/1/3589 
f 3455/1/3455 3591/1/3591 3461/1/3461 
f 3575/1/3575 3576/1/3576 3593/1/3593 
f 3594/1/3594 3593/1/3593 3460/1/3460 
# 3123 polygons - 890 triangles

